Open,High,Low,Close,Volume,Laba_Bersih
0.06505765338113542,0.05893004640543231,0.07080979301517012,0.06508515369565746,0.029374524683784306,0.06684629265991868
0.06600753471409124,0.05893009539355487,0.06985351432540918,0.06461359593943353,0.02960516077743275,0.06684629265991868
0.0636328793632692,0.06891910180406308,0.07080976750068588,0.07168761071523408,0.04970888212046196,0.06684629265991868
0.07645564103390898,0.07177315032518772,0.08037306435383132,0.07404566476417077,0.04106369226822677,0.06684629265991868
0.06885701069166869,0.06321110932437174,0.07320063868850243,0.06885802838427538,0.060653454509978895,0.06684629265991868
0.06885694327954936,0.06416238247417905,0.0741568987451984,0.06980117337092509,0.0479471852417464,0.06684629265991868
0.07123148299272056,0.06463801183074314,0.07415685813073844,0.06932952719209548,0.03957171051869464,0.06684629265991868
0.06790717817753597,0.06178409748107472,0.0746351297389681,0.06885802838427538,0.029054914000301742,0.06684629265991868
0.06743219958488497,0.06273537575505261,0.07367873992397148,0.06744314879619032,0.05590570061243827,0.06684629265991868
0.06553256665983373,0.059405714026909306,0.06841897192524352,0.06367033305597616,0.0756297970388419,0.06684629265991868
0.06363284866713845,0.05892998976173858,0.06889708247889456,0.06649991538693487,0.06531886329692795,0.06684629265991868
0.06740658964201382,0.060331372581454046,0.07219946879833469,0.06551255909743273,0.09025268364808937,0.06684629265991868
0.06358207986507977,0.06033134673883489,0.06979279596524776,0.06456307715737417,0.039812814211147095,0.06684629265991868
0.06406006533468708,0.06224654958330733,0.07123670882309377,0.06836082807239705,0.07113396335251788,0.06684629265991868
0.06836262552785136,0.061288927035464236,0.07364337213910369,0.06788611657656965,0.05612342666756176,0.06684629265991868
0.0683626086604702,0.06224654958330733,0.07460601388849594,0.06836082807239705,0.032042366698967345,0.06684629265991868
0.06740648792140727,0.06224654958330733,0.07412468459343854,0.06836082807239705,0.035972950049874615,0.06684629265991868
0.06549427218802614,0.05937365713000925,0.05824084241998881,0.05506846407620167,0.14982169492197242,0.06684629265991868
0.05210865215355434,0.04692441540311337,0.055834266723407994,0.052220165627035436,0.10188044131954829,0.06684629265991868
0.05019642741083205,0.04309387371469503,0.04235705819410615,0.04177615902841006,0.20174796338908468,0.06684629265991868
0.03681063100545398,0.03734793103848538,0.03658100615515111,0.04130132963577507,0.14087259578446068,0.06684629265991868
0.04015706362853985,0.04022085968144312,0.04717026092399443,0.046048621439260334,0.06120405020707004,0.06684629265991868
0.04541582137395603,0.041657413614362315,0.051502318325406554,0.04842235576360868,0.06290433717280204,0.06684629265991868
0.04541577470029226,0.03878444724868291,0.049576953941681184,0.04557393941763485,0.10475903099065215,0.06684629265991868
0.0425474117873508,0.03878444724868291,0.049576953941681184,0.04557393941763485,0.03844190768778139,0.06684629265991868
0.04541575372335602,0.040699705396029295,0.05150225058374544,0.04699810337931895,0.0395661277993325,0.06684629265991868
0.04637189567127284,0.03974208692298531,0.05053961276529942,0.04557393941763485,0.047130014695113034,0.06684629265991868
0.043025426032412356,0.039742039929271444,0.05005823688229946,0.046048621439260334,0.03797958874060411,0.06684629265991868
0.043503486433057764,0.03926322017709988,0.051020895535067806,0.046048621439260334,0.04810210570404581,0.06684629265991868
0.04493768365510012,0.038784416528934496,0.04620761801893533,0.04225081157583363,0.07150695878990092,0.06684629265991868
0.042547420020061094,0.03591153648672046,0.048614303361356054,0.0436750344859215,0.030584230185568193,0.06684629265991868
0.04302544675493111,0.04022088077962782,0.04909559897889934,0.04462445747757629,0.03636234472538394,0.06684629265991868
0.04589377668162167,0.04357258595963809,0.051983542417233436,0.04889697883683039,0.04081142313705004,0.06684629265991868
0.049240267998722914,0.05027613305705214,0.05583424574010973,0.05364432958871948,0.04441751092503287,0.06684629265991868
0.05497699021889088,0.05267022844615882,0.05968487737662373,0.05791688042217549,0.04459371550490044,0.06684629265991868
0.056889206567949296,0.05027610349025624,0.06257282827994895,0.05696739848211693,0.02751233885655021,0.06684629265991868
0.05402086922752866,0.05267022844615882,0.06064753622076316,0.05791688042217549,0.08216262545242706,0.06684629265991868
0.05688921064377325,0.05075492738940757,0.06257283235504577,0.05601794601626023,0.05539732423052332,0.06684629265991868
0.0521086141570751,0.04788201672460629,0.05872220540199044,0.054119041084546876,0.025778206654685217,0.06684629265991868
0.05449893352470633,0.048839673494902425,0.05920355174168454,0.05364432958871948,0.07766086012678076,0.06684629265991868
0.05019638900344717,0.04548793451655325,0.05679690459770256,0.05364432958871948,0.01696937334114728,0.12891453087423943
0.050196388030043476,0.0435726541236629,0.04765164450726353,0.0436750344859215,0.11107866930859556,0.12891453087423943
0.040635161258883806,0.038305618652124784,0.048132957061034015,0.044149745981748895,0.040697675230046415,0.12891453087423943
0.039679023684252385,0.037347962038097926,0.04717028152023081,0.04462445747757629,0.033686128631157684,0.12891453087423943
0.04063516532087044,0.035432703823350065,0.04620764353730358,0.04320029351589219,0.06063391499221141,0.12891453087423943
0.038722961081870205,0.03399628241830488,0.039469068826474135,0.03797831969078144,0.09207404583998781,0.12891453087423943
0.03681064271270859,0.0354326640940833,0.03946899356770475,0.03845297223820501,0.057375002564561704,0.12891453087423943
0.03872289724133002,0.03303857832017704,0.04139432364512832,0.03892771320823432,0.04480865020034286,0.12891453087423943
0.03442033183226936,0.02968681806763135,0.040912972671391296,0.03702877880231906,0.054032000426519754,0.12891453087423943
0.03681071889230894,0.030165723225107965,0.04283837514540159,0.03797831969078144,0.031297422584081684,0.12891453087423943
0.03633259509990586,0.03303857832017704,0.04139432364512832,0.03892771320823432,0.04703022358651477,0.12891453087423943
0.04063512402918526,0.039742039929271444,0.04717026092399443,0.046048621439260334,0.04831145768012609,0.12891453087423943
0.044459645015598154,0.03734797900967479,0.048132957061034015,0.044149745981748895,0.020618727204186702,0.12891453087423943
0.043025472272841064,0.03974208692298531,0.05053961276529942,0.04557393941763485,0.049473710067331776,0.12891453087423943
0.044459607234348636,0.03926322017709988,0.051020895535067806,0.046048621439260334,0.025734940579628628,0.12891453087423943
0.04493767159608972,0.038305584647370716,0.05150222883510433,0.045099168973403686,0.02872692923777597,0.12891453087423943
0.04350352407641958,0.03878443847334978,0.05053960404003141,0.044149745981748895,0.04103961679097754,0.12891453087423943
0.04302541597391704,0.03734793103848538,0.04524493369558727,0.04130132963577507,0.057293355293890395,0.12891453087423943
0.039679002208261066,0.03830557962872483,0.0442822839505331,0.042725523071661026,0.045362037257115066,0.12891453087423943
0.03872297370811037,0.03447511510531309,0.044763705683356164,0.04177615902841006,0.03502249207847014,0.12891453087423943
0.043025518846631,0.03830567448726063,0.04813301216830604,0.04177615902841006,0.04825214128690334,0.12891453087423943
0.04254745827568426,0.03639039479628692,0.04813301216830604,0.04177615902841006,0.02511351413063033,0.16573972267417594
0.04015711751694159,0.037826815895956045,0.04524499737203205,0.0436750344859215,0.03806612089071729,0.16573972267417594
0.040635161258883806,0.036390339367224744,0.048132957061034015,0.044149745981748895,0.015942501898473502,0.16573972267417594
0.042069359519437216,0.03639035633902937,0.04813297393430979,0.0436750344859215,0.0314048899318029,0.16573972267417594
0.04111324209605663,0.0359115400967665,0.042357024325524045,0.03607938528486618,0.0453376128599057,0.16573972267417594
0.03872288432949092,0.032559745559718745,0.04043165222762188,0.03845297223820501,0.052317058822462126,0.16573972267417594
0.03394227144488479,0.02872917858985219,0.03946898473229363,0.03702877880231906,0.04090109556680442,0.16573972267417594
0.03585459779752828,0.03160218292255679,0.04331970461953408,0.03797831969078144,0.029893019744543135,0.16573972267417594
0.03681073142432342,0.03447511510531309,0.044282376185506095,0.04177615902841006,0.037013778290953744,0.16573972267417594
0.04159129901881334,0.03639035633902937,0.04813297393430979,0.0436750344859215,0.02919308630451473,0.16573972267417594
0.040157155420950635,0.033517475259826235,0.04620769417690604,0.04177615902841006,0.042878773900842805,0.16573972267417594
0.04206930420201202,0.034953841376811234,0.04380095462605707,0.042725523071661026,0.06278849574603762,0.16573972267417594
0.04254740771590146,0.04117854226656836,0.048614291041379626,0.046523391883491555,0.025910447319575928,0.16573972267417594
0.04589378843628486,0.03878440042492831,0.05005823688229946,0.046048621439260334,0.013277102323011396,0.16573972267417594
0.04063510112940097,0.03399617992457937,0.04235694511614599,0.04082658866574576,0.04467257141589068,0.16573972267417594
0.034898457328499694,0.028250424186735623,0.036581072918286855,0.03228156068433849,0.07883043983314926,0.16573972267417594
0.031073940847810066,0.026813931778586264,0.03176774680791691,0.02943315907546562,0.05717925846692664,0.16573972267417594
0.02868365759917399,0.02633513137149951,0.03465574206653163,0.028483721346709873,0.03265960610844404,0.16573972267417594
0.030117829312805683,0.026813941300062205,0.03561839115664714,0.03418045087895091,0.08086324752088879,0.16573972267417594
0.029639727958424733,0.02872917858985219,0.037062338167130976,0.03702877880231906,0.04271687503934072,0.16573972267417594
0.03681071889230894,0.03160218292255679,0.04091305724887159,0.03797831969078144,0.031202167434965157,0.16573972267417594
0.03681068596146789,0.040220906760136566,0.042838342176353045,0.04557393941763485,0.0516293375810384,0.16573972267417594
0.04445958662424562,0.04117847824159093,0.05198353343680348,0.047472785400944434,0.04635471454369573,0.16573972267417594
0.04445964962792523,0.03926326294794824,0.04957694984992703,0.046523391883491555,0.019024511906335365,0.16573972267417594
0.04350357909255023,0.04022095384792074,0.04957700033640408,0.04842235576360868,0.017888079596179576,0.16573972267417594
0.047327968588264074,0.04117849813036506,0.045244942599485055,0.042725523071661026,0.03671963876456095,0.16573972267417594
0.03489842988369471,0.02872921645661214,0.038025034068389085,0.03512990334480759,0.10383509093621784,0.16573972267417594
0.028205608400648674,0.028250422353841065,0.035618412253654835,0.03607938528486618,0.07141623960026612,0.16573972267417594
0.03585451299442269,0.029207998328741824,0.041875631297456334,0.03702877880231906,0.0222331798597258,0.16573972267417594
0.03585451985710178,0.03016564471900779,0.03706234490725546,0.03180677550300634,0.07132238013099013,0.16573972267417594
0.02820557541133506,0.02298337060673203,0.03176774408608754,0.026584786940794608,0.05724729785915273,0.16573972267417594
0.025337248207088936,0.018195208170642407,0.024066508612417548,0.018514440981012847,0.08869929198557369,0.16573972267417594
0.013863769412623017,0.008618784132165436,0.01636521146650116,0.010918762305755614,0.07664934116235288,0.16573972267417594
0.0004780638196600906,0.0019152935053137476,0.0,0.0,0.1207919031588003,0.16573972267417594
0.0023903385073950345,0.004309426797260735,0.007701302601127946,0.006171499976472206,0.12851140835680053,0.16573972267417594
0.009083152021651886,0.002872933531054167,0.01010791692757762,0.010444021335726306,0.07257988766731235,0.16573972267417594
0.014819905091306207,0.019152835462527107,0.022141178940948553,0.024685896746182212,0.07919680579128975,0.16573972267417594
0.028205578157419864,0.022025733778582163,0.03369306430577157,0.02943315907546562,0.07573726438656311,0.16573972267417594
0.02820551499882784,0.022025670273525283,0.033211671959428396,0.03038255259291847,0.0686165058401525,0.16573972267417594
0.028205646370812604,0.021068162500324256,0.028879837370306777,0.02421121472455673,0.03589444305884451,0.2254387342850116
0.01577603795014293,0.013407009525125219,0.023103849733710963,0.018514440981012847,0.0745551235616298,0.2254387342850116
0.020078535484953447,0.013406962274646383,0.024066461877313178,0.01898912300263833,0.03079602460136941,0.2254387342850116
0.01721014722432407,0.010055198094117673,0.02262244812859826,0.018039641062579742,0.035187880139573566,0.2254387342850116
0.015775961541497296,0.008618734349594814,0.01780915070380823,0.011868170560309421,0.024857057959931983,0.2254387342850116
0.008605110478601602,0.004788231859770814,0.014439900037579584,0.009494583606970586,0.04618548836303084,0.2254387342850116
0.010039237266230794,0.0052669963954993515,0.017327821422100737,0.011868170560309421,0.037214058348070546,0.2254387342850116
0.009083116553686377,0.0052669963954993515,0.014921175013563048,0.011868170560309421,0.04405498308645385,0.2254387342850116
0.0119514786913196,0.004788176687771428,0.017327821422100737,0.011868170560309421,0.03142547620945079,0.2254387342850116
0.011951538889667351,0.007182336148440049,0.017809210934973535,0.015191327876312555,0.025007791382709785,0.2254387342850116
0.011951551267478072,0.006703528815883653,0.01588390558376504,0.012342970478742527,0.026751693343458522,0.2254387342850116
0.010039272883850148,0.003351753313727862,0.015402539855085051,0.010444021335726306,0.046603145555311,0.2254387342850116
0.010995422392204274,0.009097620057738093,0.017809215422011887,0.017564973778055215,0.0402639677196001,0.2254387342850116
0.013863795898753667,0.010055270473263156,0.02021587309759129,0.018514440981012847,0.06939180599156981,0.2254387342850116
0.013863804189503365,0.009097639133862634,0.019734551953938473,0.016615536049299495,0.03294572047575376,0.2254387342850116
0.012907641059710484,0.008618776590968574,0.02021583905303065,0.016140765605068302,0.041082533946074,0.2254387342850116
0.010517346205755868,0.004788225654234257,0.01636521146650116,0.010918762305755614,0.06331606272575993,0.2254387342850116
0.010517352362727966,0.004309412037101196,0.01395857064032796,0.009494583606970586,0.04971795403942544,0.2254387342850116
0.00717089548576999,0.0,0.008663914324426036,0.00332308363049838,0.034502950257830914,0.2254387342850116
0.0,0.004309388839838807,0.005775948882630388,0.01139347380158301,0.04749219361373192,0.2254387342850116
0.011951553847364516,0.013407009525125219,0.017327896461471676,0.018514440981012847,0.06370720200106993,0.2254387342850116
0.01768825788126377,0.014364626738573943,0.019253192490568283,0.013292408207498246,0.034800230063864915,0.26206492986084373
0.011951527580127436,0.01149170299061375,0.01684654085075682,0.010918762305755614,0.030249964863760012,0.26206492986084373
0.017688213882895515,0.02011041871317107,0.022622454400140934,0.02373638533192174,0.0772896092891984,0.26206492986084373
0.023424965807589238,0.025377464203242994,0.030805080139356844,0.03133206400717897,0.09869864020308816,0.26206492986084373
0.031073973242926378,0.027771604324337895,0.037543731792662766,0.03228156068433849,0.08504958920257413,0.26206492986084373
0.03298619211163359,0.030644499844878825,0.038987696905268515,0.03418045087895091,0.056267530611097016,0.26206492986084373
0.03728875803815798,0.032080981225303784,0.042357024325524045,0.03607938528486618,0.10342266754333969,0.26206492986084373
0.03585454739119634,0.035432690295753355,0.04331965386852901,0.039402454178263574,0.10810482448837516,0.26206492986084373
0.038722899656918025,0.03160212140003715,0.03706236180310804,0.03133206400717897,0.060127283210097124,0.26206492986084373
0.0310739158537727,0.026813906455997516,0.03706234490725546,0.03180677550300634,0.07832799509055659,0.26206492986084373
0.031073960025567338,0.023941032186803046,0.03369308324333939,0.028483721346709873,0.05634464192228659,0.26206492986084373
0.027249507944502593,0.029208083426808806,0.034655774085149166,0.034655221323182106,0.05281810788521426,0.26206492986084373
0.036332637023683306,0.029686881930639564,0.04139436545811423,0.03607938528486618,0.05339836177891677,0.26206492986084373
0.03681064271270859,0.03351738507117363,0.04428228686729077,0.03845297223820501,0.03384558505293883,0.26206492986084373
0.039679073664697334,0.03351745396198813,0.04524501400962541,0.039877224622494795,0.028819044107251293,0.26206492986084373
0.04589377826705385,0.03878439023954444,0.04668892161899332,0.04130132963577507,0.038097523687129334,0.26206492986084373
0.043503507193599494,0.03782678182835281,0.049576928343566445,0.04462445747757629,0.05060107045852409,0.26206492986084373
0.04159126543892597,0.037347962038097926,0.04717028152023081,0.04462445747757629,0.029238794819292258,0.26206492986084373
0.03920098388953594,0.03782680296714591,0.04668897294067678,0.04320029351589219,0.03625941333714447,0.26206492986084373
0.043025457681898444,0.037826792853002,0.03850636345324274,0.03512990334480759,0.050962551537222706,0.26206492986084373
0.03585448020717549,0.02872914575052571,0.03658097671465593,0.03038255259291847,0.04656685787945708,0.26206492986084373
0.027249463335745655,0.022025739910891656,0.03224908223931111,0.028008980376680592,0.059528536558507525,0.26206492986084373
0.029161704379080305,0.028250396646275933,0.03658104591382791,0.03512990334480759,0.04276363031399865,0.26206492986084373
0.03585457268822892,0.035911536153950874,0.04331967933854,0.04035193611832219,0.05718833038589012,0.26206492986084373
0.040635123005761414,0.037826759878451466,0.04476361327500902,0.042725523071661026,0.04079188361928254,0.26206492986084373
0.04541572699326332,0.03830557962872483,0.04717025989738896,0.042725523071661026,0.020135124139441254,0.26206492986084373
0.04063520327143147,0.03351746251915522,0.03898773935234165,0.034655221323182106,0.026069903741357075,0.26206492986084373
0.03107394967602853,0.028729219990872246,0.037062378764321585,0.030857352511351577,0.0475487186472736,0.26206492986084373
0.030117795053106855,0.02633508670413892,0.03706234490725546,0.03180677550300634,0.030215072867746634,0.26206492986084373
0.030595855453439763,0.02968682496714914,0.038025003559394505,0.03180677550300634,0.018839235407504318,0.26206492986084373
0.03021180790780495,0.025481801262040693,0.03763832993783886,0.03190215402035998,0.02729007684194498,0.26206492986084373
0.029251546852494925,0.02307744027293765,0.03280447673769721,0.03142533511909662,0.025400675257820447,0.26206492986084373
0.034052599871432804,0.030771268746729308,0.041505384824917696,0.0357161746948326,0.05437429090741101,0.26206492986084373
0.034532703525944036,0.031252135121267455,0.0405386360164475,0.034762684263315385,0.024315185261844192,0.26206492986084373
0.03405253822033902,0.02932863186845347,0.038605052835203685,0.03237886976191667,0.05960529894973696,0.26206492986084373
0.03117199311410168,0.028847802149722657,0.03763832404063533,0.03619289043638926,0.03570672412029253,0.26206492986084373
0.03693317502317647,0.031252128515231126,0.04295552171766001,0.03905342067934467,0.036525639266726556,0.26206492986084373
0.036933118188285846,0.036060652023745976,0.044405599817032265,0.04239060771545297,0.06606136497209268,0.26206492986084373
0.041254032961730996,0.03702242422969093,0.04827268210581223,0.042867411879615375,0.0359097955370904,0.26206492986084373
0.04365444720675085,0.038945792529544276,0.049239375288565784,0.043344098146970184,0.05924556247083901,0.26206492986084373
0.043654476938946224,0.036541532003400046,0.04150535102840794,0.03619289043638926,0.016230011945623755,0.26206492986084373
0.03405268021680749,0.027405342113188957,0.027487486541592304,0.021413774010771713,0.24856220552027664,0.26206492986084373
0.02637102265287708,0.03125207681450731,0.0337712818053334,0.03809987129942369,0.10101930685793807,0.3020805376990179
0.03741327062193603,0.03365641943021097,0.041505386394766225,0.03905342067934467,0.04864676976181467,0.3020805376990179
0.035972983825657584,0.031732986698226995,0.0419887648357308,0.03905342067934467,0.026904869205957263,0.3020805376990179
0.03789336463770418,0.030771268746729308,0.041505384824917696,0.0357161746948326,0.032051438617930826,0.3020805376990179
0.035972995853844586,0.03173299888242059,0.04295553380515796,0.03762318503206888,0.034331630557405214,0.3020805376990179
0.033572520393339106,0.03173300158958614,0.039571887207858564,0.03380919383179817,0.036816289593518015,0.3020805376990179
0.03261232914013576,0.025481844848114554,0.04005526567685583,0.03380919383179817,0.0,0.3020805376990179
0.030211834294820716,0.03461813333747693,0.03763835650528621,0.042867411879615375,0.05307735541559368,0.3020805376990179
0.040773895699068946,0.03365637524595666,0.04005520805951521,0.037146380867906476,0.0416802338377832,0.3020805376990179
0.032132176397337786,0.02884779423726541,0.038605072984293304,0.037146380867906476,0.03320357232629264,0.3020805376990179
0.033092383110757545,0.02884781012258042,0.04053860220503405,0.03523940000487208,0.0330018965893353,0.3020805376990179
0.03933359564590497,0.03557979394815591,0.04488897815002793,0.04239060771545297,0.0489185784107589,0.3020805376990179
0.04749525940070734,0.040388415167123104,0.05068955815793538,0.0447743927426498,0.08001955905728525,0.3020805376990179
0.040773952069245806,0.03461814811729763,0.043922290732960084,0.03762318503206888,0.06342457683336154,0.3020805376990179
0.03501272380067452,0.032213774764906444,0.04247207397859645,0.036669606177945985,0.024122930363810465,0.3020805376990179
0.03597294053144054,0.03077122664074189,0.04295547820995896,0.037146380867906476,0.04298728800844442,0.3020805376990179
0.03501272380067452,0.03077120060909405,0.04198869566937727,0.036669606177945985,0.03171124165680037,0.3020805376990179
0.034052568301554204,0.03269466912264524,0.041505353039167664,0.03953013642090139,0.04566699330227201,0.3020805376990179
0.03597293269115334,0.032694651072496805,0.043438848674468095,0.03809987129942369,0.03988399388301439,0.3020805376990179
0.03693317502317647,0.038465001260170884,0.0444056570405538,0.03905342067934467,0.050846710110458285,0.3020805376990179
0.03549290023230442,0.03317557349985911,0.04247215534125695,0.03762318503206888,0.05406828810237367,0.3020805376990179
0.03597297193236618,0.03557983993415886,0.04343888818400812,0.04048365632662046,0.06741761685713277,0.3020805376990179
0.038373418115254715,0.03461809144769479,0.043438856568366296,0.037146380867906476,0.07353139239859723,0.3020805376990179
0.03405262009588625,0.027886140000528192,0.03957189128034819,0.03333244861603957,0.10240556585954966,0.3020805376990179
0.0311720462896051,0.026924423563181532,0.038605134326690355,0.03333244861603957,0.08780221876806969,0.3020805376990179
0.031171966864717515,0.024520052765195477,0.0347380277790994,0.028564878561645968,0.05300233762416491,0.3020805376990179
0.030211809829951863,0.02932866825353536,0.03763833187312923,0.03523940000487208,0.060079481175558794,0.3020805376990179
0.036453010204400865,0.03077120060909405,0.04247207397859645,0.036669606177945985,0.053445465973534834,0.3020805376990179
0.03213223351353403,0.0278861359025267,0.03908850873886141,0.03380919383179817,0.08319193933482177,0.3020805376990179
0.03405262009588625,0.027886140000528192,0.03957189128034819,0.03333244861603957,0.04768061039220418,0.3020805376990179
0.02925155018508374,0.02692430760280684,0.03618812782144451,0.03285558550347337,0.05674624879640059,0.3020805376990179
0.0330924166925424,0.026924411362756917,0.038605122202753,0.034762684263315385,0.038179519877760776,0.3020805376990179
0.03213223351353403,0.0264435612698794,0.03908850873886141,0.03380919383179817,0.05280973380617105,0.3020805376990179
0.03309234726408075,0.02596262543323502,0.038605052835203685,0.03237886976191667,0.05369040778554877,0.3020805376990179
0.0330924288271259,0.026924423563181532,0.038605134326690355,0.03333244861603957,0.04990323053825649,0.3020805376990179
0.03597298225456849,0.02932869420668216,0.040055249511011554,0.0357161746948326,0.039662080788369296,0.3020805376990179
0.0330924288271259,0.027886140000528192,0.03908851280351924,0.03333244861603957,0.03987666656385158,0.3020805376990179
0.034052574204359504,0.02884781012258042,0.041021980593684865,0.03523940000487208,0.08533081869044197,0.3020805376990179
0.03405256630445044,0.030290376497287164,0.04150535102840794,0.03619289043638926,0.08846795805200498,0.3020805376990179
0.03597295639156331,0.02932866825353536,0.039088467039081615,0.03523940000487208,0.12260907831117714,0.3020805376990179
0.0340526133676842,0.02932870785335645,0.039088506093949676,0.03762318503206888,0.06236665151423586,0.018886346342697737
0.03645305193836426,0.02932866825353536,0.041021980593684865,0.03523940000487208,0.06743296933537865,0.018886346342697737
0.03213225905156636,0.026924445256117258,0.03908853440207263,0.03428596852175869,0.045519400159135415,0.018886346342697737
0.03213218417755126,0.029809518381432365,0.039571837534521676,0.03619289043638926,0.05783278555225725,0.018886346342697737
0.034052552869350966,0.036060659943181195,0.04150533750144067,0.04143711728393576,0.18502074050027026,0.018886346342697737
0.03981374861573331,0.03317556124721499,0.04343890015862459,0.03905342067934467,0.03804379001326873,0.018886346342697737
0.036933179032600766,0.032694707125473677,0.044405661077394104,0.03857667546358609,0.04815200125834494,0.018886346342697737
0.03597294653435698,0.035579813821305706,0.04343886261233007,0.04000688163665997,0.11136548151582554,0.018886346342697737
0.03933365706422284,0.03557985626891136,0.044405661077394104,0.03857667546358609,0.08448224534739657,0.018886346342697737
0.03981371075941301,0.033656381372280386,0.04585575446160109,0.04000688163665997,0.04497752746104762,0.018886346342697737
0.038373475356392156,0.035099007741141997,0.045855805992949,0.040960431016581006,0.0701597788238243,0.018886346342697737
0.03981376222886343,0.034137291324274066,0.0463391844594849,0.040960431016581006,0.05331950586792653,0.018886346342697737
0.041734144725491834,0.03606072415800993,0.0473059413925567,0.040960431016581006,0.10225343675693133,0.018886346342697737
0.037893407160125764,0.030771311336693585,0.03812177736518338,0.03428596852175869,0.10307933030256804,0.018886346342697737
0.03261224646113062,0.02980948450521914,0.0395718041232814,0.036669606177945985,0.038840374282254196,0.018886346342697737
0.03597295639156331,0.030290384515445246,0.040055223816383295,0.03523940000487208,0.06454460990539104,0.018886346342697737
0.03261232914013576,0.0278861359025267,0.03715499486287266,0.03380919383179817,0.05917647631873252,0.018886346342697737
0.0340526079148101,0.02884784414431718,0.04005525756302389,0.034762684263315385,0.05164573681916469,0.018886346342697737
0.03501275547809299,0.03461809759679302,0.04247210587262171,0.04000688163665997,0.09851755074377871,0.018886346342697737
0.04173407310352409,0.03509893587256585,0.04682249148201076,0.04239060771545297,0.09688600101019307,0.018886346342697737
0.041254049101334705,0.03557986594957596,0.0463391844594849,0.040960431016581006,0.05554142817405858,0.04597738868277453
0.0422141426800082,0.035579767943974494,0.04585570910961265,0.04191383302549248,0.08797632982817645,0.04597738868277453
0.04029377886726068,0.0355797861017515,0.04778924033323664,0.043344098146970184,0.08029171662618961,0.04597738868277453
0.04365446913755214,0.038464956595579414,0.049722775566001826,0.04429761805268931,0.07142182231962826,0.04597738868277453
0.04365446913755214,0.03750324039259689,0.0492393972069691,0.04429761805268931,0.07370794589842493,0.04597738868277453
0.041734144725491834,0.03606072415800993,0.0434389136602695,0.040960431016581006,0.07684752769970887,0.04597738868277453
0.038373475356392156,0.0336564331158401,0.042472156727197646,0.040960431016581006,0.07611584254330829,0.04597738868277453
0.03981376222886343,0.032694716698972226,0.0473059413925567,0.040960431016581006,0.0,0.04597738868277453
0.03981376222886343,0.032694716698972226,0.0473059413925567,0.040960431016581006,0.0,0.04597738868277453
0.04317437362016821,0.03654152418961426,0.0492393972069691,0.04429761805268931,0.04889903889299141,0.04597738868277453
0.043654494883025446,0.03702240812487434,0.04972280134457027,0.0447743927426498,0.05028494897464287,0.04597738868277453
0.04509470258908696,0.0413500513389527,0.05165623573389874,0.04715805987303898,0.08748888864386953,0.04597738868277453
0.04461469971159296,0.04279271990892175,0.050206193443026875,0.04668140307988608,0.0844072275559678,0.04597738868277453
0.04557487893257042,0.04231184958242523,0.05213969517435155,0.04811163872716187,0.03225695247444964,0.04597738868277453
0.04653503034851794,0.03942666088633229,0.050689520461808385,0.0457278536999651,0.03310133877797344,0.04597738868277453
0.0446147021212254,0.03750328240813372,0.04778930366942466,0.042867411879615375,0.036376999363709556,0.04597738868277453
0.03981371472798692,0.03365638536198956,0.04440562330302092,0.03953013642090139,0.05109200084243235,0.04597738868277453
0.038373392076035934,0.031252058661031534,0.04053856074171977,0.036669606177945985,0.041751413509650497,0.04597738868277453
0.03549289474821174,0.029328702339707302,0.04102201446987111,0.034762684263315385,0.061983886317969084,0.04597738868277453
0.03453269546721674,0.033656417826823715,0.04198876326288639,0.0357161746948326,0.09566408330980448,0.04597738868277453
0.03741327062193603,0.031252128515231126,0.04295552171766001,0.03905342067934467,0.0753325172328079,0.04597738868277453
0.037893366220695474,0.031252128515231126,0.04343890015862459,0.03905342067934467,0.0515023307155497,0.07889288632225194
0.04029381026352294,0.03317552724231737,0.04537238005763869,0.03953013642090139,0.034634144162841225,0.07889288632225194
0.038373428121378755,0.03365638536198956,0.04537238005763869,0.03953013642090139,0.058409550246358424,0.07889288632225194
0.037893407160125764,0.033175602637053714,0.04053866995740654,0.03428596852175869,0.062291982642767224,0.07889288632225194
0.03597295639156331,0.02980952638449036,0.04150535898233573,0.03523940000487208,0.07070409396163303,0.07889288632225194
0.0340526079148101,0.02884784414431718,0.04102201446987111,0.034762684263315385,0.049179221620978854,0.07889288632225194
0.03357251230367622,0.026443553167366907,0.04102201446987111,0.034762684263315385,0.0,0.07889288632225194
0.03213225905156636,0.027405303516189305,0.03908853440207263,0.03428596852175869,0.03958636515702026,0.07889288632225194
0.03309245040299294,0.025962728735973162,0.04053866995740654,0.03428596852175869,0.0,0.07889288632225194
0.03309245040299294,0.025962728735973162,0.04053866995740654,0.03428596852175869,0.0,0.07889288632225194
0.03512515964426252,0.02799866673424206,0.04258527864642206,0.03630450923899067,0.0,0.07889288632225194
0.03512515964426252,0.02799866673424206,0.04258527864642206,0.03630450923899067,0.0,0.07889288632225194
0.03512515964426252,0.02799866673424206,0.04258527864642206,0.03630450923899067,0.0,0.07889288632225194
0.034641179613525835,0.02993771066488521,0.04161068996861381,0.03726575138560803,0.0483693783935083,0.07889288632225194
0.03609314893367668,0.029452952121754916,0.04161068996861381,0.03726575138560803,0.04367500924986814,0.07889288632225194
0.03609319823254872,0.029937760230526134,0.04258533790221028,0.037746416670219524,0.027399986629387127,0.07889288632225194
0.03609314893367668,0.029452952121754916,0.04014879223800252,0.03726575138560803,0.04332120441029247,0.07889288632225194
0.03512511002298588,0.02799861703414691,0.037224938266450014,0.03438199547155413,0.09053600665571802,0.07889288632225194
0.03318920062538436,0.02799866673424206,0.04014878252269502,0.03630450923899067,0.04479120420233617,0.07889288632225194
0.03657704920847857,0.030422379225785612,0.041610600716246365,0.03582381448017727,0.04804906987010547,0.07889288632225194
0.034641169889542994,0.02945294230755169,0.04161068019693123,0.03630450923899067,0.042569281896204125,0.07889288632225194
0.03609314893367668,0.029452952121754916,0.04112339072507673,0.03726575138560803,0.018177334243130498,0.07889288632225194
0.03657712890842116,0.030422459356424736,0.04209797942167667,0.03630450923899067,0.05737953852404344,0.07889288632225194
0.03512516938690943,0.02896819357862468,0.042097989212150994,0.03726575138560803,0.052718316776615995,0.07889288632225194
0.03609319823254872,0.03090727750524913,0.04258533790221028,0.037746416670219524,0.06381466934879114,0.07889288632225194
0.03512513976300316,0.03284623168429668,0.04258525862921678,0.038707570394231144,0.1104875988961289,0.07889288632225194
0.03706110854200381,0.03284624172576045,0.04355986694431527,0.03822696405802342,0.06383839590608023,0.07889288632225194
0.036093129071048086,0.030907207705103412,0.04355986694431527,0.03822696405802342,0.03018820603081633,0.07889288632225194
0.034157170129136744,0.030907207705103412,0.04161067012282668,0.03822696405802342,0.05281671220537373,0.07889288632225194
0.03609305960556844,0.0289681041086276,0.04063600257245045,0.03582381448017727,0.05867228697633917,0.07889288632225194
0.034641100614428405,0.027998597215913856,0.03966141421851346,0.03534320814396957,0.04524026419102837,0.07889288632225194
0.03222114278228738,0.02799858736385563,0.039661404428654484,0.03582381448017727,0.046595469316188055,0.07889288632225194
0.03415715056745708,0.027513878538523773,0.040636052092393876,0.03486263128196376,0.07388833751781411,0.07889288632225194
0.03318912198810767,0.027513828991469647,0.04063600257245045,0.03582381448017727,0.04745590593787801,0.07889288632225194
0.03415718984014213,0.02896819357862468,0.04014879223800252,0.03726575138560803,0.02215537070861596,0.07889288632225194
0.0351251299631756,0.028483395473495543,0.04112335125989011,0.03486263128196376,0.048260515365946555,0.07889288632225194
0.034157110992674516,0.027513838824654246,0.03917411512764293,0.03534320814396957,0.05872357821047884,0.07889288632225194
0.035609070002658366,0.028483345736241672,0.039661404428654484,0.03582381448017727,0.029347657846854003,0.07889288632225194
0.034157110992674516,0.027513838824654246,0.03966141421851346,0.03534320814396957,0.05639349071670532,0.07889288632225194
0.03464111097772862,0.032846191727422314,0.04112332188523418,0.039188147256236955,0.06931643928018091,0.07889288632225194
0.03996498645372101,0.032846181128510565,0.041610610581995694,0.03534320814396957,0.11215962334509007,0.07889288632225194
0.03609311919626887,0.03042243925284993,0.04258525862921678,0.038707570394231144,0.057514570548615224,0.14966593055114283
0.036093129071048086,0.030907207705103412,0.04307256773894316,0.03822696405802342,0.061931199403988876,0.14966593055114283
0.03512521849761782,0.029937760230526134,0.042098038563947976,0.037746416670219524,0.037571352387247556,0.14966593055114283
0.036577188100014174,0.03090727750524913,0.04307263724047258,0.037746416670219524,0.07390124755633905,0.14966593055114283
0.03706112848044393,0.02993771066488521,0.04307258769922526,0.03726575138560803,0.06117648553021947,0.14966593055114283
0.035609159160293086,0.029452952121754916,0.04161068996861381,0.03726575138560803,0.06251215113761166,0.14966593055114283
0.034641100614428405,0.027998597215913856,0.04063601240025458,0.03534320814396957,0.047086399700096315,0.14966593055114283
0.03367318073353617,0.027029140004862284,0.03966147364156139,0.03390141860954832,0.05438126930661369,0.14966593055114283
0.0312532173561918,0.02605960815864411,0.03673766372335041,0.03101770690679731,0.05289521919640383,0.14966593055114283
0.028349293749556526,0.024120589084944022,0.03527578090130917,0.03245957012672329,0.05486452345139901,0.14966593055114283
0.03125323205287264,0.026059622993221843,0.037712276817435386,0.03390141860954832,0.024782040168503217,0.14966593055114283
0.03318913174916674,0.027513838824654246,0.04014871330938405,0.03534320814396957,0.034655428280409385,0.14966593055114283
0.034157180478630006,0.027513908554820443,0.038686885190622106,0.03342081227334062,0.042360278840083976,0.14966593055114283
0.03222119177602023,0.026059603136066034,0.0362503595849272,0.031978934316313684,0.032286959591021146,0.14966593055114283
0.030769222682442532,0.02509008620109421,0.0362503595849272,0.031978934316313684,0.06260461492704711,0.14966593055114283
0.030769252190965102,0.02848342560501793,0.038199585965211,0.03342081227334062,0.04198623664282054,0.14966593055114283
0.032221172065028114,0.027513858604921282,0.03868683565355649,0.03438199547155413,0.021111053267935498,0.14966593055114283
0.03173720706373179,0.02605960815864411,0.034301167837134355,0.03101770690679731,0.0606307747125702,0.14966593055114283
0.027381333908443606,0.02363585051369696,0.03478850146089085,0.031498357454307874,0.03092547390657905,0.14966593055114283
0.030769173973557024,0.029452862481013586,0.0381995072129607,0.03582381448017727,0.08503598132412891,0.14966593055114283
0.03706110831883777,0.03284624149969029,0.044534465130367545,0.04111066102367353,0.13967056652179974,0.14966593055114283
0.041900965834439724,0.03575475248104476,0.04697092142190715,0.04159123788567934,0.13033591082834017,0.14966593055114283
0.04141698602943403,0.0362395208565357,0.04550903382483959,0.03966878306664659,0.08841317761826398,0.19804548499265687
0.04093294763489211,0.038663263393816316,0.04648358344107964,0.0449555117133352,0.13752540660689713,0.19804548499265687
0.04577286417302076,0.04399562643505894,0.05233119284648355,0.04976169297221991,0.13303759807965618,0.19804548499265687
0.04964476153677841,0.04302608993389673,0.05622956590074027,0.05072290564463536,0.09667211307463104,0.19804548499265687
0.05158078961980225,0.045449951816461054,0.057691532898131254,0.051684206739656485,0.10355525712819054,0.19804548499265687
0.050128820366836,0.04690422716506598,0.05769153279159503,0.054567903705306536,0.13670195550098135,0.19804548499265687
0.05158080926509237,0.04641948860525924,0.057691552571029175,0.053606691032891146,0.08096548106920799,0.19804548499265687
0.05351674816796173,0.05272132877452557,0.06110262687960663,0.060335297636606694,0.13654319691912048,0.19804548499265687
0.060292574601400944,0.05562984979959579,0.06743748655433643,0.06321896512805489,0.09919724682611936,0.19804548499265687
0.06368055176695844,0.05950796737622288,0.07084863025851293,0.0651414788954914,0.14157183138456883,0.19804548499265687
0.06319651268567686,0.05805364206897928,0.0659755892566998,0.06466081361087991,0.0778140359892795,0.19804548499265687
0.06368051222611618,0.0575688935619833,0.0684120947642087,0.06418020727467219,0.0777634425950601,0.19804548499265687
0.06368054216557087,0.05659940664819246,0.06500103018165279,0.061296539783224,0.09638425410752066,0.19804548499265687
0.061744592771527745,0.05902320885765755,0.06889943338313917,0.0651414788954914,0.14528922463983435,0.19804548499265687
0.06319655232928265,0.056114648042057735,0.06695022688724886,0.06273838826604908,0.06606450525173388,0.19804548499265687
0.06319651258315087,0.0585384003987795,0.06987398221947624,0.06321896512805489,0.0807219349370346,0.19804548499265687
0.06077657438858006,0.06532502902639542,0.06841209501317028,0.07138944968879737,0.1542861258118844,0.23587568197664305
0.07045634847315449,0.06580976774167757,0.0771834601192202,0.07379251084403785,0.11086931733251527,0.23587568197664305
0.0728763363064078,0.06677932436392237,0.07913269625268896,0.07331193398203203,0.0805052556417915,0.23587568197664305
0.07287629671510817,0.06726404299549416,0.0801072548253575,0.07379251084403785,0.09201682296652587,0.23587568197664305
0.07384429593097849,0.07065737213692042,0.08059457393171157,0.07571499513727245,0.12278039801160284,0.23587568197664305
0.07578025465689428,0.07162688903907954,0.08010727478070764,0.07571499513727245,0.055250777847267125,0.23587568197664305
0.07481225530867117,0.06774880141343298,0.07961995570766797,0.07379251084403785,0.06748251596971765,0.23587568197664305
0.07287628668905541,0.06580975769969938,0.07767074924324593,0.07283126869742049,0.04527829646668296,0.23587568197664305
0.07481224521577798,0.06774879130450828,0.0786453474449764,0.07283126869742049,0.07528052815874797,0.23587568197664305
0.07336028636349892,0.07017259350312727,0.07961995570766797,0.07379251084403785,0.09175513299642551,0.23587568197664305
0.07578030442108849,0.07017266377582926,0.08059462354010419,0.07475381193905897,0.07259942718507985,0.23587568197664305
0.07674828375009021,0.0696879050439908,0.08254382027660592,0.076195660421884,0.042010312120069775,0.23587568197664305
0.07529625519573516,0.0716268791305324,0.08303105984017903,0.0776374499563052,0.12997582542948208,0.23587568197664305
0.08062016156194271,0.07453544988465627,0.08546757550205311,0.07955993424953986,0.11821652493305272,0.23587568197664305
0.08062016156194271,0.07356593294968444,0.08595487466954946,0.07955993424953986,0.07708932923208159,0.23587568197664305
0.08255613039280899,0.07550497687500407,0.08254379034429957,0.07907932791333214,0.05352746216416628,0.23587568197664305
0.07868420277050583,0.07259641601471273,0.08595487466954946,0.07955993424953986,0.07775053255653515,0.23587568197664305
0.07965220208336901,0.07259643596349374,0.0801073042230275,0.07859872157712447,0.0500386114827884,0.23587568197664305
0.07771620352230593,0.07065736226075392,0.08351835897490775,0.0776374499563052,0.0340444694302151,0.23587568197664305
0.07723225372771239,0.07017264375991605,0.07962000531534522,0.07427317612864934,0.02854444409862599,0.23587568197664305
0.07336028636349892,0.06629452615961645,0.07961995570766797,0.07379251084403785,0.04937182543897271,0.23587568197664305
0.06997242725791172,0.06920314670917094,0.07767082813799628,0.07475381193905897,0.11804311171286622,0.23587568197664305
0.06997235882476369,0.06726404299549416,0.07767075923690972,0.07379251084403785,0.03923918979668713,0.26108999686737705
0.07384427601188967,0.0716268687569438,0.0801072548253575,0.07379251084403785,0.04429748245874684,0.26108999686737705
0.07820018284740635,0.07114211033900486,0.0801072548253575,0.07379251084403785,0.05194999502440136,0.26108999686737705
0.073844325612229,0.06774885125760449,0.07962000531534522,0.07427317612864934,0.0494604511088467,0.26108999686737705
0.07868418285293446,0.0716268791305324,0.08254376070545036,0.0776374499563052,0.09567594658844904,0.26108999686737705
0.07868422272089051,0.07162691906181473,0.0835183987219417,0.07715687309429939,0.061736153146274085,0.26108999686737705
0.07626429418468658,0.06920314670917094,0.08010732430641956,0.07475381193905897,0.06054738284209822,0.26108999686737705
0.073844325612229,0.06774885125760449,0.077670808512763,0.07427317612864934,0.07594940772232446,0.26108999686737705
0.07190835687765543,0.06580980739586406,0.07669620033205768,0.07331193398203203,0.0648321199525413,0.26108999686737705
0.07674823401985212,0.07162688903907954,0.08010727478070764,0.07571499513727245,0.11145410718569952,0.26108999686737705
0.07481227529393639,0.07017261368584088,0.08059457393171157,0.07571499513727245,0.10570669760237555,0.26108999686737705
0.0777162431621787,0.07114216046356647,0.08254380022380978,0.07859872157712447,0.04932611692419518,0.26108999686737705
0.07674823401985212,0.07114213058799995,0.08254377053572762,0.07571499513727245,0.052147134801876965,0.26108999686737705
0.07481230487722737,0.07017264356140568,0.08205650112098814,0.07715687309429939,0.0651552198356252,0.26108999686737705
0.07965219205991994,0.0774440107603736,0.08692948294966599,0.08052117639615722,0.07869715240837814,0.26108999686737705
0.08207215044291175,0.07744402066848072,0.08790409113348882,0.08292426702559955,0.07764097168905314,0.26108999686737705
0.08207214062978366,0.07502021834224853,0.08546758539850605,0.08052117639615722,0.03914009652800913,0.26108999686737705
0.07481235988503424,0.08520021544463263,0.0805946585371978,0.0930172653537786,0.0847777805536299,0.26108999686737705
0.08400806946714409,0.07889825595199512,0.08839135061662515,0.08196299540478033,0.07275818576694072,0.26108999686737705
0.08255621787470416,0.08326120249630675,0.0903406653651809,0.08773050723288808,0.09210300619667892,0.26108999686737705
0.09175197494766932,0.08520018666315915,0.09034061634927379,0.08724984194827659,0.10236927818369575,0.26108999686737705
0.09126793491484578,0.08907820390923338,0.09911195219194943,0.0925365705949652,0.05493046932386429,0.26108999686737705
0.09610781179589942,0.08907818377977189,0.09813733399671501,0.09205593478455557,0.05672391791895203,0.26108999686737705
0.08739602719435838,0.08520014620419253,0.09521356878180345,0.08917226729310743,0.04422037114755727,0.26108999686737705
0.09223593438018454,0.08616967326863417,0.09521357874310124,0.0886916609568997,0.04070116442964775,0.26108999686737705
0.09223592432949648,0.08520014620419253,0.09521356878180345,0.08917226729310743,0.03210517229179143,0.26108999686737705
0.08642808740473176,0.08374591102401169,0.09326441183011205,0.08724984194827659,0.01741738656995908,0.26108999686737705
0.09078395518895507,0.08374587075469647,0.09472626959854555,0.08917226729310743,0.05036764300519458,0.26108999686737705
0.08836399672769038,0.08229158536443076,0.08790407133953457,0.08532732818084002,0.055084691946243436,0.26108999686737705
0.08449213908332229,0.07889833641436511,0.08741683155327593,0.08244369016359374,0.04029676619585268,0.26108999686737705
0.0820721403457065,0.08616966317052327,0.08790408103293465,0.08917226729310743,0.07485833500698608,0.26108999686737705
0.08836396723327691,0.08374583099191352,0.09618812749087854,0.09109469263793826,0.07999373898023536,0.26108999686737705
0.09223591431056413,0.08665441157180387,0.09911195219194943,0.09397841907779023,0.11202145104087709,0.26108999686737705
0.09175192461270495,0.08810868697426155,0.09667545635446792,0.0925365705949652,0.030529100831867054,0.26108999686737705
0.08933194625387056,0.08423058912864057,0.09521352896793597,0.08821099567228821,0.027212965530755407,0.26108999686737705
0.08933198604841366,0.08229159530520042,0.09570086796506141,0.08917226729310743,0.03676290483961754,0.26108999686737705
0.08981596582126808,0.08277634383191668,0.09131516551200866,0.08676917666366504,0.0450382395341109,0.26108999686737705
0.08497604889570878,0.07938301448496693,0.08985324811895776,0.08340484388760536,0.07373795301499643,0.26108999686737705
0.08449205922976469,0.07744398074288672,0.08985324811895776,0.08340484388760536,0.0430242735242186,0.26108999686737705
0.08255609072008827,0.07695921239811021,0.08985323822172156,0.08388545022381308,0.05559481292795905,0.26108999686737705
0.08304011005123887,0.07744400068957169,0.0888786696745272,0.08532732818084002,0.05031774745089544,0.26108999686737705
0.08255609072008827,0.07744397081772464,0.08887863998297393,0.08388545022381308,0.04573887081405957,0.26108999686737705
0.0825561799076642,0.07841357785067138,0.08936602861010959,0.08244369016359374,0.05419250360818131,0.34196907093761625
0.0815881607130858,0.07598974516997065,0.08692949273412562,0.08292426702559955,0.07079306855146715,0.34196907093761625
0.08255610046977738,0.07550494690444265,0.08644215407579839,0.08196299540478033,0.047770631741918694,0.34196907093761625
0.0796521625703239,0.07550494700080645,0.08644215417141735,0.08340484388760536,0.043393430842040163,0.34196907093761625
0.07771624296944438,0.07598974526680269,0.0825438000316662,0.08148241854277452,0.07710921766980922,0.34196907093761625
0.08062014190221203,0.07744398074288672,0.08839135071286905,0.08340484388760536,0.0743300701873435,0.34196907093761625
0.0825561203533797,0.07695924222208583,0.08546757550205311,0.07955993424953986,0.088538439883952,0.34196907093761625
0.07868420277050583,0.07405069141717041,0.08498027633455682,0.07811808576671483,0.0487667982281007,0.34196907093761625
0.07287636684742113,0.06580983798538881,0.070848639847397,0.06754456952493379,0.15531578861423925,0.34196907093761625
0.06126058355847583,0.05417560417689293,0.060128028459083965,0.06177714611943172,0.1093438392668103,0.34196907093761625
0.0593246440272395,0.06338603552474559,0.06305184275701778,0.0651414788954914,0.09453951427829325,0.34196907093761625
0.06464852111841027,0.06435554215545997,0.0723105176994008,0.06850578219734918,0.09004612303169016,0.34196907093761625
0.0680364096302116,0.06290122671180809,0.07474697396197369,0.06898635905935499,0.08408901255232577,0.34196907093761625
0.06706846977568084,0.060962232647520875,0.07328511610204266,0.06850578219734918,0.056316728325475886,0.34196907093761625
0.06706846977568084,0.06144699114865504,0.07328511610204266,0.06850578219734918,0.06097376303338173,0.34196907093761625
0.06319649326943058,0.06047741448699878,0.07084856103974677,0.06706387476612038,0.09024256496924549,0.34196907093761625
0.066100470626166,0.06096221279505104,0.07328509631464566,0.0680251463869396,0.035689975962206105,0.34196907093761625
0.06319656201810073,0.05999272589478827,0.06889943338313917,0.0651414788954914,0.05813913727725473,0.34196907093761625
0.06319651268567686,0.05708412520223061,0.06987398232234734,0.06466081361087991,0.04972981731806999,0.34196907093761625
0.062228562988607156,0.056599396600491236,0.06743751623138969,0.06177714611943172,0.05288649619740049,0.34196907093761625
0.05980862430691461,0.054660372640138566,0.06353913257503838,0.061296539783224,0.07115803882976711,0.34196907093761625
0.06029260418014429,0.05417560422895573,0.06646291791363032,0.060335297636606694,0.11380268743736013,0.34196907093761625
0.060686470600323034,0.05895915357261727,0.06783167879058152,0.06555149451814477,0.07475784605846754,0.368060594515245
0.0674956040450935,0.06967624580944787,0.07370798001156129,0.06893230337306747,0.0958912302038516,0.368060594515245
0.06798199072480723,0.06383054593489323,0.07223890747371595,0.06844933910070763,0.045275156187041754,0.368060594515245
0.0684683449883168,0.062369100466528604,0.07419767623228554,0.06893230337306747,0.04117918477503106,0.368060594515245
0.06846836122403069,0.06188197373282556,0.07419769246781524,0.06844933910070763,0.048516971536644894,0.368060594515245
0.06457736525507587,0.06480479918171272,0.07223887527990572,0.0694152676454273,0.08499376200895273,0.368060594515245
0.07041381058420174,0.06334337019581349,0.07517705243801534,0.0694152676454273,0.06043014573549327,0.368060594515245
0.06798195836373269,0.06285622720051376,0.07223887527990572,0.0694152676454273,0.08468985272367618,0.368060594515245
0.0684683261918663,0.06724051148462429,0.07615644219020398,0.07038122566434887,0.08957194080586832,0.368060594515245
0.06895473969892243,0.06383055397748028,0.07615648547848605,0.07086424888511253,0.08752098928020184,0.368060594515245
0.06846838255465973,0.06724056908903253,0.07517710636830113,0.07134724263167427,0.0737117840179864,0.368060594515245
0.06457740780403484,0.06383055676285537,0.0722389181198099,0.06989829086619095,0.03744469444171899,0.368060594515245
0.0655501461095713,0.06334341091340084,0.07321830790553532,0.07086424888511253,0.025921263838340078,0.368060594515245
0.07041382687476347,0.06334338651225119,0.07468737245300991,0.06893230337306747,0.06780561585280155,0.368060594515245
0.06457740268167969,0.05895912091806155,0.07028012793047614,0.06651742306286443,0.05287742427843701,0.368060594515245
0.06263192613596227,0.05944626955183707,0.06783165211886807,0.06458550702502128,0.051400446087190625,0.368060594515245
0.060686453986659644,0.06431771056792585,0.0648934843822623,0.07134724263167427,0.029134118831252116,0.368060594515245
0.07235933608330039,0.06772770131306771,0.07664618452173141,0.06989829086619095,0.048917182730918364,0.368060594515245
0.07041389215408214,0.07552203022789844,0.07664622272852914,0.08197283978821548,0.08535733660741214,0.368060594515245
0.08111403633836953,0.07795773715119608,0.08839892602858454,0.08487071384498021,0.1643416501429804,0.368060594515245
0.08403225974544812,0.0769834509126982,0.09182680025190407,0.08487071384498021,0.0,0.368060594515245
0.08403222964101756,0.08234199453722862,0.08644011098559781,0.09018346821194798,0.03262262059266986,0.368060594515245
0.09084143609607334,0.08429058606545858,0.09476496662643077,0.08873454592066657,0.05946747556548411,0.368060594515245
0.08792319935470169,0.08234200013201559,0.09427525685590246,0.08825155217410482,0.06832480875348064,0.368060594515245
0.0830595129202665,0.08088059007595444,0.09084740188827709,0.08680262988282336,0.025543034601555038,0.368060594515245
0.08500500961050553,0.07893203216103745,0.08497106036823496,0.08197283978821548,0.06147097397657239,0.368060594515245
0.08305949459567932,0.07698342678263942,0.08839890204592002,0.08293876833293515,0.03629081613355651,0.368060594515245
0.0850049823922581,0.07844486172242221,0.08790921139494104,0.081006852295092,0.03054619790991361,0.368060594515245
0.08014129042321413,0.07600915984021428,0.08741952858906935,0.08148984604165374,0.021480210585757057,0.368060594515245
0.07819578149043097,0.0784448480027331,0.0859504127846499,0.08052385854853025,0.048508597457601686,0.368060594515245
0.07819578703743305,0.07211199369990878,0.08203284817168352,0.0785919425106871,0.04329363973344189,0.368060594515245
0.0777094165121752,0.07211199369990878,0.08497102582010721,0.0785919425106871,0.015609632256505857,0.368060594515245
0.0796549064729212,0.07308628773817727,0.0849710336688074,0.081006852295092,0.06518557587215684,0.368060594515245
0.08111399905836383,0.07503484097485513,0.08692979978533807,0.0824557745863734,0.02397812858035494,0.368060594515245
0.0791685387477131,0.07259914747070062,0.08301225131305659,0.08004089427617042,0.030874182672439382,0.368060594515245
0.07819583904021407,0.07308633228114353,0.08301229256283407,0.07617709167468598,0.015325960328917075,0.368060594515245
0.07819583904021407,0.07211204595662463,0.08301229256283407,0.07617709167468598,0.02529739494962084,0.368060594515245
0.0796548962650395,0.07259913442460464,0.08105345330828798,0.074245116688439,0.023141418515954085,0.368060594515245
0.07430483055358425,0.07552200318556135,0.08203285594267382,0.081006852295092,0.03740840676586507,0.368060594515245
0.07722304824781487,0.07795771294329834,0.08497102809646448,0.08293876833293515,0.02620772712560993,0.368060594515245
0.08549140426581506,0.07844491313939883,0.08839895853945332,0.08390478530026055,0.023498363635170962,0.368060594515245
0.0801412770110427,0.07795771863294537,0.08692981881956316,0.081006852295092,0.025782742614166958,0.368060594515245
0.08403218951143357,0.0769833805671239,0.09035764092695145,0.08342170313109307,0.030257641102882957,0.023786401479172263
0.08062769806059586,0.0764963404513666,0.08741956579814783,0.08390478530026055,0.042975773649760005,0.023786401479172263
0.08305947559391133,0.0769834076890969,0.09035766805915205,0.08438769062421655,0.031231127791656262,0.023786401479172263
0.08549136571346724,0.08039344696592648,0.09182679450497275,0.08680262988282336,0.04415582095493252,0.023786401479172263
0.08257306769999365,0.07941908499604738,0.09035763040776831,0.08728553520677942,0.033408039422931045,0.023786401479172263
0.08646410683074748,0.07990630385589842,0.09231649081332058,0.08680262988282336,0.05161782322235399,0.023786401479172263
0.08597766076342209,0.07990622798487568,0.09378550371335856,0.08728553520677942,0.09407335721155449,0.023786401479172263
0.08646404975173408,0.08088053263186223,0.08203281316747493,0.07521104523315866,0.057865584028509824,0.023786401479172263
0.0840322138616422,0.07990626322676175,0.08888857659572016,0.08535364864313819,0.06892948704439253,0.023786401479172263
0.08305951860975527,0.07795773715119608,0.08937831866381865,0.08487071384498021,0.0477964518189686,0.023786401479172263
0.08403225974544812,0.0769834509126982,0.09182680025190407,0.08487071384498021,0.0,0.023786401479172263
0.08597774201683381,0.07893202338969385,0.08937831866381865,0.08487071384498021,0.0767166827146587,0.023786401479172263
0.08305947559391133,0.07844483683769726,0.08888857931654351,0.08438769062421655,0.037761164845560344,0.023786401479172263
0.08597777488633693,0.07893205631140693,0.08986804765141163,0.08390478530026055,0.03435117007517271,0.023786401479172263
0.08208677747406237,0.07747059403194712,0.08986801498143579,0.08487071384498021,0.03280999061126171,0.023786401479172263
0.08208677747406237,0.078444880270445,0.08986801498143579,0.08487071384498021,0.03333406839138268,0.023786401479172263
0.08208677747406237,0.078444880270445,0.08986801498143579,0.08487071384498021,0.056982467609411176,0.023786401479172263
0.08451863031329457,0.07893202338969385,0.09182680025190407,0.08487071384498021,0.02322446146646593,0.023786401479172263
0.08403225974544812,0.07747059403194712,0.08986801498143579,0.08487071384498021,0.019970782838218234,0.023786401479172263
0.08403229240424928,0.07795776996739079,0.08986804765141163,0.08390478530026055,0.07689114269472559,0.023786401479172263
0.08208677747406237,0.07747059403194712,0.08986801498143579,0.08487071384498021,0.07132552041063134,0.055253277559388865
0.08695048315252671,0.08039345274744064,0.09133710393428704,0.08487071384498021,0.05464749523619578,0.055253277559388865
0.08305947559391133,0.0779576937881638,0.09035766805915205,0.08438769062421655,0.06172673230735047,0.055253277559388865
0.0820867345974283,0.0764962646395635,0.08888857931654351,0.08438769062421655,0.03116657759903151,0.055253277559388865
0.08208680992216164,0.0769834836233746,0.08986804765141163,0.08390478530026055,0.03669381868751105,0.055253277559388865
0.08403225974544812,0.07747059403194712,0.09084740761666996,0.08487071384498021,0.06098527739206614,0.055253277559388865
0.0864640312010547,0.08088051396253226,0.09182671896730696,0.08728553520677942,0.033023180706903466,0.055253277559388865
0.08792314251395258,0.08088051396253226,0.09133702278079406,0.08728553520677942,0.023995923498321765,0.055253277559388865
0.08597770935871016,0.0799062768133541,0.09133707131632365,0.08583664238969993,0.01739924273203212,0.055253277559388865
0.08792319935470169,0.08477771552942959,0.09476495313354502,0.08825155217410482,0.04342308903865154,0.055253277559388865
0.08938229738768613,0.08234198655904484,0.09231645831745325,0.08776855842754308,0.049048376635928675,0.055253277559388865
0.09181412266259778,0.08672624660736694,0.0977030898614625,0.09211535477558921,0.12981322872805973,0.055253277559388865
0.0937596451700691,0.09062343195350053,0.09917221911051169,0.09356433601527445,0.15618250579521162,0.055253277559388865
0.09570507569934208,0.09111052296909816,0.10064125649208497,0.09597918685127557,0.13348037750906597,0.055253277559388865
0.09813699282925495,0.09208487416310651,0.10455889109698127,0.09936011360300587,0.09297425933713302,0.055253277559388865
0.0947324094140923,0.09354631408583003,0.10260011639619251,0.10080906536848919,0.12478843238217287,0.055253277559388865
0.1015415964042444,0.10134060300458136,0.1089661675647616,0.10612184920965886,0.1366189125504695,0.055253277559388865
0.1093235283015451,0.10231489214018069,0.11043525936317669,0.10515589119073729,0.06029546263088162,0.055253277559388865
0.10445982263754386,0.09890489031557848,0.11141465199549846,0.10515589119073729,0.052005822218022774,0.055253277559388865
0.10689166687401933,0.1028020265713589,0.11386312494795245,0.10805376524750201,0.07860852673850416,0.055253277559388865
0.1098098979264002,0.10377632054773855,0.11533222158384529,0.11046867503190691,0.06733317822678038,0.055253277559388865
0.10980989886794526,0.1062120370825832,0.11239404462782024,0.10515589119073729,0.056973395690447695,0.055253277559388865
0.10494611756649122,0.10523767337541451,0.11288366478932757,0.1056387965146933,0.13041860485889187,0.055253277559388865
0.10835074600977532,0.10426342301786223,0.114352788699459,0.10901969379222168,0.05170749565210837,0.055253277559388865
0.10835074600977532,0.10134056468023361,0.11631157371669718,0.10901969379222168,0.0,0.055253277559388865
0.11710542794152143,0.1135191540805961,0.12512611922439018,0.12012825522112278,0.08167134614855867,0.055253277559388865
0.12245548735204356,0.11546771000503292,0.12512610302217872,0.12061121949348261,0.09304788144872125,0.055253277559388865
0.12537371035351466,0.12082628357197617,0.1261054955212859,0.12061121949348261,0.05569146375691612,0.055253277559388865
0.12294185236228147,0.11790341973258545,0.12610549007270352,0.12254313553132576,0.061899796607576836,0.055253277559388865
0.12196915930444444,0.11985204059814364,0.12953341194985749,0.12640702655541589,0.03965510238916662,0.055253277559388865
0.12683282185425018,0.11985199746889552,0.12512610302217872,0.12061121949348261,0.03683617803124564,0.055253277559388865
0.12257185468050377,0.11558426217145162,0.1178017030763566,0.11486902600480833,0.06558578706643031,0.055253277559388865
0.11522122037935448,0.1096944141277672,0.12076206193635988,0.11486902600480833,0.07133284772979415,0.055253277559388865
0.1142411358058679,0.10724031077623203,0.12224224136636161,0.11486902600480833,0.0,0.055253277559388865
0.1196315990449108,0.12147410824677596,0.12618938459321197,0.12265504907594618,0.10247534985157641,0.055253277559388865
0.11718143043713333,0.11852922818897749,0.12421585500963009,0.12557485193892573,0.06047166721074919,0.055253277559388865
0.1284523372171071,0.12147408527126186,0.12964311393899106,0.12411490629613312,0.07758619125531213,0.055253277559388865
0.12845239341784728,0.1283456315671646,0.129643169401943,0.1357939998512437,0.05733871488870779,0.055253277559388865
0.12355196585043379,0.12098331652798411,0.13161673786801267,0.12654809008571702,0.047673980912961635,0.055253277559388865
0.12600216873810802,0.1239282319036476,0.13408369498020303,0.1309277206946816,0.04813071714077678,0.055253277559388865
0.1304125633961898,0.12736399080022398,0.13852424744386002,0.13384749408345922,0.09663198727921565,0.055253277559388865
0.13139263417552874,0.12540069399193998,0.13852423350353824,0.1309277206946816,0.03037104008992644,0.055253277559388865
0.1313926115076048,0.12834559520949462,0.13901760388192766,0.13238757791486852,0.08586955110888857,0.055253277559388865
0.13041254199459837,0.12490986569591866,0.13507047378611506,0.13141433976807723,0.02343590696230701,0.055253277559388865
0.13286275994737604,0.13129054115966549,0.14000441184099802,0.1348207322302505,0.044691413093737906,0.055253277559388865
0.14119349402573236,0.13521712157305782,0.14049781953720006,0.1357939998512437,0.03499562524153984,0.055253277559388865
0.1304124971015372,0.12981802676264165,0.1385241806958917,0.13433405420845104,0.05507492218735969,0.055253277559388865
0.14560387500538488,0.13914368729071125,0.14049781953720006,0.1357939998512437,0.09909082623827856,0.055253277559388865
0.13531302833824652,0.1332538816550114,0.1434582212395246,0.1406603084820077,0.028814159227809423,0.055253277559388865
0.13335275973178776,0.1273639328909711,0.1281629346155387,0.12411490629613312,0.16592853812166894,0.055253277559388865
0.12355193151295371,0.11705671641790039,0.12224223378515894,0.11535564507820398,0.11638992894175228,0.055253277559388865
0.11179090066719324,0.1175475201914557,0.119775251782642,0.12411490629613312,0.14175675896343973,0.055253277559388865
0.12355197074827798,0.1298180943783706,0.12569602453262305,0.13384749408345922,0.12766841773311727,0.055253277559388865
0.13825319663035737,0.13325379499679274,0.13211009338183108,0.12898118545269524,0.05704946024175687,0.055253277559388865
0.128452484182723,0.1234375158442102,0.13013665229268936,0.12995457097049598,0.06113740649468448,0.055253277559388865
0.12453206563676303,0.11803840745867661,0.13112335986062043,0.12557485193892573,0.06815348905305495,0.055253277559388865
0.12551212005684473,0.12294658405055192,0.13260350907842602,0.1275213282325083,0.08797423630841565,0.055253277559388865
0.1289424150890465,0.12736396912311043,0.13408368746902596,0.13141433976807723,0.07211512628041412,0.055253277559388865
0.1294324508835721,0.12441903845599611,0.1355638604298541,0.12800794730590395,0.039680573546256384,0.055253277559388865
0.12747229927929174,0.12147413204284407,0.1266828009768878,0.11924868608797481,0.7417071844155039,0.055253277559388865
0.11865153756228128,0.11165771801835467,0.1266828009768878,0.11924868608797481,0.0,0.1675936794113078
0.12404200065032148,0.12147412960222176,0.1301365507895436,0.12703470915911266,0.16863755269214778,0.1675936794113078
0.1313926119674553,0.12490985102125318,0.13309688669001138,0.13044107214708403,0.07158092982144927,0.1675936794113078
0.12551212759280214,0.12196495029998922,0.13359030298611155,0.12703470915911266,0.06071451550300231,0.1675936794113078
0.12845239472589018,0.12540070860389074,0.1355638889707941,0.1319009883156748,0.051866254233969254,0.1675936794113078
0.13237266605602113,0.1293272061405335,0.1404977530754218,0.13433405420845104,0.06471976772537821,0.1675936794113078
0.13727324845614677,0.13030900765283238,0.13408379883194912,0.12995457097049598,0.0705282383017256,0.1675936794113078
0.12943246492555752,0.1263823353841349,0.13556387448798143,0.1309277206946816,0.026859509611139868,0.1675936794113078
0.13041251198217427,0.12736393872430934,0.13803080256229652,0.1333608160616598,0.03475033450956578,0.1675936794113078
0.12943242709512284,0.12785475899320803,0.13753740907590414,0.13530732182944424,0.055214141251453075,0.1675936794113078
0.13531303012228793,0.1303089588106357,0.14099125678780353,0.13676729694643877,0.08106038729836439,0.1675936794113078
0.1382532413843953,0.13129055720263905,0.13951103448944732,0.1319009883156748,0.4238135360567606,0.1675936794113078
0.1353129194877468,0.1293272061405335,0.14099114617030425,0.13433405420845104,0.03943598065420259,0.1675936794113078
0.13384285840644225,0.13178137590674638,0.14197799844342965,0.13774050561902815,0.06128744207754201,0.1675936794113078
0.13727315406524113,0.1327630166764549,0.14444496372369678,0.13968701138681264,0.048017667073693426,0.1675936794113078
0.14021345313569542,0.134726344880158,0.14296482888435844,0.13871380271422326,0.05729789125337213,0.1675936794113078
0.13825328357155828,0.13129059945681215,0.14641858162272467,0.13871380271422326,0.0,0.1675936794113078
0.13825328357155828,0.13129059945681215,0.14641858162272467,0.13871380271422326,0.0,0.1675936794113078
0.13825328357155828,0.13129059945681215,0.14641858162272467,0.13871380271422326,0.0,0.1675936794113078
0.13825328357155828,0.13129059945681215,0.14641858162272467,0.13871380271422326,0.0,0.1675936794113078
0.13825328357155828,0.13129059945681215,0.14641858162272467,0.13871380271422326,0.0,0.1675936794113078
0.13825328357155828,0.13129059945681215,0.14641858162272467,0.13871380271422326,0.0,0.1675936794113078
0.14315366006995037,0.1381620425581609,0.14493835498472749,0.145526528690166,0.14866676985392954,0.1675936794113078
0.1451138142558601,0.1425794136215856,0.15184584439120766,0.14649976683695728,0.04507976100936682,0.1675936794113078
0.14609383999130113,0.1415977128742113,0.14937882009607314,0.1426066963529846,0.03976361649676823,0.1675936794113078
0.1392333158093307,0.1352171125934189,0.14543174251313926,0.14017363046020828,0.0623216408393786,0.1675936794113078
0.14217357541671852,0.13914368397864685,0.1498722868195189,0.145526528690166,0.05740431184121294,0.1675936794113078
0.14511380066847726,0.1411069378329456,0.1483920787554409,0.14163348768039516,0.02826670381035949,0.1675936794113078
0.14168355647398603,0.13718042471846276,0.14839213071650206,0.14212016570219463,0.04298938152820522,0.1675936794113078
0.1392332852841713,0.13767118507017306,0.14543171194811963,0.1440666125215753,0.06224487844814917,0.1675936794113078
0.14511382937641384,0.13865286326840387,0.14888550045256058,0.145526528690166,0.04497996990076856,0.1675936794113078
0.14609388475357818,0.13914365465607725,0.14937886455703978,0.14357999344817965,0.029099924675159004,0.1675936794113078
0.14021337779026352,0.13619873111907732,0.1483920787554409,0.14163348768039516,0.04305811876035158,0.1675936794113078
0.1392332488156285,0.13521704494028092,0.14691185468099968,0.1426066963529846,0.027255184845931597,0.1675936794113078
0.1421735534658706,0.13767119971243674,0.14937887159531485,0.1450398801425685,0.03144292220745748,0.1675936794113078
0.1446237725104567,0.13816202797601967,0.1503656654632827,0.14455326106917285,0.04172384883279993,0.1675936794113078
0.14413373899791135,0.13767121610578298,0.1478987083914806,0.14017363046020828,0.017752000811727394,0.1675936794113078
0.14217355295006504,0.14061612326980766,0.14740529846675202,0.14698638591035293,0.06404844572208078,0.1675936794113078
0.14805406050215345,0.14159776462897927,0.15135244368804254,0.14698638591035293,0.04499636913889484,0.1675936794113078
0.14805411843738328,0.14601520955035108,0.15431286062262642,0.15087945639432568,0.08240163562511871,0.1675936794113078
0.15050429304648907,0.14503353056811608,0.15727318264359227,0.1513660459935194,0.04424968042420851,0.1675936794113078
0.15491467396299038,0.14797845481418836,0.15727318264359227,0.1513660459935194,0.05913146564387526,0.1675936794113078
0.1470740269285992,0.14454274042413162,0.15480624705494891,0.14941956969993683,0.04557662303259736,0.1675936794113078
0.15246448375740881,0.14748765566885724,0.1577665972142753,0.1537992003089014,0.061975163318965736,0.25564373339687135
0.15344456846224788,0.14748765566885724,0.1597401700521122,0.1537992003089014,0.0437416529622537,0.25564373339687135
0.1558947438539179,0.1489600814489216,0.1543128090900678,0.1503927783725262,0.03064738469835241,0.25564373339687135
0.15001422968618291,0.14307022666773678,0.1543128026040105,0.14698638591035293,0.04885367929817402,0.25564373339687135
0.15001421448463612,0.14307021144204385,0.15480618059402987,0.14795962405714422,0.040201859966696285,0.25564373339687135
0.14903416483123946,0.14896009496118556,0.15727318139200966,0.15525905752908833,0.040483787294484395,0.25564373339687135
0.15540469285951355,0.14846925205712225,0.15825994575862037,0.15477240898149078,0.0435002003498411,0.25564373339687135
0.15589478097821738,0.14896011863218933,0.15776659796035278,0.15185269454111697,0.026843459292973715,0.25564373339687135
0.14952415710891157,0.14454265821515888,0.15480616551258006,0.1489328622039355,0.04803720659146092,0.25564373339687135
0.14854410928357817,0.1445426952543875,0.15628638173567846,0.1503927783725262,0.022508128788311235,0.25564373339687135
0.1490341148533332,0.1440518375760662,0.15332598617671225,0.1489328622039355,0.02987731834633711,0.25564373339687135
0.1495241783664504,0.14650596229024448,0.15628636616561767,0.153312522287102,0.03781489851942095,0.25564373339687135
0.15295447435416812,0.1460151416227255,0.16122029757093007,0.153312522287102,0.0,0.25564373339687135
0.1500142811160826,0.14601520266893536,0.15579303349835574,0.14941956969993683,0.03799284769908919,0.25564373339687135
0.15099433537054477,0.14454270986043738,0.15727318264359227,0.1513660459935194,0.014469012906828461,0.25564373339687135
0.15099433537054477,0.14552435127579477,0.15924675536719804,0.1513660459935194,0.0249945324242247,0.25564373339687135
0.15295454642573694,0.15092342143880472,0.16023358366228482,0.15817886039206788,0.03389862088687917,0.25564373339687135
0.15785491195288634,0.15092336308048032,0.1607269190770468,0.15428578990809513,0.04022419084414485,0.25564373339687135
0.1568748413646757,0.15190501856813649,0.16270050573849962,0.15720556329687282,0.03060411862329582,0.25564373339687135
0.15295451029823673,0.14994174334500437,0.160726940572379,0.15671894422347718,0.020126052220477777,0.25564373339687135
0.15589476428726515,0.1494509226298647,0.16122033376078035,0.15671894422347718,0.022439042636204744,0.25564373339687135
0.1588350106509794,0.15190501856813649,0.16171371938169019,0.15720556329687282,0.029486527990987256,0.25564373339687135
0.15393457352706671,0.1519050044541151,0.1622070985568391,0.15428578990809513,0.0457856260887175,0.25564373339687135
0.15393457352706671,0.1469967975859413,0.1622070985568391,0.15428578990809513,0.0,0.29224866393258614
0.15442457894569997,0.14797840196772077,0.15727313035893872,0.15282587373950443,0.025969065872878408,0.29224866393258614
0.15491467269996537,0.14797845354915717,0.15677978821278152,0.15525905752908833,0.05143184888360267,0.29224866393258614
0.15491464349000675,0.14846924496032043,0.15924672500880513,0.153312522287102,0.04171058987431484,0.29224866393258614
0.1568748273464314,0.14994172170684555,0.15825995327739292,0.15428578990809513,0.03137767417491246,0.29224866393258614
0.14952410488979553,0.1484691701878893,0.1572730785663702,0.15233919571770496,0.03599667660716371,0.29224866393258614
0.15442460120604715,0.14846924496032043,0.16122029757093007,0.153312522287102,0.025468714650046537,0.29224866393258614
0.15393466920079377,0.14994181829105568,0.16171380159776041,0.15574576502508966,0.03644468983597551,0.29224866393258614
0.15197440377171276,0.150432541842431,0.16023352537096267,0.15623229567587962,0.020820054021183906,0.29224866393258614
0.1573648836862516,0.15092337715774645,0.1641806852737138,0.15720556329687282,0.026346248349783045,0.29224866393258614
0.15491462120033103,0.14846922260586454,0.15974009591394964,0.15282587373950443,0.11407833420586584,0.29224866393258614
0.15491465056624307,0.1479784313802776,0.15974012520833755,0.15477240898149078,0.02156569597598984,0.29224866393258614
0.1519744256352273,0.15141420549042306,0.1597401541955761,0.15671894422347718,0.04157695352958359,0.29224866393258614
0.15687482679679307,0.1499417211563342,0.1627004911669949,0.15623229567587962,0.053302408789879976,0.29224866393258614
0.15589474219177704,0.14896007978414055,0.1641806706446142,0.15623229567587962,0.0,0.29224866393258614
0.1568748438661006,0.16712046304935607,0.1636872946039489,0.17229099036575288,0.08783780860400334,0.29224866393258614
0.169615915792191,0.16368468945240638,0.1755287024314914,0.16839794935598204,0.06807393530214445,0.29224866393258614
0.16814582619723326,0.16319390630031666,0.17503534666923645,0.1679113597567883,0.06973828351198268,0.29224866393258614
0.17059600744010125,0.1636846965340497,0.17602210264167398,0.1698578360503709,0.08525754549881387,0.29224866393258614
0.1710860864446406,0.16466637470809464,0.17602213927329893,0.1713177522189616,0.07097276233093607,0.29224866393258614
0.1740262860742344,0.17497355437566464,0.17947583728507796,0.18056360303608446,0.13161435356227041,0.29224866393258614
0.18529728081485178,0.17939096279663846,0.18737014959561596,0.18105025158368201,0.036891656304906914,0.29224866393258614
0.18088686289458825,0.1774276424776149,0.1868767192192957,0.18153684118287575,0.03364251363614096,0.29224866393258614
0.18529728081485178,0.1784093214232932,0.18835693591518657,0.18105025158368201,0.07090786321835117,0.29224866393258614
0.1808868854844495,0.17399192061738872,0.18440977611523976,0.1800769839626888,0.0841378613467445,0.29224866393258614
0.17941676515232216,0.17791849258917675,0.1849031757761325,0.18348337642486215,0.06998671452359793,0.29224866393258614
0.18039682063725257,0.175464359914204,0.18786350544674615,0.18153684118287575,0.04546880676491601,0.29224866393258614
0.17843673243946737,0.17546444167573821,0.18687680060357084,0.18202354867887713,0.03880408660640028,0.29224866393258614
0.17843673243946737,0.17595526241678888,0.18687680060357084,0.18202354867887713,0.04696323095416908,0.29224866393258614
0.18186701848849654,0.18380838357318124,0.19033054258064128,0.19029619082341062,0.07234960049362404,0.29224866393258614
0.19019768698714926,0.18626243540297638,0.19378424390302793,0.18786300703382672,0.038862705159702755,0.29224866393258614
0.19019770164726826,0.18822573292837608,0.1962512242716076,0.18883627465481986,0.03791224718829828,0.29224866393258614
0.18921762578025356,0.18233589346780188,0.18391640384042166,0.1844566440458553,0.08090372223626431,0.29224866393258614
0.18823754293876202,0.18135425386193393,0.18440979874662614,0.17861712674250194,0.0869341059072568,0.29224866393258614
0.17843668857169034,0.17448275592991191,0.18588997011626004,0.18105025158368201,0.047899034287247934,0.29224866393258614
0.1843171586959382,0.18626241401296423,0.18983707790164703,0.18153684118287575,0.042399357875618965,0.29224866393258614
0.18725745368894622,0.19460640787983474,0.19575783699876734,0.19418917288477763,0.04385470302933705,0.29224866393258614
0.19411810881433614,0.1921523680932658,0.19477111271523542,0.18640320876204355,0.04562477398709582,0.29224866393258614
0.18627738332056723,0.18822575347635817,0.19082391956108744,0.19516244050577083,0.04844509402485733,0.29224866393258614
0.19019765680321257,0.1872440462131601,0.19477100008367967,0.18980948332740924,0.028845910944181596,0.29224866393258614
0.1892175966251741,0.1823358642664124,0.18687673427036985,0.18056360303608446,0.0709710177311354,0.29224866393258614
0.18088687000639522,0.17693682901243452,0.18885029882582585,0.1829967278772646,0.038528090917934445,0.29224866393258614
0.19068777997945993,0.18577166577052584,0.19329090108437633,0.19224269659119506,0.05443779434015537,0.29224866393258614
0.194118095335064,0.19460645818158734,0.20266539097652989,0.20051536820993046,0.0724193844856508,0.38152497439738675
0.2039189266004853,0.19951464950232878,0.21055966645647164,0.20343511212450618,0.06688028011852672,0.38152497439738675
0.2039188237087566,0.19706044279095897,0.19674455698743035,0.19467573300976945,0.048897643213150876,0.38152497439738675
0.19803838445430008,0.19117066304204494,0.20266534129824962,0.19418917288477763,0.026681211511511496,0.38152497439738675
0.19117780656862435,0.18871657418478804,0.1977314241042796,0.19516244050577083,0.03435779955441525,0.38152497439738675
0.19215790772403576,0.189698232311642,0.19871822700674255,0.19029619082341062,0.04292971621502234,0.38152497439738675
0.19313799241313476,0.18822577012702685,0.1982248338052072,0.19029619082341062,0.03596736733051248,0.38152497439738675
0.19019775437218747,0.1852808618867745,0.19477109737524242,0.18737644690883484,0.05525391812690833,0.38152497439738675
0.18480725256511474,0.18135425973900915,0.1908239157773822,0.18397002497245965,0.03975105537820341,0.38152497439738675
0.18431721024491446,0.17840933551610594,0.19131730895440183,0.18397002497245965,0.03837142585583436,0.38152497439738675
0.18627730350292934,0.19018895423121912,0.1927974123144051,0.19467573300976945,0.06577385492494242,0.38152497439738675
0.19803831697348087,0.19117059545403908,0.20167848782871203,0.19467573300976945,0.04292587809546087,0.38152497439738675
0.19705833590862196,0.19117069925409735,0.1992116249064537,0.19759559482115283,0.08854297584343375,0.38152497439738675
0.19754827474554124,0.19264305728826903,0.2031586670810965,0.19467573300976945,0.0634353933521257,0.38152497439738675
0.1985284782395594,0.19166153529266827,0.20019842645207656,0.19662235667436154,0.04444891372144491,0.38152497439738675
0.19411808180771442,0.19166151998791303,0.2026653773566818,0.19759559482115283,0.06051598004568618,0.38152497439738675
0.19901846906933227,0.19215230442427056,0.1997049823127572,0.19418917288477763,0.04605987717738267,0.38152497439738675
0.191667834456591,0.18822573889536798,0.198224802820011,0.19418917288477763,0.042490077065253755,0.38152497439738675
0.19068774818331966,0.1931339441077401,0.19921158747893045,0.20002869018813105,0.05453374732919216,0.38152497439738675
0.19999855198830233,0.1931339441077401,0.20365212593913043,0.20002869018813105,0.05403514070616096,0.38152497439738675
0.20157264400183236,0.19520320755986276,0.2027421132284616,0.19914950421960778,0.07213606147802215,0.38152497439738675
0.20157259800699182,0.19471049034239596,0.1913512425954492,0.18303024004482674,0.14368349498329858,0.38152497439738675
0.1828807864666155,0.17598898871348395,0.1913512425954492,0.18303024004482674,0.0,0.41698130400773614
0.19222675232745381,0.19175452489478695,0.19729434179151698,0.19182260079149135,0.08960439036216077,0.41698130400773614
0.19665373093526659,0.19126182353430088,0.20224684515922683,0.1957302610054054,0.04373397672313075,0.41698130400773614
0.19862126071856764,0.19618850502158014,0.20422782891058308,0.2015917660633774,0.07418003460448597,0.41698130400773614
0.20157264414417467,0.1947105365528632,0.20175160672638678,0.19524181453149184,0.04861432020552223,0.41698130400773614
0.19763752538593046,0.19323252299685523,0.20472312654863836,0.19817258179757882,0.02824855997243253,0.41698130400773614
0.20058889433732294,0.1937252241570243,0.2042279030402653,0.19719568884975172,0.023010224610943774,0.41698130400773614
0.19911312085181407,0.19372511973793027,0.20125627990893855,0.20061481416714652,0.04735122994983787,0.41698130400773614
0.1991131649866246,0.1922471507566344,0.20274208352082965,0.19426486263526097,0.04265965216587878,0.41698130400773614
0.19419428186605872,0.19175449466631977,0.2017515918556025,0.19768410584946336,0.05272180597621733,0.41698130400773614
0.19370239205221715,0.19076915240228204,0.20224684515922683,0.19768410584946336,0.045101742966855256,0.41698130400773614
0.19370239205221715,0.19076915240228204,0.20125633855197825,0.19768410584946336,0.053366610062544596,0.41698130400773614
0.1946861716799003,0.1937251791943952,0.20323735176647548,0.19768410584946336,0.05342208833620587,0.41698130400773614
0.19665371600606993,0.18978379518533411,0.20175157694928478,0.19426486263526097,0.07185204063047324,0.41698130400773614
0.1946861716799003,0.19175449466631977,0.20323735176647548,0.19768410584946336,0.04263801912835048,0.41698130400773614
0.19911320923689382,0.20210061840892207,0.20373263422441615,0.2054995146998971,0.06599681477946792,0.41698130400773614
0.20550777726550193,0.19865192024281614,0.21413295433025312,0.2054995146998971,0.0,0.41698130400773614
0.20550777726550193,0.19865192024281614,0.21413295433025312,0.2054995146998971,0.0,0.41698130400773614
0.20550776240772203,0.20259327455569726,0.21215192608696307,0.20598796117381066,0.060495044848078154,0.41698130400773614
0.2055077330315445,0.20850529823999808,0.21363765650724195,0.21380331107584064,0.07432064934841988,0.41698130400773614
0.21632923383578337,0.22328535446932268,0.21710435563925276,0.2133147761793214,0.056767183994008624,0.41698130400773614
0.21337789556261924,0.20653453944218808,0.22205688765206968,0.2133147761793214,0.0,0.0
0.21337789556261924,0.21885131519743412,0.22057112804822468,0.2133147761793214,0.05743466787774458,0.0
0.21386978527481323,0.20751988150260775,0.21066606402259083,0.2133147761793214,0.047602452321134206,0.0
0.2133779699823525,0.2129393384790143,0.22205696258067706,0.21966484560801455,0.05343150917512948,0.0
0.2212482216273454,0.21638805126726252,0.22750476364406616,0.22015332155612996,0.04554661591602585,0.0
0.22026441245137654,0.2198367191638846,0.22849524053440848,0.22210713692598602,0.04042447090126165,0.0
0.22518338461029477,0.21934412270121634,0.23295259466074367,0.22552643908859224,0.04271687503934072,0.0
0.225675170391431,0.22279271579873416,0.2304762240305103,0.22406095229584208,0.03300224550929543,0.0
0.22419958986459762,0.2223001345797212,0.22998105951963968,0.22894565282859272,0.04017394636988558,0.0
0.2291185037164142,0.22279282117240945,0.23047632809198318,0.22357259424453427,0.046469509210579754,0.0
0.22419954568635916,0.2183587209146876,0.22998101533651108,0.22454945771815946,0.029222046661205835,0.0
0.22419958999448344,0.221807463546358,0.2329525796696311,0.22699180798453475,0.03493037720899482,0.0
0.2291183369764541,0.22229998298586778,0.2270093908042696,0.2181993588152644,0.12770679892873196,0.0
0.2202643981189856,0.2203293756816822,0.22899047937421105,0.22650327308801552,0.05930278534430095,0.0
0.22764272938237776,0.2213147026013072,0.23196198374171248,0.22406095229584208,0.035206372897460654,0.0
0.22616710487569416,0.21983673426114203,0.232457281771529,0.22454945771815946,0.05678148971237411,0.0
0.22813464934004044,0.22230007505763116,0.23443828017568627,0.22796867145815994,0.04797789019823817,0.0
0.22764274458704717,0.22082204676431866,0.23394301191404124,0.22650327308801552,0.0657745527648627,0.0
0.22616707529343485,0.2213147178469551,0.23295250540607518,0.22650327308801552,0.037441554162077784,0.0
0.2276428187903076,0.22525616156827638,0.2344383395484658,0.22894565282859272,0.040559154005873295,0.0
0.23108592886091597,0.22476337122909545,0.23493347452932908,0.2308993797758431,0.08012214152556459,0.0
0.22911836999609034,0.2370801470848109,0.2369144873506153,0.2308993797758431,0.07959213210612134,0.0
0.23108609235178776,0.22624154880054642,0.23790515764809475,0.22943415825091004,0.0745313970043407,0.0
0.23206978302463357,0.23658755278412447,0.24087658823549693,0.24213406131468115,0.09644705970034474,0.026249887280849434
0.24731845488041496,0.2617138719810202,0.2557342754921962,0.2538572188016347,0.06871908830843185,0.026249887280849434
0.24977780121142498,0.2484116448392114,0.2537531592288006,0.2504378871648265,0.0345441228131267,0.026249887280849434
0.24387513827082738,0.24151426404133136,0.24979114750804796,0.24506482858076808,0.08205864730430719,0.026249887280849434
0.24781033131587196,0.24742639324269483,0.25325799513703284,0.24457644105525836,0.08509948475687326,0.026249887280849434
0.2458426533329602,0.24397757495298233,0.2537531294724399,0.2484840128465667,0.047774818781440305,0.026249887280849434
0.2428913587059943,0.24249960630557016,0.2507816541149934,0.2460417510027971,0.04960001909290022,0.026249887280849434
0.25076167057782883,0.243977694875802,0.2537532485042402,0.24457644105525836,0.02680368241751846,0.026249887280849434
0.2507615807767529,0.24644096043604452,0.2587056919511356,0.2504378871648265,0.04145587830341717,0.026249887280849434
0.2492858815915229,0.24545558816088553,0.2547436359535956,0.2484840128465667,0.05272389949597814,0.026249887280849434
0.25272910921188596,0.24644092965960573,0.25276262236081926,0.24359940073642175,0.0369565554174918,0.026249887280849434
0.2438750937018839,0.23708017935558956,0.25276262236081926,0.24359940073642175,0.0,0.026249887280849434
0.24830219036594067,0.2528457447648902,0.2567247377025439,0.2592302479114912,0.03502144531858974,0.026249887280849434
0.25666418401583535,0.25186026796590677,0.26118188434940104,0.2548339643784522,0.024305764422920578,0.026249887280849434
0.253712845781384,0.2513675969421593,0.2582103651806884,0.2548339643784522,0.04361429717680486,0.026249887280849434
0.25666428822393883,0.25136770164060124,0.25870572177239703,0.2523917614830864,0.032949907515275365,0.026249887280849434
0.2551886481881096,0.2572797852288889,0.262667777715735,0.2592302479114912,0.05738547016336572,0.026249887280849434
0.25764805261680257,0.2523530285982323,0.2537531738100114,0.24506482858076808,0.05947515180460705,0.026249887280849434
0.2492859111146681,0.24348493351603945,0.249791132740357,0.24555327505468164,0.06101179530903631,0.026249887280849434
0.24289135845174828,0.23708022377155713,0.24533386769699414,0.2382263716265652,0.09272129236603602,0.026249887280849434
0.23698868087775996,0.23264618372769919,0.24582912098449974,0.2382263716265652,0.08756111507561723,0.06350351498118983
0.23649679088613737,0.23067549906924378,0.23889557476705395,0.2323648370943913,0.10573042415966465,0.06350351498118983
0.23797246027900462,0.23412419687966118,0.24137184120352498,0.2323648370943913,0.061231265963960474,0.06350351498118983
0.23846425940347263,0.23215342150141693,0.23840023195927493,0.23041090382772764,0.052970934827752864,0.06350351498118983
0.23698872600802393,0.23116821567953533,0.23443833967967673,0.22699180798453475,0.07407710321624648,0.06350351498118983
0.23502110711598248,0.23609486669219537,0.2388955604487993,0.24066866294453673,0.07187367366800154,0.06350351498118983
0.2409237844999215,0.2341241822917089,0.2433528398928382,0.24066866294453673,0.04661361315411501,0.06350351498118983
0.24289135873716974,0.2410215929883598,0.25078165414631504,0.24701867342482606,0.07758619125531213,0.06350351498118983
0.24682643220521802,0.24200689004191384,0.2492958496814797,0.24359940073642175,0.05627590469014023,0.06350351498118983
0.24436719175899266,0.240036415515767,0.24830555069904323,0.24262268463380607,0.038036113774145786,0.06350351498118983
0.24289135857995894,0.23658755278412447,0.24880064083779338,0.24213406131468115,0.04241087223430338,0.06350351498118983
0.24781033169964764,0.24151433928424143,0.24384818153587276,0.24164567378917143,0.13476824108191984,0.06350351498118983
0.2409238734160685,0.23560228493612045,0.24781020847679944,0.24164567378917143,0.05177972208385607,0.06350351498118983
0.24043187984553635,0.23412416737969538,0.24384807836723468,0.24018018699642127,0.06258472648931948,0.06350351498118983
0.2419075789840203,0.23855823724861008,0.24929589412543687,0.24213406131468115,0.04718619080869458,0.06350351498118983
0.2443669834524396,0.23806552149285443,0.25078160940119676,0.24359940073642175,0.04242273551294793,0.06350351498118983
0.2350211077315061,0.24397760493208587,0.2438480937841306,0.2504378871648265,0.04394856249861304,0.06350351498118983
0.2428913286756377,0.23708019388442492,0.2478101044110427,0.24018018699642127,0.07006801287430911,0.06350351498118983
0.24781021170632925,0.2434849032478112,0.25226736912091363,0.24359940073642175,0.04611884465064528,0.06350351498118983
0.24387513814398312,0.2370802238682806,0.2468196276554975,0.24115713889265214,0.025270528112690538,0.06350351498118983
0.23797244580795193,0.23461685339183058,0.240381320263479,0.24066866294453673,0.05418761872873943,0.06350351498118983
0.2409237844999215,0.2341241822917089,0.2497911324231166,0.24066866294453673,0.0,0.06350351498118983
0.2438753017865983,0.23757305906164933,0.24582928338273677,0.24262268463380607,0.02593347603694476,0.06350351498118983
0.24239963186941518,0.23806573035247297,0.2502865645520882,0.24262268463380607,0.03926117175417556,0.06350351498118983
0.24485890275588082,0.2380655510926818,0.24434334643595798,0.24066866294453673,0.034806161703187184,0.06350351498118983
0.24485890243119682,0.23806555076748204,0.24483859938687355,0.23578405083439183,0.0157164017643068,0.06350351498118983
0.23748066099293327,0.23067558972456342,0.23592414410484017,0.22943415825091004,0.03345549253750924,0.06350351498118983
0.23206969330595736,0.22624136928775684,0.23542871282640385,0.23041090382772764,0.03559890785261118,0.06350351498118983
0.2325616582060078,0.23708020889243858,0.23988606699191908,0.24066866294453673,0.05550165129860333,0.06350351498118983
0.24485891773985366,0.24102159279697916,0.24979114738115313,0.24115713889265214,0.02923356101989025,0.06350351498118983
0.24141570399485016,0.23461688315196028,0.24483862927091662,0.23773792515265166,0.03207062921573819,0.06350351498118983
0.24045063388570362,0.2346431276639513,0.24532254158019937,0.23626135605998652,0.048974056684420175,0.06350351498118983
0.23648554188392837,0.22967888996756275,0.24532254158019937,0.23626135605998652,0.0,0.06350351498118983
0.23648554188392837,0.22967888996756275,0.24532254158019937,0.23626135605998652,0.0,0.06350351498118983
0.2349986856278051,0.2311682149560606,0.2418294156878449,0.23773795462685357,0.03050676995441849,0.06350351498118983
0.2379725049790459,0.2311682149560606,0.24681967236945687,0.23773795462685357,0.0,0.06350351498118983
0.2379725049790459,0.2311682149560606,0.24681967236945687,0.23773795462685357,0.0,0.06350351498118983
0.24243324198751756,0.23563603740279648,0.24582162897406576,0.23823014432440862,0.032265326553492846,0.06350351498118983
0.24045058210235318,0.23414665197257772,0.2448234643411479,0.2367534868091378,0.05040044148144716,0.06350351498118983
0.23698112699309795,0.23017526226451968,0.24582151544718475,0.2367534868091378,0.0,0.06350351498118983
0.23698112699309795,0.23017526226451968,0.24582151544718475,0.2367534868091378,0.0,0.06350351498118983
0.23698112699309795,0.23017526226451968,0.24582151544718475,0.2367534868091378,0.0,0.06350351498118983
0.2087298807228722,0.21975039667992752,0.21637903900669916,0.2205115215318403,0.06309449855107498,0.06350351498118983
0.22062515624963155,0.21379331168392446,0.22935370433025634,0.2205115215318403,0.0,0.13814062944353742
0.22062517387682726,0.22967888996756275,0.2293537220779849,0.23626135605998652,0.057464326074355955,0.13814062944353742
0.23450304305938682,0.22918251360463676,0.23334597341082822,0.22444903911228067,0.0967935372207576,0.13814062944353742
0.22459025387105389,0.21826113122576468,0.22735760771319427,0.21903498191337703,0.05173331572915828,0.13814062944353742
0.21963394650087611,0.21776476571129888,0.22336546018030098,0.22444903911228067,0.03423218836876708,0.13814062944353742
0.2186426160299275,0.21230404615189147,0.22136930056250495,0.21903498191337703,0.0493644981198099,0.13814062944353742
0.20922553437172345,0.22967888996756275,0.2178761330607684,0.23626135605998652,0.0503100712117725,0.13814062944353742
0.23648554188392837,0.22967888996756275,0.24532254158019937,0.23626135605998652,0.0,0.13814062944353742
0.2335117640991282,0.23265747441177353,0.2383362241815253,0.23330830629726199,0.0558275425413683,0.13814062944353742
0.22756413724970306,0.2311682149560606,0.23384500499726565,0.23773795462685357,0.04003542514571246,0.13814062944353742
0.23202485826043182,0.22570754480979627,0.22735766348048372,0.22248030979626235,0.09112603030830428,0.13814062944353742
0.2166600342390471,0.21975036577380802,0.22536146924069653,0.22592549030813816,0.060841173448530884,0.13814062944353742
0.2226077298177567,0.21726830571605632,0.22735762955805652,0.2185428216900239,0.058639837420046734,0.13814062944353742
0.21864272143530336,0.2123041518446625,0.22136940524145707,0.21263672216457477,0.06188514196925121,0.13814062944353742
0.20972115822866497,0.2063469600283387,0.21687806915644922,0.211652254346859,0.05738826152304679,0.13814062944353742
0.21765136470360022,0.21379333925010358,0.22136932210948276,0.2185428216900239,0.04379713123591497,0.13814062944353742
0.22062518377209397,0.21875757705860738,0.22735762955805652,0.2185428216900239,0.05548909018003851,0.13814062944353742
0.22459027077094038,0.2242182334730582,0.23284690626436325,0.2274020888750052,0.054220068285031876,0.13814062944353742
0.22706845546884166,0.22521108322036004,0.23484301090356105,0.22937081819102348,0.04460139174402338,0.13814062944353742
0.22855537140877977,0.23166459889711732,0.23534204295168573,0.23527700613907834,0.04473467916879449,0.13814062944353742
0.23549428262232833,0.22868605618895155,0.24432450419409948,0.23527700613907834,0.0,0.13814062944353742
0.2354943242020008,0.2311682169859619,0.23634013533198375,0.23232395637635375,0.0765959564084524,0.13814062944353742
0.23598996076274634,0.2306717931557033,0.23634013533198375,0.23232395637635375,0.12423155612579931,0.13814062944353742
0.23252050483752815,0.22570755485311805,0.24133039203579973,0.23232395637635375,0.0,0.1837353505324263
0.23747676343727728,0.23116810969153417,0.24332638768209267,0.2367534868091378,0.06251598925717312,0.1837353505324263
0.23450308879625995,0.23017540730820596,0.23534212129866247,0.2328161755481107,0.053896270562027705,0.1837353505324263
0.23301609642432905,0.2346431379099576,0.23983326994244183,0.23872227507355984,0.04041435222241777,0.1837353505324263
0.24144196088882688,0.23464318175240867,0.2453225953649734,0.23773795462685357,0.028389174716366452,0.1837353505324263
0.23549429989738793,0.23166461631319984,0.22935375227903557,0.22346465971717058,0.11922246117811847,0.1837353505324263
0.22359902307769267,0.2167719022044553,0.23234790614068526,0.22346465971717058,0.0,0.1837353505324263
0.22359902307769267,0.2167719022044553,0.23234790614068526,0.22346465971717058,0.0,0.1837353505324263
0.22359902307769267,0.2167719022044553,0.23234790614068526,0.22346465971717058,0.0,0.1837353505324263
0.22359902307769267,0.2167719022044553,0.23234790614068526,0.22346465971717058,0.0,0.1837353505324263
0.22359902307769267,0.2167719022044553,0.23234790614068526,0.22346465971717058,0.0,0.1837353505324263
0.22359902307769267,0.2167719022044553,0.23234790614068526,0.22346465971717058,0.0,0.1837353505324263
0.22359902307769267,0.2167719022044553,0.23234790614068526,0.22346465971717058,0.0,0.1837353505324263
0.21864265705365085,0.21230408728746886,0.21039077716130142,0.2086992045841344,0.1768598515527008,0.1837353505324263
0.21120802577328532,0.21081473121336347,0.21039069515392747,0.20180857829256568,0.063219760816763,0.1837353505324263
0.20674739608521078,0.21031840832290155,0.20939274159307944,0.21706631154576259,0.06734818178506614,0.1837353505324263
0.21715576176936993,0.22123973043701783,0.22386448386564492,0.22248030979626235,0.043624066935688606,0.1837353505324263
0.22062516215113412,0.2177647076456286,0.21488196798552775,0.20623825609635918,0.038216156473574826,0.1837353505324263
0.2067473325132381,0.20585052936497833,0.21438293435045627,0.20574606639880413,0.04697125611325216,0.1837353505324263
0.20625171695728503,0.19939704160900606,0.20589951999821496,0.1978711786089329,0.0824138478237234,0.1837353505324263
0.19782597281879763,0.20138281513070366,0.20390349401324873,0.2082070738349832,0.08317414441685494,0.1837353505324263
0.21170372956239566,0.20485771419533866,0.21588004326654478,0.20771482518902432,0.041480651620586666,0.1837353505324263
0.21071242185601155,0.20436125563911017,0.19941216437065626,0.19098061126576796,0.050968832096505115,0.1837353505324263
0.19832156089045547,0.19989349395890477,0.20140831728487676,0.2032852063336346,0.04326223693702985,0.1837353505324263
0.1998084704966884,0.19790779873936953,0.20739662502336323,0.2032852063336346,0.023827046237617003,0.1837353505324263
0.19832152493573016,0.1929435245499287,0.20589951197445625,0.19737898891137787,0.026245061561344245,0.1837353505324263
0.2027822098067504,0.2118075822268209,0.20889362198356123,0.2165740334256018,0.05586173669746141,0.1837353505324263
0.21566875727759752,0.2118075822268209,0.21538095413362676,0.2165740334256018,0.08139569938005296,0.1837353505324263
0.2087298928162085,0.22074325682701224,0.21737710236146365,0.2249411698614319,0.06669256117997473,0.1837353505324263
0.22260781209255934,0.22967898524117514,0.23085089164716152,0.23478490486412898,0.0551349364205027,0.1837353505324263
0.2384680980482898,0.2331538665678467,0.24332644928641076,0.23872227507355984,0.05159549234490542,0.1837353505324263
0.23945931405338786,0.23414665683542923,0.2453224947349427,0.24069094544117434,0.04994510093347254,0.1837353505324263
0.23698127180676212,0.2316646789232436,0.23783724985875934,0.2328161755481107,0.021159902062354227,0.1837353505324263
0.23747688014583543,0.235636041280392,0.24632065850680188,0.24216760295644515,0.05589034813419238,0.1837353505324263
0.24045069957371243,0.235636041280392,0.24831676123088678,0.24216760295644515,0.05368168478654542,0.1837353505324263
0.24144194104781672,0.23464316187988293,0.2458216012506114,0.24019884416622497,0.039849450806961145,0.1837353505324263
0.24243320448340125,0.24159308539334234,0.2493147711140076,0.24512065271916975,0.04895870420617429,0.1837353505324263
0.24838086870779733,0.2420895351619457,0.25330700206188583,0.24856595112785315,0.06161298440034685,0.1837353505324263
0.2488764618263444,0.24308233921232442,0.25580208683441963,0.24955027157455947,0.03498376196289529,0.1837353505324263
0.2429288330995725,0.24407519631469354,0.2518098913300133,0.2446284630216147,0.037904919869135474,0.1837353505324263
0.24441577029282166,0.23861456239238005,0.24981381643838171,0.24265976317979834,0.03254899848108163,0.1837353505324263
0.24639827273536744,0.23960736620868617,0.24731864485619107,0.2436440836265046,0.027980938363009904,0.1837353505324263
0.2424331807263528,0.23762167112650528,0.24033228631121686,0.2436440836265046,0.046617800193636615,0.1837353505324263
0.24639824753461168,0.2410966121986372,0.25230887574931626,0.2475815127843393,0.03949355244762467,0.28772071605969657
0.25036336115088487,0.2495358379746327,0.2563011022475137,0.2470893525609861,0.05536173439458967,0.28772071605969657
0.247389542166964,0.2445716003073078,0.2543049998214232,0.2470893525609861,0.028893364058759793,0.28772071605969657
0.24639826220342934,0.2475501358084234,0.2553030440179216,0.2539798904299492,0.04396426389681906,0.28772071605969657
0.25234590008192637,0.24903940708624916,0.26129135120623703,0.2539798904299492,0.07981823224028806,0.28772071605969657
0.25631106151663996,0.25052874813587067,0.2582972665781623,0.25644086839192626,0.04515198744111452,0.28772071605969657
0.2582935151089153,0.2535071979365553,0.26528353308654873,0.25988604890380207,0.04602079814184768,0.28772071605969657
0.25829350235722237,0.2530107613892615,0.2612913158076683,0.2554564005742105,0.05607004191366129,0.28772071605969657
0.248876471318116,0.24258592495172088,0.24831671193711244,0.2446284630216147,0.0559555961667374,0.28772071605969657
0.24738961731695017,0.24953591468838848,0.24781774122917663,0.24807379090450002,0.059684503780687334,0.28772071605969657
0.25036336115088487,0.24357875277384283,0.2533069486083781,0.2470893525609861,0.04000751154890176,0.28772071605969657
0.24738954794445892,0.24109663973302148,0.25131085193727354,0.24561281294252288,0.036918174221877084,0.28772071605969657
0.24590263843402035,0.2391109446414148,0.2548040312263422,0.24561281294252288,0.0,0.28772071605969657
0.24838089792314386,0.24953592227857546,0.2558021597025064,0.2559487081685732,0.06757323515935244,0.28772071605969657
0.25531968364049384,0.25102506650074263,0.2642854691777845,0.2554564005742105,0.047409848503140346,0.28772071605969657
0.255815320093282,0.2490393716122239,0.2647844947394705,0.2554564005742105,0.0,0.28772071605969657
0.2543284557036307,0.26442855364696205,0.2627884377213716,0.2692375352605404,0.10179251348959457,0.28772071605969657
0.2701887471600847,0.28081045864566867,0.2787571802278147,0.2790810934180261,0.07255790570982391,0.28772071605969657
0.28010155817109605,0.2783284237091631,0.280753364074804,0.27317499389257693,0.06370231712162805,0.28772071605969657
0.2801016818843396,0.2733643098799504,0.2782583578359814,0.2771125704214211,0.044210601388673526,0.28772071605969657
0.26820617264608615,0.26740698975004146,0.27676104911157173,0.27366706569332433,0.061197420727827495,0.28772071605969657
0.2776232934936125,0.27435695065580123,0.28574353766075367,0.2790810934180261,0.06718349156388298,0.28772071605969657
0.2781189005025235,0.27237122637072364,0.2832483806285988,0.27366706569332433,0.07785311502481448,0.28772071605969657
0.27911028516215086,0.2728677621963044,0.27925628723363227,0.27317499389257693,0.026859509611139868,0.28772071605969657
0.27464960817294426,0.2693928475679514,0.27726023600278094,0.2726828631434257,0.02949874018959194,0.28772071605969657
0.2682062420415846,0.2614499753109491,0.2602932750143051,0.25791731958778386,0.06671942801690503,0.28772071605969657
0.2587892229712463,0.27534991730265934,0.2592952967986608,0.2716984837483156,0.06647972000429311,0.28772071605969657
0.2746496398009194,0.2684000316262797,0.274765138939821,0.2746516219336459,0.05062933297529493,0.28772071605969657
0.2701888791654613,0.2664143046125924,0.27027387667887404,0.2726828631434257,0.04654348024212812,0.28772071605969657
0.2731626985037833,0.2664143046125924,0.28225049266271407,0.2726828631434257,0.0,0.28772071605969657
0.27316272719136114,0.2679036049104872,0.26378657082520773,0.2559487081685732,0.06134047791148235,0.28772071605969657
0.2622586044779813,0.2589678566459869,0.26528353074036215,0.25791731958778386,0.06563254234108824,0.28772071605969657
0.2563111068729026,0.2554930324554668,0.26129146589585284,0.2574252772612383,0.050574901461514055,0.28772071605969657
0.2533372421411003,0.2510251719679767,0.2622894719560718,0.25644086839192626,0.027549324372324394,0.28772071605969657
0.2523458752053095,0.2564857379810248,0.26129132615951656,0.25791731958778386,0.05242138589054213,0.28772071605969657
0.25978042215981345,0.2559893142480324,0.26378645402254497,0.25791731958778386,0.07784997474517329,0.28772071605969657
0.2622585283135651,0.2559892378838292,0.265283455005785,0.25693288124426994,0.04241889739338646,0.28772071605969657
0.2563108999425121,0.25449997526915547,0.2612912592939701,0.25201107269132517,0.10610795555652942,0.28772071605969657
0.25631106151663996,0.25301086729640054,0.2632875233005493,0.25644086839192626,0.0418020069038699,0.28772071605969657
0.2582936077669997,0.25152159580008265,0.26378654897278786,0.25644086839192626,0.029847311229765607,0.28772071605969657
0.2543283964911809,0.2574785603223537,0.2632874037132784,0.26185474874561854,0.05004593880195121,0.28772071605969657
0.25631096691437827,0.2540036193160627,0.2642854795951507,0.25791731958778386,0.04954733217892001,0.28772071605969657
0.2563110438370938,0.2545001208998638,0.26528360818906693,0.260870487247316,0.0676730262679507,0.28772071605969657
0.25829343723395437,0.25549281422964404,0.26628150599255584,0.25693288124426994,0.0253929990186975,0.3711596801968974
0.2597803463888083,0.25549281422964404,0.2622893020454723,0.25693288124426994,0.03533826464239123,0.3711596801968974
0.2533372421411003,0.2510251719679767,0.2617904462838332,0.25644086839192626,0.023394734407011224,0.3711596801968974
0.256806654029227,0.2500322801837928,0.2572991716703208,0.2500424612721145,0.047362046468602016,0.3711596801968974
0.24937204877909888,0.24258586580068542,0.24681957704519367,0.2392144058227111,0.06856242324633177,0.3711596801968974
0.23995499470716167,0.2505286855080977,0.2488157181496746,0.2470893525609861,0.039951335435320215,0.3711596801968974
0.2483807629993672,0.24655724257334732,0.2553029987390364,0.2529954815606372,0.025778206654685217,0.3711596801968974
0.2563110050070905,0.25400365782846446,0.2523089031627218,0.24561281294252288,0.041447853144334086,0.3711596801968974
0.23846818161306346,0.23762176538339413,0.2368391984347206,0.2328161755481107,0.07141414608050532,0.3711596801968974
0.2384680808328228,0.24109662946019156,0.2473186369177622,0.24315189392894956,0.0576237824961371,0.3711596801968974
0.24838073615506254,0.24854291013056967,0.25680004839188053,0.2549641814024536,0.04602254274164835,0.3711596801968974
0.25531969631248874,0.2535071979365553,0.25729912388559084,0.25988604890380207,0.03311180637677745,0.3711596801968974
0.2612673694356026,0.25499650476639285,0.26278844042897753,0.25840953875954076,0.026768441501544945,0.3711596801968974
0.25432847144642357,0.24903943261178557,0.2592952741738995,0.2500424612721145,0.02048892897901693,0.3711596801968974
0.2444157289235818,0.2445716061433329,0.25180987754999773,0.24561281294252288,0.03155597227454083,0.3711596801968974
0.2459025959958355,0.24357871568279127,0.250312758394742,0.24118313513872938,0.04430166949826845,0.3711596801968974
0.24639822761706467,0.24010374474098273,0.24482347239678912,0.23724567650669284,0.04337947404363481,0.3711596801968974
0.2384681275007998,0.23464316760163662,0.24033232476565677,0.23133957698124366,0.04151693929644058,0.3711596801968974
0.22211208337749302,0.23513955143359017,0.23085079890631757,0.23626135605998652,0.06122324080487739,0.3711596801968974
0.24045064898272459,0.2435787709657462,0.24731865915242704,0.2500424612721145,0.05861436626295696,0.3711596801968974
0.24441567854766896,0.2425858600544239,0.24981372475967048,0.24069094544117434,0.02411246276500645,0.3711596801968974
0.24094634181026384,0.2445716762186183,0.24931481829073973,0.24807379090450002,0.048068958307833094,0.3711596801968974
0.25333718458355037,0.24903941868716278,0.2572991578925744,0.2510268111930227,0.08995749736181617,0.3711596801968974
0.2553197190211748,0.25251437340117605,0.2617903768052633,0.2539798904299492,0.08227986255903202,0.4251622805132288
0.25829351276891255,0.2549964667820475,0.26328742844993935,0.25791731958778386,0.07959178318616121,0.4251622805132288
0.25829359788334294,0.256485824118668,0.26628166740347303,0.26136267694487103,0.05356235416017966,0.4251622805132288
0.2642411892524492,0.26591782857141466,0.272269927862276,0.2657922663260589,0.06588341579242445,0.4251622805132288
0.2701887902946216,0.2634356726452313,0.26528353308654873,0.25988604890380207,0.058531672232405255,0.4251622805132288
0.2662236961870501,0.2614499753109491,0.26528353074036215,0.25791731958778386,0.06960185580757036,0.4251622805132288
0.25829351276891255,0.2525143481170854,0.26578255631296777,0.25791731958778386,0.04392099782176247,0.4251622805132288
0.26126726387830546,0.25499639893198245,0.2612912592939701,0.25201107269132517,0.04544682480742758,0.4251622805132288
0.25234581119795285,0.25350713039203543,0.25430490464972466,0.2593938002578433,0.04272978507786567,0.4251622805132288
0.25978052732770274,0.25648584408163744,0.26528363585769066,0.25890178740549963,0.047810059697413816,0.4251622805132288
0.26374559995858193,0.25847151940584445,0.26628166740347303,0.26136267694487103,0.060771738376464254,0.4251622805132288
0.2652325368921281,0.2693928714223881,0.2732680540764775,0.27415943223609085,0.09361208502425761,0.4251622805132288
0.2781189379328879,0.27932119572933467,0.28524452016940194,0.27957328311558116,0.07245148512198311,0.4251622805132288
0.28010148365389675,0.2733641113346383,0.2892367244813704,0.27957328311558116,0.0,0.4251622805132288
0.2781189005025235,0.27237122637072364,0.28274935512728894,0.27366706569332433,0.07528925115775131,0.4251622805132288
0.27217130076986107,0.2753498061328704,0.28125231585743327,0.27957328311558116,0.06090048984175363,0.4251622805132288
0.2840665750959146,0.28031404312845076,0.28474549463040577,0.27957328311558116,0.04009788181857641,0.4251622805132288
0.2741539151999395,0.2793212662124983,0.2832484871923122,0.28203426107755825,0.04489657803029658,0.4251622805132288
0.2820840391911583,0.28130690047645746,0.2872406321303218,0.28744820037965424,0.05163247786067961,0.4251622805132288
0.2905100218089268,0.2837891824200738,0.29522520372236083,0.2864639978297555,0.06328535776926816,0.4251622805132288
0.28803177978841665,0.29520687065933826,0.2972212471301865,0.30122939401438786,0.07944733032266582,0.4251622805132288
0.30190961479396294,0.29520688252780725,0.30271054102596506,0.2982763147774614,0.1242395812848824,0.4251622805132288
0.3011236884289913,0.31234946778665984,0.29888751418122994,0.2950172343763924,0.0704280982731672,0.4251622805132288
0.29565388700111417,0.30238853938299315,0.3043948142015961,0.30291797104133134,0.08320519829330686,0.4251622805132288
0.2916757793584781,0.2959138674830928,0.30038950471997494,0.3019303494840121,0.05233380698054855,0.4251622805132288
0.29664835863453265,0.29890214940739723,0.3008901527434169,0.3048930962591623,0.05265202198419057,0.4251622805132288
0.2986374411921874,0.29392170714243515,0.3048954731541861,0.2979800400999464,0.04959548313341847,0.4251622805132288
0.2916757786853472,0.29342362229241914,0.30089016330068763,0.29699241854262715,0.056679256164054906,0.4251622805132288
0.29267028471593115,0.29292556113093837,0.3013908104108962,0.2950172343763924,0.06491097586353153,0.4251622805132288
0.2986372918960326,0.2919293618695449,0.30189136882013345,0.29551092725824446,0.08487338462270656,0.4251622805132288
0.29963180978469406,0.29342350824206265,0.303393346263089,0.29551092725824446,0.05881429740011363,0.4251622805132288
0.2956537382300477,0.29093326428786637,0.30289268711543715,0.29551092725824446,0.12870610569455518,0.4251622805132288
0.29814003295170177,0.2929254594512234,0.30389400541074096,0.29551092725824446,0.07078783475206515,0.4251622805132288
0.28968668708295464,0.28445868644658845,0.28687164962860334,0.2856351243238784,0.0921420852322139,0.4251622805132288
0.28371963448851223,0.2959138674830928,0.29287961584327904,0.3019303494840121,0.07133354556971441,0.4251622805132288
0.2916756648922201,0.28993716490273247,0.2958834572704694,0.2905729963168595,0.06591446966887635,0.4251622805132288
0.2837196568396415,0.290435352557749,0.29287963834724295,0.2960048559337116,0.0627912871057187,0.4251622805132288
0.29664839282985334,0.2899373036344839,0.30589677964730866,0.2960048559337116,0.0,0.4251622805132288
0.29664839282985334,0.2899373036344839,0.30589677964730866,0.2960048559337116,0.0,0.4251622805132288
0.2966483522136292,0.2954158006768871,0.3028927833060201,0.3014365387053525,0.046414379856878615,0.4251622805132288
0.3036100500713258,0.29840416563423344,0.3068981282371519,0.298473850878606,0.03507727251221115,0.4251622805132288
0.29913455801668176,0.2969098570279163,0.3068979675011789,0.29896748481205426,0.038009595857175615,0.4251622805132288
0.2996318169679194,0.2929254666458586,0.3089006041196031,0.29896748481205426,0.0,0.4251622805132288
0.2996318169679194,0.2929254666458586,0.3089006041196031,0.29896748481205426,0.0,0.018995744764406866
0.2996319597090247,0.29740805003073034,0.3089007478367567,0.30291797104133134,0.0250915321731419,0.018995744764406866
0.2996319235447955,0.29491776899361244,0.3003895040429031,0.29699241854262715,0.050494300950723145,0.018995744764406866
0.29714565812804716,0.293423652364994,0.3013908523240294,0.29946141348752153,0.03591433149657214,0.018995744764406866
0.3060963457700542,0.3053768511379096,0.3134066994365615,0.30341178181999096,0.05124796806461216,0.018995744764406866
0.3026155142399576,0.3048787840591246,0.30940140712955233,0.30291797104133134,0.046230150117927964,0.018995744764406866
0.3095770757240728,0.3048787179514262,0.3114039790332369,0.30439928548050266,0.059226371873031654,0.018995744764406866
0.3095770757240728,0.30288652245904635,0.3078993644208661,0.30439928548050266,0.07977322156543079,0.018995744764406866
0.3075880216112652,0.3028865043551441,0.312405279518319,0.30390547470184304,0.05919531799657974,0.018995744764406866
0.30162085277287043,0.296411808230159,0.30389401257354265,0.29896748481205426,0.061094140419627886,0.018995744764406866
0.3026154671562411,0.29890214940739723,0.3078993822080628,0.3048930962591623,0.06124452492244556,0.018995744764406866
0.3055990513509067,0.30139242398196087,0.3134066639828341,0.30736209120405666,0.06627560182761483,0.018995744764406866
0.30858247072561407,0.30587472795548776,0.31741180233997135,0.31180609346997434,0.0639598200522068,0.018995744764406866
0.31355516283562235,0.3153377594475365,0.3204158601108853,0.32118826247089216,0.07039355519711395,0.018995744764406866
0.3220085800650436,0.33276948449648636,0.3279257623237962,0.3330393085198967,0.060794418173872954,0.018995744764406866
0.3394125467659026,0.33476157942718876,0.3339335752730952,0.33847093234313375,0.0641363735520345,0.018995744764406866
0.33941260396945205,0.33276944148156895,0.336436927416805,0.32859512940876767,0.06874595514536215,0.018995744764406866
0.3225059501098866,0.32131447210064945,0.32442125773251507,0.3246449379215096,0.07451604452609481,0.018995744764406866
0.3195222433877095,0.3248006597029519,0.3289270391416338,0.32859512940876767,0.048111875462929554,0.018995744764406866
0.3309591827404176,0.32430259283143215,0.33643690944336624,0.32810131863010805,0.04864223380233293,0.018995744764406866
0.3239975403607066,0.32778891799804344,0.3329322785285095,0.3325454387928334,0.05420750716646706,0.018995744764406866
0.3354344844540893,0.32878500311795755,0.33843951712497433,0.3305702546265986,0.05323471831761402,0.018995744764406866
0.3314564684064959,0.33675384124316154,0.3409428691109312,0.3419275488453474,0.09483958544400832,0.018995744764406866
0.3473687571231867,0.34771091636180096,0.3449481429209429,0.3419275488453474,0.04027897127788586,0.03758184359111292
0.3428934170712571,0.3362557835097141,0.3389402235085286,0.32859512940876767,0.07944663248274556,0.03758184359111292
0.32946742367858073,0.32280846425829757,0.3389402235085286,0.32859512940876767,0.0,0.03758184359111292
0.3294674303280022,0.32679286185602574,0.33843957097898714,0.3320516869625775,0.0851340278329265,0.03758184359111292
0.3329482849612361,0.32629485454382345,0.33944093097425077,0.3315579351323217,0.04445065832124558,0.03758184359111292
0.3324509306225779,0.32629475902560323,0.33894017630040263,0.3305702546265986,0.045546964835985984,0.03758184359111292
0.3314564417386585,0.3257967393659372,0.3349349318375743,0.32810131863010805,0.026265996758952272,0.03758184359111292
0.33245113321171393,0.32579691311806114,0.3339337855697334,0.3246449379215096,0.06691133399497862,0.03758184359111292
0.3254894215829135,0.3218124370532126,0.32992842743219875,0.32069451064063637,0.07195811229835392,0.03758184359111292
0.3200196071483037,0.31334564080861904,0.3269245072427479,0.31674420125657066,0.07588206617001864,0.03758184359111292
0.3155440851422432,0.3138434976867085,0.32241838298956116,0.3147688402451245,0.05676229911456675,0.03758184359111292
0.3205167492698069,0.32280845188961693,0.32992834534827375,0.3266199452425329,0.04395763441757652,0.03758184359111292
0.3215113844826263,0.3208163751818417,0.3269245072427479,0.31674420125657066,0.04498904181973203,0.03758184359111292
0.3244948335331451,0.3322713926204055,0.33293231288839165,0.32859512940876767,0.06251459357733259,0.03758184359111292
0.33344551382542376,0.32878506871658997,0.3359362861228652,0.3290889401874273,0.03807519280968077,0.03758184359111292
0.32698121127056534,0.32529879211625046,0.3349350327636982,0.32760762574825597,0.03368577971119755,0.03758184359111292
0.32847298854067475,0.32280854743236853,0.33443437346934424,0.32760762574825597,0.03341746026185466,0.03758184359111292
0.3294676188096872,0.32828719912656024,0.338439760576971,0.3340270479740236,0.06869954879066435,0.03758184359111292
0.33593172697236173,0.3297810842603115,0.3434460923726397,0.33501437478932394,0.05479404161945198,0.03758184359111292
0.3364290442137954,0.3307772403493229,0.3399415362995404,0.3300765027963427,0.06934156151731054,0.03758184359111292
0.3359317559569611,0.332769406295518,0.34244480307702485,0.3325454387928334,0.0506558508922651,0.07487750635620505
0.3314564664103561,0.32679286185602574,0.3404422078767111,0.3320516869625775,0.044599298224262576,0.07487750635620505
0.3294674057456948,0.3233064951417619,0.33293229502985167,0.32810131863010805,0.03244920737248336,0.07487750635620505
0.33493735671114844,0.3282870857369087,0.3379389885298212,0.32760762574825597,0.026362298667949202,0.07487750635620505
0.32847298854067475,0.32181244955881594,0.3379389885298212,0.32760762574825597,0.0,0.07487750635620505
0.33394277769247993,0.32978117133727536,0.3329323354915952,0.3226696358584673,0.042656162966277444,0.07487750635620505
0.33245099576379056,0.3257967754518154,0.33493496765340713,0.3290889401874273,0.02265816437116877,0.07487750635620505
0.33344549579492944,0.32679285514760625,0.33393363132508114,0.32859512940876767,0.028038161236471848,0.07487750635620505
0.3244948335331451,0.3233065131194611,0.33393363132508114,0.32859512940876767,0.012367119066982443,0.07487750635620505
0.324494821296344,0.3223104030396976,0.33393361900460605,0.3266199452425329,0.02867842936331737,0.07487750635620505
0.3314564251083657,0.327290869168296,0.3374382112093852,0.3325454387928334,0.02914144615041493,0.07487750635620505
0.33493721450319125,0.32878499211164125,0.34244477951414654,0.3335330014017488,0.02986126802817096,0.07487750635620505
0.33344557944103914,0.32729098786335586,0.33743832923546724,0.32760762574825597,0.03595759757162873,0.07487750635620505
0.3334455672852581,0.32828707352885433,0.33543567998484014,0.3256324415820213,0.029580387460263247,0.07487750635620505
0.328472994395574,0.3248007490757182,0.3354356979261426,0.32612625236068093,0.02782008626138822,0.07487750635620505
0.3259865570230137,0.32280841027594653,0.33543555506015843,0.3271136970727888,0.02065675947984129,0.07487750635620505
0.32350039149397203,0.32280854120836944,0.3329323893979167,0.32415106819444617,0.01608835044180943,0.07487750635620505
0.3274784583364718,0.3238046331967621,0.33443436141822436,0.3256324415820213,0.013883874133684077,0.07487750635620505
0.3304618877129324,0.32380450790012394,0.3349348958911458,0.3271136970727888,0.01242469086040452,0.07487750635620505
0.3254894220202097,0.321314388567822,0.3314304057183769,0.3256324415820213,0.02246172243361344,0.07487750635620505
0.33095923658789483,0.32579679344563583,0.3349349855125726,0.3295827509660869,0.025285531670976292,0.07487750635620505
0.33444001382401645,0.32778895286993337,0.3369375866351496,0.32859512940876767,0.015203140502949977,0.1159750530347213
0.3324509777658422,0.3297811483145876,0.3369375866351496,0.32859512940876767,0.02571749458162194,0.1159750530347213
0.32946742367858073,0.32280846425829757,0.3389402235085286,0.32859512940876767,0.0,0.1159750530347213
0.33344546104107475,0.32878501565753837,0.3379388703961492,0.3325454387928334,0.03357447424391487,0.1159750530347213
0.3354345802515729,0.328785099067606,0.3414435680229153,0.3315579351323217,0.015292115092784097,0.1159750530347213
0.3299646703328325,0.32679284268897146,0.33393361900460605,0.3266199452425329,0.027850791217879995,0.1159750530347213
0.3329482434721217,0.32778895959046195,0.3404422078767111,0.3320516869625775,0.020549292132120076,0.1159750530347213
0.33444004418150497,0.32828703216419775,0.34044223153588005,0.33106412435366206,0.013613810084540514,0.1159750530347213
0.3354345193693211,0.3287850380886488,0.33693757424685544,0.3266199452425329,0.017694429018305317,0.1159750530347213
0.32548935156223224,0.3238045619806247,0.33493494976177063,0.32859512940876767,0.012963772198811244,0.1159750530347213
0.33543454994869004,0.3297811664715148,0.3379389230617814,0.3290889401874273,0.04755918624607761,0.1159750530347213
0.32897014674745384,0.3233064951417619,0.33643690944336624,0.32810131863010805,0.04955849761764429,0.1159750530347213
0.32897014674745384,0.3223103974520919,0.33843954625108874,0.32810131863010805,0.0,0.1159750530347213
0.33941269530325346,0.3531895396169318,0.34695086263195396,0.34094004518483567,0.09025338148800964,0.1159750530347213
0.34189899078371144,0.33525977767465076,0.35145679633600757,0.34094004518483567,0.0,0.1159750530347213
0.34189899078371144,0.3407383160459033,0.34745152193240436,0.34094004518483567,0.043850515989815445,0.1159750530347213
0.3473687390554091,0.34372650721751197,0.3484527395856093,0.34143373806668775,0.03395270348069991,0.1159750530347213
0.3485182024645329,0.341889503316648,0.3540793816312551,0.34651650523621724,0.0327810302545706,0.1159750530347213
0.33798035761021206,0.33987915090326537,0.346500895910244,0.34302841028637265,0.04290494289785284,0.1159750530347213
0.342998324111495,0.34239207802813243,0.3510479389175355,0.345519864573116,0.046200143001356456,0.1159750530347213
0.34550725662248527,0.3474180030359074,0.35357402748445255,0.3519977636154564,0.04569490689908271,0.1159750530347213
0.3515289390288988,0.3539518523780222,0.3611525931343046,0.3584757805546045,0.07509280922019598,0.1159750530347213
0.3595578128398088,0.35294664901795336,0.36923636752308764,0.3584757805546045,0.0,0.16363941323174735
0.36457583100732427,0.3589778411213538,0.36165780148488347,0.3519977636154564,0.056440943831283515,0.16363941323174735
0.3525325531634149,0.35294665399448566,0.35559500312717873,0.35100118190075913,0.04064533723602635,0.16363941323174735
0.34450373812160473,0.3438998832390707,0.35357411870024735,0.345519864573116,0.02557548415784748,0.16363941323174735
0.35203085667736367,0.3489259494907475,0.3591317628439572,0.3495063682771169,0.04129607296167589,0.16363941323174735
0.34450365821597506,0.34792061567320154,0.35357403832006373,0.3534926951359063,0.04121582137084511,0.16363941323174735
0.354539858792021,0.34792072444790634,0.3566055615343887,0.34651650523621724,0.08837200506296819,0.16363941323174735
0.3455074392512315,0.3459103832694841,0.3540794469092541,0.3445233418068224,0.05312690204993267,0.16363941323174735
0.3525327057770675,0.34741818872623886,0.3540794469092541,0.3445233418068224,0.04446670863941173,0.16363941323174735
0.3404892904477691,0.34088426235721603,0.34346938930673,0.33306218050057246,0.08011237176668085,0.16363941323174735
0.3399876011915276,0.3333453520296962,0.3384171437274678,0.3295741444991317,0.05028983385408474,0.16363941323174735
0.33045318114596856,0.32580619435538305,0.3217442279143389,0.31163496625373355,0.061367344748412656,0.16363941323174735
0.31238824139258037,0.30871776381950133,0.31163953643420705,0.3016688543647409,0.051784606963297945,0.16363941323174735
0.3023522092993357,0.3167594555806068,0.30759771005623415,0.32160119603953374,0.03821685431349509,0.16363941323174735
0.33145692019271145,0.3273141300489437,0.3338700192613673,0.3295741444991317,0.06794937087637667,0.16363941323174735
0.3374785773683463,0.33083234287104923,0.3338700192613673,0.3295741444991317,0.026880095888787762,0.16363941323174735
0.3284459782749384,0.3383712533941633,0.3278070746325228,0.34402493305266624,0.03832955546061831,0.16363941323174735
0.3455074392512315,0.34088436508030173,0.3545846829481646,0.3445233418068224,0.026100608697848852,0.16363941323174735
0.3379801877863646,0.3479206046917964,0.3470059611091023,0.3519977636154564,0.04784669629322787,0.16363941323174735
0.35002369005193323,0.35495722422050735,0.3596370514263004,0.3569810258793661,0.14649264958233582,0.16363941323174735
0.36457595160575584,0.3675221920399133,0.36721551606779956,0.357479257788311,0.09284376327204298,0.16363941323174735
0.3585542952892893,0.35194153747934676,0.36822598802720363,0.357479257788311,0.0,0.16363941323174735
0.35855433180416607,0.3650092206410045,0.3677207887800382,0.36545220624790886,0.06760324227592394,0.16363941323174735
0.36658320740170625,0.3599832027222427,0.37630980097939515,0.36545220624790886,0.0,0.16363941323174735
0.36658320740170625,0.3599832027222427,0.37630980097939515,0.36545220624790886,0.0,0.16363941323174735
0.36658320740170625,0.3599832027222427,0.37630980097939515,0.36545220624790886,0.0,0.16363941323174735
0.36658320740170625,0.3599832027222427,0.37630980097939515,0.36545220624790886,0.0,0.16363941323174735
0.36658320740170625,0.3599832027222427,0.37630980097939515,0.36545220624790886,0.0,0.16363941323174735
0.38464809943734823,0.39717565466247895,0.3752992528521254,0.37143181443290063,0.12507943162892446,0.16363941323174735
0.374612027708663,0.37405599695319847,0.37883592588832005,0.3744216774738003,0.050873228027428455,0.16363941323174735
0.36859028571678276,0.36802468913799535,0.3763096599185315,0.3679436015862485,0.04832925259809291,0.16363941323174735
0.37310659794229106,0.36651695502162684,0.3732783146939914,0.36395721577905527,0.05499153031688771,0.16363941323174735
0.3690921171365926,0.3624960976113768,0.3732782713199243,0.3634588659733027,0.03993074915767232,0.16363941323174735
0.36557967950506154,0.36199369199410303,0.37327846673707976,0.3629607519611655,0.05835616549245795,0.16363941323174735
0.36407404472532523,0.36802468959574397,0.37378348091778735,0.37342497786229534,0.05498141163804383,0.16363941323174735
0.3746119899966527,0.37405595879716536,0.38338301166374544,0.3774114815662962,0.046716544542354486,0.16363941323174735
0.374612027708663,0.3720455899734171,0.3747940381719197,0.3744216774738003,0.041524615535563525,0.16363941323174735
0.3756156155609979,0.3715429665995633,0.3783306685295237,0.37143181443290063,0.10059292666665456,0.16363941323174735
0.3741101582759595,0.36802471110127377,0.38085680488081486,0.37093346462714816,0.020993816161330538,0.16363941323174735
0.37762285577660193,0.37405599695319847,0.3818673416756204,0.3744216774738003,0.02830543392593434,0.16363941323174735
0.37862637250918674,0.37204549720289914,0.38035154178120956,0.3699368239640469,0.04140598274911803,0.16363941323174735
0.3695940180061653,0.3715430259043535,0.37479407521569064,0.3769132496573513,0.054100039818745844,0.16363941323174735
0.3826409235467856,0.3775742302441768,0.3904563741361041,0.3828929167907469,0.05646850850813409,0.16363941323174735
0.38414629447443005,0.3805897973754705,0.3909615668816836,0.3823945669849944,0.03950646248614962,0.27278110753609097
0.38364439819926377,0.37807669682878275,0.38944576741764225,0.383391089751288,0.03388954896791569,0.27278110753609097
0.37962996153469875,0.37807669682878275,0.3884352956796787,0.383391089751288,0.03045373412047815,0.27278110753609097
0.38464809913397446,0.37908199219605876,0.3909615668816836,0.3823945669849944,0.019696182829592932,0.27278110753609097
0.3866553831277637,0.3800872611084224,0.39146686808363595,0.3804014035555997,0.022835066790956607,0.27278110753609097
0.37812463885998415,0.37405597523318246,0.3808568482606889,0.37143181443290063,0.02676983718138548,0.27278110753609097
0.3716010882055689,0.37807669682878275,0.38136199351393374,0.383391089751288,0.033315226713535456,0.27278110753609097
0.38464800736540505,0.3820975100277856,0.3939928902384785,0.383391089751288,0.03641572947928441,0.27278110753609097
0.38665532306971606,0.38058980268585596,0.3924772800179668,0.3858827208832427,0.023921603546813264,0.27278110753609097
0.3846482714826315,0.381092572587469,0.39399315594010753,0.3843879662080043,0.02082214754094471,0.27278110753609097
0.39066973866962884,0.38963661189815757,0.39803485370253866,0.39385561039443684,0.04288470554016508,0.27278110753609097
0.39267702195927423,0.3886314735470703,0.4015715702699656,0.39186244696504213,0.026570254964188945,0.27278110753609097
0.39267698926457273,0.3931548563195031,0.39904535761145876,0.3983404049557864,0.03174264445321241,0.27278110753609097
0.39468416512378857,0.3951652198861988,0.40005578672426023,0.3978420551500339,0.03044361544163427,0.27278110753609097
0.4042186312709376,0.39918621227331186,0.40965544722606695,0.4033236082712922,0.030686463733887396,0.27278110753609097
0.41074203729812153,0.4072277853586872,0.4147077519409005,0.41229307949718363,0.026039547704825437,0.27278110753609097
0.40873470052583805,0.40722766639807784,0.41521286999587403,0.40681158532432915,0.027306127160111132,0.27278110753609097
0.41074192991604463,0.40471466870431994,0.4111709933037828,0.40830651684477903,0.035829543946259625,0.27278110753609097
0.4117455392167402,0.40571987213883864,0.41470764486081546,0.40830651684477903,0.03731873433611069,0.27278110753609097
0.4097384404416582,0.40320698356918316,0.41369729247484777,0.40282525846553974,0.03614636327006111,0.27278110753609097
0.4067275090334682,0.4011964730559132,0.41066577364035917,0.40232684971138344,0.047808664017573284,0.27278110753609097
0.40522211647288986,0.4032069015970323,0.41369721086412425,0.4053167127522831,0.02667527987218922,0.27278110753609097
0.4037166810526669,0.4022016765167118,0.41268671744007035,0.40232684971138344,0.04475177624684105,0.27278110753609097
0.4037167347749563,0.40521734140214305,0.41319200743594375,0.4043201310375858,0.05459062128269397,0.3305357189559497
0.4007058747277149,0.3986834862526155,0.41066579544428883,0.39983533647623626,0.04395658765769612,0.3305357189559497
0.4062256044374417,0.39968856777342265,0.39449812610746016,0.383391089751288,0.06345039691041145,0.3305357189559497
0.3726047876022145,0.3735533735064587,0.37075212933602786,0.37143181443290063,0.12791126602537037,0.3305357189559497
0.38213924746678996,0.38310298006875965,0.3848989063095867,0.3843879662080043,0.06427245233648668,0.3305357189559497
0.38565171921459696,0.38611842727081613,0.39247728550065364,0.3838894985054442,0.04068092707195999,0.3305357189559497
0.3901678855346278,0.39013916452374986,0.4000557486114946,0.38986910669043595,0.033579010203396605,0.3305357189559497
0.39167338050188205,0.38611843255318334,0.39449823456080857,0.3873776524036926,0.036779652997703964,0.3305357189559497
0.3846481367482979,0.38209764048011297,0.3944982563750594,0.3848861391685454,0.058901876310107217,0.3305357189559497
0.3886627099079779,0.3841081838094049,0.3924774476683539,0.3843879662080043,0.057182398746567845,0.3305357189559497
0.3766191340362751,0.37807669682878275,0.3803515217759701,0.383391089751288,0.03667951296914557,0.3305357189559497
0.38866251461650847,0.38209758072644373,0.3904563092834936,0.37940470394409476,0.034767431587612335,0.3305357189559497
0.38765896489363605,0.38109243696438155,0.39096160453229256,0.3848861391685454,0.021367160518673708,0.3305357189559497
0.3881608079474468,0.38159507714610397,0.3929825867476773,0.3818963350760495,0.040749315384146216,0.3305357189559497
0.384648147946955,0.37857943940084526,0.391972087715621,0.38089969441294835,0.03902844214076631,0.3305357189559497
0.3771209386193457,0.37807669682878275,0.38641435220375164,0.383391089751288,0.04597927666659176,0.3305357189559497
0.3766192672003026,0.3775742302441768,0.38489877833167907,0.3828929167907469,0.023086987002173213,0.3305357189559497
0.37862644321944117,0.37807678874311745,0.38035161201613465,0.3823945669849944,0.028882547539995647,0.3305357189559497
0.3886625472255817,0.3820976133873133,0.38944586977069706,0.3838894985054442,0.08637862533072378,0.3305357189559497
0.3846481423289464,0.38008723905679487,0.3929825540472065,0.3828929167907469,0.03886130947986222,0.3305357189559497
0.38364450054060717,0.38058980818099974,0.3929825214556465,0.3838894985054442,0.035956550811748325,0.3305357189559497
0.39267703255789743,0.3881288824312161,0.3950035129921059,0.393357378485492,0.05139591012770889,0.3305357189559497
0.39468409902681745,0.38812872982628965,0.39449812610746016,0.383391089751288,0.029608649977034086,0.3305357189559497
0.38464812569759976,0.3836054345840001,0.39449824524879784,0.3888725839241425,0.029828120631958246,0.3305357189559497
0.39066983645316755,0.3841080909947281,0.395003535666935,0.3853844889742979,0.029294622012913666,0.3305357189559497
0.39317879452038607,0.38662103429296546,0.3960139424388872,0.3873776524036926,0.037439460642316985,0.3305357189559497
0.3906697603812711,0.3841080148019991,0.3970244035716438,0.3858827208832427,0.0379269018266239,0.3305357189559497
0.389666297086775,0.3836055594573541,0.3924774253487239,0.3868794794431515,0.018082428013974104,0.3305357189559497
0.38665534442432303,0.3836054345840001,0.3929825373439991,0.3888725839241425,0.028116668227501952,0.3305357189559497
0.389666204310148,0.3881288824312161,0.3955087489868293,0.393357378485492,0.03157272043262725,0.3305357189559497
0.3946842742668474,0.3886315071384141,0.3955087716805382,0.3853844889742979,0.02793732336799318,0.3305357189559497
0.3926769626950596,0.38712360879239693,0.3955086794561187,0.3863810117405915,0.019832261614045117,0.3305357189559497
0.3846481098776021,0.379584604710124,0.3929825214556465,0.3838894985054442,0.053935349597562694,0.3305357189559497
0.3836444789859649,0.38159498990080876,0.39298249977173105,0.3863810117405915,0.06422744166162943,0.3305357189559497
0.3836445057365282,0.38209761863492797,0.3934877626420893,0.3873776524036926,0.020004976994311346,0.3305357189559497
0.3861535022384912,0.382600193335643,0.39449820758236365,0.3863810117405915,0.04325804989750825,0.3305357189559497
0.3896661457294186,0.38310280600782365,0.39348774661157615,0.3823945669849944,0.09311487408106695,0.3305357189559497
0.38765893239760474,0.38109240441673364,0.3944982238196011,0.3858827208832427,0.032960026194119245,0.3305357189559497
0.3826409077598003,0.37807681614175603,0.38843541441860807,0.3779098313720487,0.055630751683852835,0.3305357189559497
0.3746120651029645,0.3715430259043535,0.37226789523340664,0.3769132496573513,0.06184257373411489,0.3305357189559497
0.3846481096329126,0.3841080200815358,0.39146681334553735,0.3893708747814911,0.0766639958006785,0.3305357189559497
0.3851499409510204,0.38561585229053075,0.3944982558839636,0.39036751544459225,0.03350329457204757,0.3305357189559497
0.3916734019273025,0.3851132505330721,0.3950034918610923,0.39036751544459225,0.05121516958835958,0.3305357189559497
0.38565172442786666,0.38461062733383766,0.3955087064795276,0.3873776524036926,0.027953373686159334,0.428320108032179
0.3856516922093238,0.38511319648174047,0.3955086740406778,0.38837423411839,0.03655041258389606,0.428320108032179
0.38565172442786666,0.38260022037471,0.3894458749672127,0.3873776524036926,0.03507971495193209,0.428320108032179
0.3826408803487419,0.38461061103785366,0.3924772745715588,0.38787594326104124,0.03970046198398401,0.428320108032179
0.3916734019273025,0.38611845404798917,0.3995506156552522,0.39036751544459225,0.039571361598734506,0.428320108032179
0.39267703255789743,0.3881288824312161,0.3960139849815526,0.393357378485492,0.03279673165277663,0.428320108032179
0.3946842300702018,0.3881288610778235,0.3995506156552522,0.39036751544459225,0.028957914251384546,0.428320108032179
0.3866553440379462,0.3891340534262876,0.3965191887328441,0.3943539602001893,0.04592240271308995,0.428320108032179
0.39267706974892513,0.3936575396653924,0.4025820903582926,0.395848950669043,0.028516181581855156,0.428320108032179
0.39769516911865865,0.39818100857718475,0.407634502953232,0.4033236082712922,0.026179115688878957,0.428320108032179
0.4037167892985096,0.3971757676304991,0.40915017398428644,0.4008320360877412,0.028566077136154288,0.428320108032179
0.4047202687584829,0.39968864615686217,0.4121814598089599,0.4048183629465306,0.04590146751548192,0.428320108032179
0.4032148821120769,0.39918607188945177,0.4051081838786338,0.39485225105753796,0.03186790671890045,0.428320108032179
0.4007057722280649,0.39516517118745986,0.4086447487083207,0.39933692772207996,0.028617368370293956,0.428320108032179
0.40472031179215484,0.4037095033447273,0.41319197489681014,0.4053167127522831,0.041850506778328495,0.428320108032179
0.41174555528636336,0.4082328968972938,0.4172338406077949,0.4132896022634772,0.046936364117238775,0.428320108032179
0.41475634542490836,0.408735460696773,0.42077045439786487,0.4107980300799262,0.04341890199912993,0.428320108032179
0.413752773939013,0.41024330381767127,0.4217809641543864,0.4132896022634772,0.051012796011481974,0.428320108032179
0.41676375079455097,0.4107460547787738,0.41218162756711074,0.4033236082712922,0.04321687734221246,0.428320108032179
0.40472036042609894,0.40320695070105894,0.4147077317652502,0.40382184018023703,0.030181227631613655,0.428320108032179
0.40522211647288986,0.4022016981016424,0.4096553231256117,0.4053167127522831,0.0557305427924511,0.428320108032179
0.41274915932341694,0.40672508640511995,0.4147076556020899,0.4098014483652288,0.042385401077213614,0.428320108032179
0.41174564677035375,0.40823298896501514,0.4197601121716391,0.41229307949718363,0.040768157061993444,0.428320108032179
0.41475630255155205,0.4107458243849724,0.4222861191607925,0.4157810565502206,0.02936545276482083,0.48282717037682155
0.4197743917562119,0.4162744861969918,0.42077045439786487,0.4107980300799262,0.030561550388159497,0.48282717037682155
0.4197744727963112,0.41426416069358196,0.4217810068029164,0.4192693283452765,0.046170135884784955,0.48282717037682155
0.42278527430158985,0.4162745410305473,0.42430716022012893,0.41279131140612846,0.044238166065524095,0.48282717037682155
0.4182690050802931,0.4117510981635746,0.4197600096009515,0.41179467074302734,0.043246535538823835,0.48282717037682155
0.4162619221364008,0.4097408271675145,0.4197601447972139,0.4112964977824862,0.06283385534085502,0.48282717037682155
0.41826903221727296,0.4122537270866464,0.42127574444463656,0.41279131140612846,0.04899324728222754,0.48282717037682155
0.40672750341600206,0.4062224846792435,0.41672859938361484,0.4098014483652288,0.033241953521907355,0.48282717037682155
0.41124387451600697,0.40672521619274415,0.4212758529447369,0.4112964977824862,0.027971866444046426,0.48282717037682155
0.41124372915687946,0.4062224684250202,0.41571811133556524,0.41029973922257745,0.02642161506117195,0.48282717037682155
0.41274912689238696,0.40722765559672924,0.4202652184784811,0.4107980300799262,0.032894778161574226,0.48282717037682155
0.4092366554678494,0.40672521619274415,0.41571825640381943,0.4112964977824862,0.04577760092963443,0.48282717037682155
0.4177671625083774,0.4132588652306616,0.424812331015483,0.4147844748355233,0.0419506468068869,0.48282717037682155
0.4102400986015171,0.41325887078558077,0.4202652133182173,0.4182726287337716,0.0301672708332083,0.48282717037682155
0.41977442989696234,0.41325891419823757,0.42481237985211395,0.4132896022634772,0.0401421946535134,0.48282717037682155
0.41274926672372736,0.4092382031192813,0.4217810667999409,0.4137880110176335,0.03910345993219508,0.48282717037682155
0.4177671732236905,0.4117510708968606,0.42228616215601644,0.4107980300799262,0.03847435724407384,0.48282717037682155
0.41776720042567617,0.4112484964420393,0.42178095336502075,0.41179467074302734,0.13453202226890926,0.48282717037682155
0.41174555528636336,0.4082328968972938,0.4187495484566587,0.4132896022634772,0.041056364949063964,0.48282717037682155
0.4142545624684789,0.40773027900787595,0.41925476829128605,0.40830651684477903,0.030878020792000853,0.48282717037682155
0.4077312411817313,0.4077304198510009,0.4172339645513423,0.4112964977824862,0.03695376405781073,0.48282717037682155
0.41274911672111503,0.42079789107447607,0.42178091601211765,0.42574722738761706,0.03482849258063575,0.48282717037682155
0.4267997492689899,0.42029539259322535,0.4293595572201182,0.4207642598657264,0.02988359890561952,0.48282717037682155
0.42077800664681486,0.4182848986657557,0.4303699425245068,0.41976756025422146,0.02620528468588899,0.48282717037682155
0.42077808780806547,0.41677717516212986,0.4278438442360968,0.417276105967478,0.037800592801055466,0.48282717037682155
0.4207844181159873,0.4198166215782818,0.42885429448265155,0.4247743429312485,0.04879331614507087,0.48282717037682155
0.4238047741590566,0.4198166215782818,0.4329089730342549,0.4247743429312485,0.03605564408042633,0.48282717037682155
0.42632180584374435,0.42032088231892983,0.4329090414404031,0.4217751070941441,0.040233262763108325,0.48282717037682155
0.4233013857914686,0.41880824137858275,0.43189530772183904,0.4232746955384944,0.033823603095450405,0.48282717037682155
0.4268252061026866,0.42082508218514303,0.43088170946158033,0.4192756947728873,0.05526787492531368,0.48282717037682155
0.4263216879664661,0.42233753305955424,0.4318952538467794,0.4212751067330852,0.04942276775315224,0.48282717037682155
0.42078436898042715,0.4198165719377428,0.43088158428690937,0.4212751067330852,0.054908836286336,0.48282717037682155
0.4263216493982843,0.43040456938564775,0.43341571953684455,0.4352718157321235,0.07181784647438012,0.48282717037682155
0.4368928839959444,0.4606560904459176,0.44101823069920343,0.460765880357347,0.12687008886433113,0.48282717037682155
0.4570286910097492,0.4525891190632657,0.4562233750792507,0.44526958291395835,0.05175948472616831,0.48282717037682155
0.45501510299238945,0.4546058706128987,0.4582506970996394,0.45126817248497475,0.06940227359037382,0.48282717037682155
0.45501510299238945,0.45359748611195727,0.4623053755490816,0.45126817248497475,0.03249037992777915,0.48282717037682155
0.45300152666034976,0.45309328810946303,0.4633190394351584,0.4532677023419802,0.02664945979513932,0.48282717037682155
0.4540082485840079,0.4505722631021124,0.4643326452153409,0.4547672907863306,0.02089681641241334,0.48282717037682155
0.4550150958671314,0.4525890944317059,0.46433270761056233,0.4537675848062316,0.04268547224292868,0.48282717037682155
0.45652533181930943,0.4586394601873953,0.46534643546256815,0.4542675262188868,0.03450469485763158,0.48282717037682155
0.46206261953663796,0.46065619708027317,0.46990791698973733,0.46526494043241684,0.03332569431233947,0.48282717037682155
0.4590422821675144,0.45561429322925284,0.46636009197312633,0.4587664683971491,0.019051029823305535,0.48282717037682155
0.46055245878233697,0.4576310608809696,0.4704147691875423,0.45926635086140044,0.031418497810248115,0.48282717037682155
0.45400831197413305,0.4551100570942396,0.464332709038921,0.4532677023419802,0.03746876991896822,0.48282717037682155
0.46105585147060846,0.4561184840480983,0.4704147691875423,0.45926635086140044,0.028167261621721354,0.48282717037682155
0.4635728790128395,0.463177240706948,0.4683874938681194,0.45776676241705017,0.05119493223067182,0.48282717037682155
0.46105573138211875,0.456622555689572,0.47092148320107163,0.45976611542884427,0.047351927789758136,0.48282717037682155
0.4615592070624249,0.46922744533973626,0.47142840153206444,0.472263294931936,0.06530525541848273,0.48282717037682155
0.47414397394678987,0.4868741230038772,0.4775103697363853,0.4687640587337726,0.052773097210357,0.48282717037682155
0.4675998656849404,0.4697315835314906,0.4770035308033497,0.4702637061265267,0.06205995086927825,0.48282717037682155
0.4711236661986269,0.4697316361587077,0.4775104177817068,0.47276317739618734,0.026692028030275643,0.48282717037682155
0.4821982559411552,0.47830285536759287,0.4805513783528871,0.4687640587337726,0.06528606482067538,0.48282717037682155
0.4756542130617284,0.47023584137256746,0.4800446047058846,0.46826423521792504,0.07256453518906646,0.48282717037682155
0.47263385417254844,0.47023583847675454,0.4810582714486161,0.4692640001464278,0.06581432964031794,0.48282717037682155
0.4756542101747011,0.47023583847675454,0.48055143663653177,0.4692640001464278,0.06122010052523619,0.48282717037682155
0.4691101141078805,0.4687232704017199,0.47852410603883844,0.4662647053609196,0.04860699288635942,0.48282717037682155
0.4736406395065994,0.4747735687838507,0.4790309322002788,0.4692640001464278,0.02768959019629818,0.48282717037682155
0.47062029791917237,0.4651939303720598,0.47294892879868844,0.4642651755039141,0.057652045012907945,0.48282717037682155
0.4670964316350781,0.4651938118651735,0.47446931544406556,0.4637651751428552,0.03058004314604659,0.48282717037682155
0.47162709792430946,0.4651939450453263,0.4704147691875423,0.45926635086140044,0.05023749586006467,0.48282717037682155
0.46709651844220557,0.46116036143138794,0.44507298406218376,0.4332723448235217,0.11384316215273566,0.48282717037682155
0.43487945968488206,0.43897597511225783,0.4339226888945428,0.4292733440579146,0.10453432653632598,0.48282717037682155
0.44394048148246845,0.44250527379414517,0.4491276876099798,0.44526958291395835,0.07907677732500372,0.48282717037682155
0.46508293610162976,0.45863938847072616,0.4623053556858585,0.4582665269844939,0.08583605479271572,0.48282717037682155
0.46105585147060846,0.45863944543621715,0.4653464208527859,0.45926635086140044,0.1079512997059163,0.48282717037682155
0.4580354306479568,0.4586393799644739,0.4678805299333134,0.4612658217700021,0.057647857973386334,0.48282717037682155
0.4630692909059344,0.45914350570108187,0.46027794284494217,0.4637651751428552,0.04646113513153654,0.48282717037682155
0.4655864334366032,0.4591436855612727,0.4719353215026214,0.4632654695238152,0.05410108657862625,0.48282717037682155
0.46709654629112674,0.46065619708027317,0.4734557607336949,0.46526494043241684,0.04882890598100451,0.48282717037682155
0.4691101198864618,0.4626729690375321,0.47142842433058463,0.4642651755039141,0.03470846411434972,0.48282717037682155
0.46508295042574965,0.4601519795561809,0.4648395438408023,0.4532677023419802,0.10260235671706512,0.48282717037682155
0.4550150859808356,0.45561423789671707,0.46534636725828615,0.45726676205599115,0.08047420176533959,0.48282717037682155
0.45551842641212636,0.4525890318965117,0.4643326452153409,0.4547672907863306,0.06869291931142181,0.48282717037682155
0.4535048559746351,0.4566225694853102,0.46382581046130333,0.4547672907863306,0.0520546710124415,0.48282717037682155
0.4560220275558642,0.4500682799252166,0.4536893214178289,0.44476981834651463,0.09541181417862775,0.48282717037682155
0.4469608332197662,0.44653880754827124,0.45673020556485666,0.44676923030671245,0.06857044840541485,0.48282717037682155
0.44343717025299667,0.4404885867492383,0.44811409928608736,0.4377714048985917,0.05925358762992209,0.48282717037682155
0.4419268714508445,0.43645492717492473,0.44811397860928115,0.4382711694660354,0.06032581866741326,0.48282717037682155
0.4368929763953703,0.43393399761265716,0.4389909836184597,0.4272737552525053,0.06477664167888002,0.48282717037682155
0.43387259765451147,0.4278836677367984,0.4166902299011015,0.4142767522335661,0.09019894997422877,0.48282717037682155
0.406689394518045,0.40922855485798615,0.39996468164556176,0.4142767522335661,0.11859545200975803,0.48282717037682155
0.4157504009153232,0.40922849344571655,0.39996462241415554,0.39328157083820103,0.1010971160090479,0.48282717037682155
0.40668944442057053,0.41527891292862895,0.4166902801448552,0.417276105967478,0.08001676769760419,0.48282717037682155
0.4182675002588486,0.43040470602472847,0.4227723220794447,0.4292733440579146,0.05793815938021766,0.48282717037682155
0.44092017370234127,0.43443824592014235,0.430881681226152,0.42877346159366325,0.054140514534121366,0.48282717037682155
0.42179120013616744,0.41527888787691825,0.41669025555671857,0.4052788678770415,0.054316719113988936,0.48282717037682155
0.38655365207857584,0.38401890614616185,0.3746229065167018,0.3637884464989666,0.09831831744654232,0.48282717037682155
0.37044510850690726,0.38099377379110877,0.3801981093500929,0.37778521444640867,0.09327816862240956,0.48282717037682155
0.38151982831249254,0.3779687027485047,0.37512984164601015,0.370287036431042,0.06504182084858172,0.48282717037682155
0.34628224544926156,0.3436835324034996,0.3416786497293386,0.34129367665925125,0.09061137336710692,0.48282717037682155
0.34225510446520013,0.3356164570073985,0.3518153450846504,0.34129367665925125,0.0,0.48282717037682155
0.34225510446520013,0.3356164570073985,0.3518153450846504,0.34129367665925125,0.0,0.48282717037682155
0.33571100403286225,0.33007034635184873,0.3072138889611682,0.29730390190832334,0.14808163108078515,0.48282717037682155
0.29795665203653066,0.3174656409230785,0.27122870920971887,0.28530678171469437,0.12564852008390268,0.48282717037682155
0.28537172246777986,0.2786427214001066,0.2595714027317809,0.2503148028976854,0.18452213387723906,0.48282717037682155
0.2456037703233441,0.31796978758916594,0.22662720428247032,0.2588128932125644,0.233868488159122,0.48282717037682155
0.26171220723341315,0.27914684764462794,0.23473644147321407,0.22831985657381768,0.15201989067081537,0.48282717037682155
0.2305019396235702,0.2786427341736568,0.23929802408943743,0.2353182994959425,0.17723110239028314,0.48282717037682155
0.25063771552968783,0.31897819354799695,0.2595714862712649,0.3133002586611747,0.23142674627810567,0.48282717037682155
0.3221194707928329,0.3693974137124798,0.3310351912744699,0.3362949109651414,0.18819556321752773,0.48282717037682155
0.33420089969149114,0.3351123431703428,0.3107618020084578,0.3347952635723873,0.11162961392564683,0.48282717037682155
0.3523230276911561,0.35074229487942754,0.34421289261490806,0.3377945583578955,0.12745243627779443,0.48282717037682155
0.34225512699682825,0.35477578441174484,0.33813082848985454,0.3332955572312294,0.10665192177437802,0.131679089217713
0.333194139372331,0.32654109947026344,0.3315420551259206,0.3262972616801141,0.09534133234668073,0.131679089217713
0.33218732891772895,0.3325913817563375,0.33204886523302046,0.3347952635723873,0.07711549822909163,0.131679089217713
0.33822808813377325,0.35376750647519006,0.3452266180402833,0.35878973975326056,0.0545599163262022,0.131679089217713
0.3598740001319457,0.3900693798449105,0.35384283488242463,0.3507916203252387,0.10408526654763378,0.131679089217713
0.35181972212757984,0.3457004594682149,0.34370614278736,0.34879209046823323,0.07404884069947565,0.131679089217713
0.346282354555274,0.34922975787148136,0.345733435761887,0.34479297180581847,0.06280349930432338,0.131679089217713
0.34024161054377366,0.34116264907269933,0.34370606505963164,0.3352951460366387,0.04050472249209242,0.131679089217713
0.33671785733568205,0.3386416832276361,0.34015821685297265,0.3367947934293928,0.0668502730019552,0.131679089217713
0.33772465147832287,0.34267523041101644,0.3401582255672244,0.3337954986438846,0.0665334536781537,0.131679089217713
0.33470430810311125,0.33158301303433935,0.3138028260006185,0.3093011989471638,0.12351103640812301,0.131679089217713
0.316078724680362,0.32402007379844633,0.3234326348125829,0.32779685012446436,0.11230721648822667,0.131679089217713
0.3291668937769784,0.3295661479341949,0.3285009433065549,0.3207984366765414,0.06332478572476327,0.131679089217713
0.33093617363042294,0.3242795471737485,0.32031075013680077,0.310221147736917,0.051243083185170284,0.131679089217713
0.3109644632017601,0.3119697386159507,0.3084520207027933,0.3086955630464894,0.07485275228762393,0.131679089217713
0.313012788828117,0.3129955004648787,0.31618591544121144,0.30615288259684104,0.07356593547465047,0.131679089217713
0.3068677595084095,0.3022245363015421,0.2955621603398674,0.285811969535288,0.09152135662313587,0.131679089217713
0.28843234242153315,0.2899147370291404,0.2888594061436819,0.2898801757269601,0.1054460543921556,0.131679089217713
0.2904807006883323,0.2852985398197819,0.2837034187960481,0.27665849086692484,0.12595173152925895,0.131679089217713
0.2766541970628318,0.27247589120596394,0.28318788238596126,0.27869265291116474,0.08455098257954292,0.131679089217713
0.2822871982095838,0.3135085179392876,0.2914373847187307,0.3112382434961378,0.12148067116010443,0.131679089217713
0.3099402557785653,0.31863752877963236,0.30381163439703285,0.31632342755022325,0.07990092627083976,0.131679089217713
0.31710958107998943,0.3227407918887375,0.32443549311636766,0.3229342552431399,0.08279417058026924,0.131679089217713
0.3268394621780303,0.3258183207186581,0.3347475024237735,0.3300536897640709,0.06029022883147961,0.131679089217713
0.32991195095186265,0.3288956890007688,0.3192795251392079,0.31886604905146787,0.08585384971068254,0.131679089217713
0.31967004149488876,0.32120205264728197,0.32907584787641586,0.323951292053957,0.02834311728162879,0.131679089217713
0.3293998620190707,0.32274079528379296,0.30690521370343915,0.31632342755022325,0.08280568493895366,0.131679089217713
0.3109645435335585,0.3053020109396932,0.31257687295436787,0.3051359636828316,0.06627595074757496,0.131679089217713
0.3017468097835291,0.29914708599420836,0.29401537047093274,0.285811969535288,0.09160405065368758,0.131679089217713
0.28638397679857175,0.28735020961201463,0.2708135379421598,0.2720817957440461,0.1436084771918698,0.131679089217713
0.2740936363597527,0.27196289621030945,0.27803183041310553,0.2700476336998062,0.09769584423766361,0.131679089217713
0.27819042907022085,0.28375982216218587,0.27081351077484794,0.26140273238525535,0.08967557003402807,0.131679089217713
0.26590011754843446,0.26734672117100355,0.2718446715025733,0.2700476336998062,0.08315320921924692,0.131679089217713
0.27153325149995844,0.28786314882702113,0.28060990367506566,0.29089727148618105,0.12287321072099842,0.131679089217713
0.2915048753690207,0.28786306630230907,0.28885936985189353,0.2903886646581668,0.10589965034032954,0.131679089217713
0.29457739215561596,0.32068914435087925,0.3038116176926141,0.323951292053957,0.1599679384427032,0.131679089217713
0.32479111198062494,0.31812472470306674,0.32340440604253584,0.31327237606617575,0.278727033913764,0.131679089217713
0.3212063230678023,0.3391538397951943,0.32856024825227004,0.3305621197468738,0.12656687741897485,0.131679089217713
0.3365692789799778,0.36787682136761535,0.3450594472681172,0.3732783731820367,0.1951673329409612,0.131679089217713
0.3744642340878065,0.38941889754033143,0.3656832407907562,0.37429535104445,0.1648008288105165,0.131679089217713
0.37548854762731954,0.37557049789162666,0.3641365712208602,0.3676846412483409,0.06151982277099113,0.131679089217713
0.37190378029379567,0.38275111068672085,0.3816667553781904,0.3854829328086493,0.12111535196184434,0.131679089217713
0.3908513407373724,0.3899318758638374,0.3857915750001356,0.37582099468328134,0.06986075441798964,0.131679089217713
0.3765125995129329,0.3765961748312089,0.36516763038026867,0.3753123878552671,0.08051851460027659,0.131679089217713
0.3713917030792496,0.3709542365928775,0.36619887515123084,0.3631078282286545,0.05944723820779635,0.131679089217713
0.36422244755407296,0.3576186930417622,0.3533090317774744,0.3620908503662412,0.06702333730218157,0.131679089217713
0.3642223946826202,0.36069609038443373,0.35537136690462146,0.34480092984033184,0.07037331783942619,0.131679089217713
0.3539804212362424,0.36941545589398017,0.3636208383140149,0.37124418166359496,0.06386526274301053,0.131679089217713
0.37651265472390594,0.3699284219865825,0.37393282628413627,0.36717603442032665,0.05568762563735464,0.131679089217713
0.36831905988316105,0.3637734456340709,0.3641364165024259,0.353445772206479,0.0474754454556455,0.131679089217713
0.35602891607412757,0.354541231145975,0.3600117772994017,0.3524288532924694,0.07681193786377523,0.131679089217713
0.35551678213847826,0.3555670085422544,0.35846494858572975,0.348869136032004,0.036001910406565724,0.131679089217713
0.35295625226405924,0.35556695255370774,0.35743370044947687,0.35700548946694444,0.048816693782399834,0.131679089217713
0.3611497391840124,0.365825086735016,0.36980798619867516,0.3656503907814953,0.040009256148702425,0.131679089217713
0.3662708371618274,0.36428651225534003,0.36980813466473395,0.3676846412483409,0.03587943950055876,0.131679089217713
0.3683190337657306,0.36582505249311703,0.36980795249442044,0.35954805201978524,0.04010311561797842,0.131679089217713
0.36012565073667224,0.35915738123671825,0.3641365252434813,0.3625993392974479,0.03405214566933804,0.131679089217713
0.3662708211796424,0.3637735876974221,0.3718705053930502,0.36463347186748585,0.051970930222009395,0.131679089217713
0.36627070137789375,0.3699283666879123,0.3734171752889507,0.3753123878552671,0.044633143460395555,0.27277095971869264
0.37395220221006586,0.3771091617759732,0.3821823943114434,0.382431822376198,0.05274657929338683,0.27277095971869264
0.383682006708818,0.3806995204757886,0.3904319402973063,0.382431822376198,0.03644050279645391,0.27277095971869264
0.38265781251795095,0.3837769664851465,0.3914631292801829,0.38904265006911476,0.04731354659414342,0.27277095971869264
0.3908513420556612,0.38993187719644584,0.3966191055032179,0.3946364409512144,0.05175739120640751,0.27277095971869264
0.3959722870526904,0.417628925268824,0.40486864675463263,0.4159945087203921,0.07428122139292477,0.27277095971869264
0.4185044912705098,0.41506440884189744,0.4100246377804243,0.4058240227154136,0.06527838858155242,0.27277095971869264
0.4072383764902402,0.41506438333630014,0.4151805792533838,0.4159945087203921,0.04691159080006928,0.27277095971869264
0.42055279221350583,0.41506432955293104,0.4213676855538081,0.41345182827074367,0.06001842018253538,0.27277095971869264
0.4149198011067514,0.41096111624426224,0.4182741590030091,0.4159945087203921,0.03183301472288707,0.27277095971869264
0.4174801688374372,0.4150642753322985,0.42239882499835546,0.4109091478210952,0.04289482421900896,0.27277095971869264
0.41235929574477037,0.41096108545774324,0.42136770810425384,0.4139603761503541,0.04642066041616102,0.27277095971869264
0.4108229779644049,0.4089094187853639,0.4110557434614792,0.407858037388644,0.05118516247178807,0.27277095971869264
0.4092867831093755,0.40685787609099444,0.41311821939398474,0.40989222890708576,0.04172698911244113,0.27277095971869264
0.4072383764902402,0.4145514749497954,0.417242965753134,0.4159945087203921,0.05872985876976125,0.27277095971869264
0.4185044351405178,0.41609016907451235,0.4203365149042947,0.4139603761503541,0.031211239353928635,0.27277095971869264
0.41543189608118547,0.4124998414037765,0.42136773875263456,0.4159945087203921,0.05863704606036566,0.27277095971869264
0.41748030128083213,0.410961141586362,0.4172429908171702,0.4058240227154136,0.040730473706298995,0.27277095971869264
0.4072384013840551,0.4048062407030588,0.40693105790753314,0.4058240227154136,0.029290086053431925,0.27277095971869264
0.40928674833514256,0.4109611080732042,0.4131181847252243,0.4144689240299646,0.04555429215514879,0.27277095971869264
0.4159438757073325,0.4094222755532415,0.4172428512121704,0.4093835631306677,0.03507517899245035,0.27277095971869264
0.4108231599205481,0.41506450416718044,0.41260271399176973,0.4200628328088718,0.056199491218870926,0.27277095971869264
0.41952863741793667,0.41455145641716884,0.3888851339768614,0.40887513314786494,0.09565919843036262,0.27277095971869264
0.4128714658108189,0.413012794934697,0.420336590227146,0.41701160447961294,0.05537848255267609,0.27277095971869264
0.4174801205179506,0.413012593580092,0.417242811753718,0.41650287975479106,0.03446840718177767,0.27277095971869264
0.41901641641531684,0.4207062290086403,0.4260079636043911,0.4220966706368907,0.038561587234107284,0.27277095971869264
0.42413747958661985,0.41968052760625074,0.42343009450417224,0.4139603761503541,0.030440475161993066,0.27277095971869264
0.4154318322696646,0.41096105212454526,0.41775849890992145,0.407858037388644,0.026360554068148533,0.27277095971869264
0.4113350834481838,0.41096106280565814,0.42033649239057613,0.41345182827074367,0.027073048626741755,0.27277095971869264
0.4149196575497679,0.4171158711180828,0.42342998106487995,0.4220966706368907,0.024851475240569843,0.27277095971869264
0.42362527296582964,0.42121914012807127,0.4254923699062164,0.42616487682856286,0.033901761166520376,0.27277095971869264
0.4277222070165113,0.4319903922166276,0.4316797027135012,0.4368440875583631,0.03999739287005788,0.27277095971869264
0.43847623742673936,0.4340420614513022,0.437866897594129,0.4322673924354844,0.056918266336746556,0.27277095971869264
0.4338671872158608,0.43250313932182805,0.43889789619342057,0.4292160462094179,0.04102845135225326,0.27277095971869264
0.4318187992469348,0.42942568106673473,0.43580430860070185,0.4276904615189904,0.04667327846729789,0.27277095971869264
0.42977052636943824,0.42942578884075977,0.4383823982506915,0.43277582241828716,0.03434140031628896,0.27277095971869264
0.4364277668909774,0.4304516117345276,0.4383824043672633,0.43023320091704265,0.029995253292862338,0.27277095971869264
0.43437937135399063,0.45199374688768235,0.4419915648570627,0.4566765116887095,0.04768061039220418,0.27277095971869264
0.4543510759402406,0.45199374867274944,0.4507567087064076,0.4459974778041206,0.03649179403059358,0.27277095971869264
0.4482058936144524,0.44583880506947104,0.4352887690598354,0.42362231427572206,0.06771280314340596,0.27277095971869264
0.4256738103252383,0.44378726832417026,0.43167968601302664,0.44854015825376903,0.04706651126236869,0.27277095971869264
0.45025434318653657,0.4478905088301659,0.4445695759094025,0.43989519799081434,0.04610279433247913,0.27277095971869264
0.4446212353446144,0.4417355446344787,0.4378667578721315,0.4465059667353273,0.047598614201572735,0.27277095971869264
0.44308500340551915,0.43660651424056784,0.43425763355031943,0.4343014071087147,0.05625531841249234,0.27277095971869264
0.4313067471592521,0.4273740909669944,0.42755480648386124,0.42463935108653916,0.044835865957233295,0.27277095971869264
0.4261859043178158,0.42737419857242953,0.4363200547435201,0.42972471198583595,0.027668654998690152,0.27277095971869264
0.4277221402127367,0.4232708820974126,0.4285860565129094,0.42057120384327085,0.03439304047038876,0.27277095971869264
0.4195286200009565,0.4130127138575944,0.38733832776670707,0.3763294836144879,0.12263489838822704,0.27277095971869264
0.37651254025128766,0.387880096696258,0.36774555534909226,0.3859913627914521,0.2812521676652523,0.27277095971869264
0.39699645516210247,0.4022416513802809,0.40538422144575026,0.40073872076452066,0.09638216058775985,0.27277095971869264
0.40109325061313117,0.40070296248967663,0.39249434125215066,0.381414785565381,0.11869349851855562,0.27277095971869264
0.3826578108870078,0.377109155882028,0.3806355986404255,0.3702272038011817,0.11065333587719245,0.27277095971869264
0.37139168475352746,0.37557039318387886,0.3723860162074435,0.37073569273238827,0.09685738957346209,0.27277095971869264
0.3662707058336018,0.36326056303480414,0.3625896519801648,0.35802252627776154,0.2211538448118463,0.27277095971869264
0.3601254533814193,0.36326044741498864,0.3651675213952531,0.35547978687970927,0.07846721415464998,0.27277095971869264
0.3478353681836547,0.345821759971053,0.34815302665567505,0.3397156868378427,0.11405670116833755,0.27277095971869264
0.3406660482976367,0.347873403675948,0.34763743991141316,0.34530947771994236,0.07014477526553856,0.27277095971869264
0.33861757687258776,0.3427442262649356,0.3440281720108046,0.33920708000982847,0.06184152697423449,0.27277095971869264
0.3437386155599601,0.3519766681423845,0.35124661371096766,0.35598851160453115,0.07027596917054886,0.27277095971869264
0.36114977238990287,0.35915731226649705,0.35537131548130885,0.34632645558235564,0.06526338502326667,0.27277095971869264
0.35346842308242965,0.3530024877108412,0.35124661640549126,0.34530947771994236,0.08219053904923776,0.27277095971869264
0.35244414541096525,0.3458216822340249,0.34712175728152883,0.33666445850858384,0.0749319571185743,0.27277095971869264
0.3442507087774984,0.34633467392929196,0.3533089984872527,0.351920305412859,0.039702206583784684,0.4298055876192668
0.3519321381082545,0.34582177006199066,0.34918422983744657,0.34530947771994236,0.04664920299004866,0.4298055876192668
0.34732323195748926,0.3453088099302264,0.3512465653413408,0.34683500346196605,0.04067778679231879,0.4298055876192668
0.3591013959344489,0.36120894890936506,0.36568325022238957,0.3651419018502887,0.09906221480154757,0.4298055876192668
0.3560288366559744,0.3653122262119658,0.36362087423133727,0.37073569273238827,0.06276197782906745,0.4298055876192668
0.3754884976664362,0.3699284549468168,0.3770264385312708,0.3732783731820367,0.054001993309948246,0.4298055876192668
0.3713917154101749,0.36736389044519246,0.37805760936780397,0.3727698253024263,0.03785816459447754,0.4298055876192668
0.3806094879572469,0.37762212163963005,0.38940079840048114,0.3809062966341743,0.05786383942870916,0.4298055876192668
0.3806094879572469,0.3760833963511332,0.38321363838259603,0.3809062966341743,0.033671125072871934,0.4298055876192668
0.38060939422465867,0.380186568941116,0.38733831783912664,0.3854829328086493,0.05800270957284241,0.4298055876192668
0.38419401464303204,0.3781348912954975,0.38218230839227296,0.3737868031648396,0.0572696287366013,0.4298055876192668
0.37497631232565,0.3689025475774006,0.3790887349533887,0.37124418166359496,0.062143691659710364,0.4298055876192668
0.3713916853566861,0.380186568941116,0.3770263860919698,0.3854829328086493,0.03968720302549893,0.4298055876192668
0.3847062010095268,0.37813498290773584,0.38476038174444815,0.37582099468328134,0.05233485374042895,0.4298055876192668
0.3826578274244681,0.37659626407922187,0.37908882506437747,0.3732783731820367,0.054392434745337975,0.4298055876192668
0.3703674606319094,0.3699283666879123,0.3765107546297065,0.3753123878552671,0.06760149767612328,0.4298055876192668
0.38060934188173956,0.37403161632560367,0.3811511069021686,0.37226121847441207,0.04628632623150951,0.4298055876192668
0.36883118412396076,0.37351873330231145,0.3785731491253391,0.3768379725456946,0.04916456698265323,0.4298055876192668
0.3780488985210677,0.37300583094769146,0.3816667344347784,0.37429535104445,0.06244411174538556,0.4298055876192668
0.37241587084953487,0.37249293926645066,0.3780575748859901,0.37734652042530503,0.10537836391988964,0.4298055876192668
0.3806094672487933,0.379673734420941,0.38991637423643355,0.38446595494623603,0.05453758544875363,0.4298055876192668
0.3867545289821117,0.3842898312086188,0.3847603304718613,0.37734652042530503,0.05486836157096048,0.4298055876192668
0.38675447555565756,0.40890937573274155,0.3966189981012398,0.4109091478210952,0.11241503275590801,0.4298055876192668
0.4133833757568013,0.42121914012807127,0.4131180536620046,0.42616487682856286,0.0958158634924627,0.4298055876192668
0.4277220828527405,0.43147735747006755,0.42910159613665444,0.42463935108653916,0.05773892608298126,0.4298055876192668
0.4374519932103841,0.45199380083891894,0.4461163900373849,0.4444719520620969,0.13333871600525166,0.4298055876192668
0.4523027208360776,0.44840341498213454,0.45642829587618583,0.45057423187540324,0.09168465116447849,0.4298055876192668
0.4389883050556017,0.44122275179552795,0.4486944002677853,0.43836967224879064,0.05797828517563305,0.4298055876192668
0.44001235962102003,0.4366064397395094,0.4399291228597154,0.43531838497112796,0.05748421451208358,0.4298055876192668
0.4466697029363693,0.4401969077110458,0.44663198667273607,0.4444719520620969,0.03831490082229269,0.4298055876192668
0.4482059468907442,0.4484034005851396,0.4574594747983093,0.45159126868622024,0.08359005700933445,0.4298055876192668
0.4533268678714598,0.4494291886095205,0.46261541213126545,0.45362534230785445,0.06963674780358374,0.4298055876192668
0.4502542642189591,0.45609696232842967,0.4600373949525367,0.4582020374307332,0.10282426981171022,0.4298055876192668
0.4625445932723199,0.4571228304476015,0.4636466218161839,0.4566765116887095,0.04778005258084231,0.4298055876192668
0.45844783372056286,0.4530195635996662,0.4636466218161839,0.4566765116887095,0.0525232705189012,0.4298055876192668
0.45844785420119116,0.4519937674008421,0.4631310456707525,0.45311685337664775,0.050488369311400876,0.4298055876192668
0.4563994891216765,0.4504550570793465,0.446116371952189,0.4373525764895697,0.11873083295428995,0.4298055876192668
0.43284313834739163,0.4407098161079098,0.43786684387176644,0.4444719520620969,0.04489832263009725,0.4298055876192668
0.446157475513978,0.44070968325522775,0.44611625875194183,0.43480983709151755,0.060964342194458114,0.4298055876192668
0.4364276299332568,0.4314772909737111,0.42085198724467765,0.41650287975479106,0.27431494101787207,0.4298055876192668
0.41952864330473516,0.43506779738284307,0.429617272093747,0.4358269917991422,0.07994698370557743,0.5009893090681145
0.44410909286426103,0.4401967718243025,0.4419914834098829,0.4414206647844343,0.06552542391332716,0.5009893090681145
0.44820601683381556,0.44430020398654346,0.4507567885603282,0.4424378784404628,0.06853485856948119,0.5009893090681145
0.4441091188231405,0.43814516467616316,0.4440538952618065,0.43531838497112796,0.04535645453775293,0.5009893090681145
0.4482059897172458,0.449942169103426,0.4564283245777849,0.44854015825376903,0.06743645853498,0.5009893090681145
0.4502542341076722,0.44378713255455404,0.45075662708076014,0.44548887097610634,0.0492406315339624,0.5009893090681145
0.4594681659792762,0.45404462394444256,0.46465831261829915,0.4561595341873552,0.10566726964688043,0.5009893090681145
0.4604953962635584,0.47256519391164564,0.4703469929300196,0.4724815808712194,0.14944939732450965,0.5009893090681145
0.48104131405001005,0.4777098870624945,0.4910334014445584,0.4811527731738665,0.12546149898527095,0.5009893090681145
0.4841231023571042,0.48491226603058235,0.47138129433390796,0.47809228994521047,0.1144628440019333,0.5009893090681145
0.48720509416993285,0.4900570027626264,0.4956878534396717,0.4944145134742861,0.09677225310318945,0.5009893090681145
0.4979916201074325,0.4952015789667039,0.4936191759702043,0.4928842718599581,0.06414544547099797,0.5009893090681145
0.49490964039240704,0.48851346952267016,0.4868960157126332,0.47911239207302536,0.10274890310032132,0.5009893090681145
0.49028691510553457,0.48388340149522124,0.49155052986866554,0.4821728753016813,0.0653823667296723,0.5009893090681145
0.47487760731555695,0.4766810110268891,0.48224175553881576,0.4704414355639934,0.04311987759329526,0.5009893090681145
0.49182796259012995,0.4854268967808848,0.4729329320943422,0.47146159664021214,0.05369738618475144,0.5009893090681145
0.4800140821834673,0.47668102380773647,0.4770701833444779,0.4770723057142032,0.04203368975739874,0.5009893090681145
0.4784730994450257,0.47565205524486587,0.4853446749469521,0.4755420640998753,0.023874848272155334,0.5009893090681145
0.4810412855488022,0.4746230861730395,0.481207362836255,0.4760520856895808,0.03675906672005607,0.5009893090681145
0.4810412988957805,0.48028218204724116,0.4832760097865715,0.4826829558397906,0.03345235225786804,0.5009893090681145
0.48720509012045554,0.5044619367016376,0.49672216628381405,0.5086963559025206,0.073155256681573,0.5009893090681145
0.5067235745995656,0.5029184791059828,0.4998250472393454,0.493904373987773,0.06263357528373822,0.5009893090681145
0.5015870530850104,0.5003461084204448,0.5029279379830437,0.49594457824340266,0.04979785671029608,0.5009893090681145
0.5051826489532373,0.5034329540249018,0.5096510696869743,0.5046157705460498,0.05236137165739912,0.5009893090681145
0.5169965478322818,0.5322428662573799,0.5272344932577905,0.5347096970168467,0.11795902200247398,0.5009893090681145
0.5370287386881801,0.5343007041848381,0.5287859585265438,0.5158372476424359,0.06645878480668507,0.5009893090681145
0.5267558162014622,0.5234970021329973,0.5194771077380036,0.5117567212343689,0.05344162785397336,0.5009893090681145
0.5067235582470514,0.5044618487026817,0.5117196741955605,0.5015553462657977,0.06233071275834208,0.5009893090681145
0.5113463594455856,0.5054907586748526,0.49568775042696456,0.49492447611558776,0.06270335927576498,0.5009893090681145
0.49696433801360396,0.5080631405834174,0.4962049782483352,0.5117567212343689,0.06025359223566556,0.5009893090681145
0.5139146475448154,0.5075486642437771,0.5127540339767662,0.5092063774922261,0.05148453579758287,0.5009893090681145
0.5185374630355298,0.5255548357004411,0.5194770934759934,0.5092063774922261,0.07481960489141122,0.5009893090681145
0.5303512642364303,0.5260692368703139,0.5184427174509251,0.5071660553397888,0.046356110223536265,0.5009893090681145
0.5092919065493003,0.5116644360866736,0.5199943269036003,0.5076762537747057,0.05640570291531,0.5009893090681145
0.5221330483623325,0.5157801191757854,0.5122369364075215,0.5030856468285294,0.053619577033641605,0.5009893090681145
0.49696434566578207,0.49520159700602306,0.4936191936377713,0.4811527731738665,0.06884749085376109,0.5009893090681145
0.48309581012478153,0.4879990379829834,0.48172446179801987,0.47809228994521047,0.0683324849926036,0.5009893090681145
0.4800139612161931,0.48748460437680685,0.490516182120909,0.4893137670415967,0.0730128973378384,0.5009893090681145
0.4913142998638478,0.495201660198313,0.48741335371960337,0.4750320425101697,0.09264697241452752,0.5009893090681145
0.4769321446007786,0.48697020409142133,0.47034706389885583,0.4811527731738665,0.07894593233995355,0.06429143525036604
0.4979915169578508,0.49314362725367133,0.4915504408728477,0.47911239207302536,0.060531332523932065,0.06429143525036604
0.5015871763833281,0.4952016121171482,0.4941363668869806,0.4816628537119758,0.04695834607472721,0.06429143525036604
0.4933687465687876,0.49520152017863217,0.49517059354406545,0.4847231600954204,0.05649049046562252,0.06429143525036604
0.48823234337766375,0.4900569589978532,0.497239285419928,0.4908440086559246,0.0360099355656488,0.06429143525036604
0.5067236204474125,0.5008606769684021,0.4998250922875844,0.491354089194034,0.03182429172388372,0.06429143525036604
0.5015871571062133,0.4982883651344038,0.5075824672896354,0.4974748788061344,0.052738554134303756,0.06429143525036604
0.5067236204474125,0.5003462149131293,0.5018937260345562,0.491354089194034,0.031391979893277945,0.06429143525036604
0.5000462814301885,0.4936582696052215,0.49568788524465324,0.4872736217343707,0.025768436895801473,0.06429143525036604
0.48412307241335384,0.4838833117916689,0.4832759072546885,0.47911239207302536,0.058564121788697694,0.06429143525036604
0.4892595909931202,0.4895424517372079,0.4946534485893952,0.4933942934496637,0.032952698874956436,0.06429143525036604
0.49028688394867515,0.49108583846474096,0.496722082846608,0.4893137670415967,0.04606545989674481,0.06429143525036604
0.4861777026492743,0.4849122819989603,0.4848274277054705,0.4724815808712194,0.06364579208808638,0.06429143525036604
0.47898674393838725,0.47976775007846006,0.4874133070435742,0.4816628537119758,0.0491889913798626,0.06429143525036604
0.4913141479833635,0.48902796196711695,0.49051615414251515,0.47809228994521047,0.04809024242540126,0.06429143525036604
0.48309591347383085,0.4792532880105038,0.48896478239205277,0.4816628537119758,0.04072593774681725,0.06429143525036604
0.4836096227794482,0.4782244271811489,0.4837932605113101,0.47146159664021214,0.05015305722971229,0.06429143525036604
0.4748775778127743,0.4715363604216084,0.4791387752542745,0.4694212744877748,0.05491162764601707,0.06429143525036604
0.4712820691372782,0.475652071924921,0.4755186807438261,0.4699313550258841,0.12116699211594414,0.06429143525036604
0.4841231422780329,0.49983170504351726,0.491550510906283,0.5041056900079405,0.14343331937188264,0.06429143525036604
0.5139146494130542,0.5116643624584475,0.5122368774030599,0.5010453246760921,0.05683661906607525,0.06429143525036604
0.5082644969938988,0.5039473870344898,0.512236832928447,0.4995150830617642,0.05894653806500434,0.06429143525036604
0.49182794753376924,0.4952016616642022,0.4832760872621008,0.47095151610210273,0.08430080696812699,0.06429143525036604
0.4728228583400602,0.4874845455824477,0.4832759072546885,0.47911239207302536,0.07806839864021704,0.06429143525036604
0.4964507635791553,0.49005704063073197,0.4832760872621008,0.47095151610210273,0.06342178547368048,0.06429143525036604
0.4707683509598579,0.46587722012949173,0.47086418319364187,0.4592198995192035,0.09461453206972202,0.06429143525036604
0.47282299303493425,0.46639173971671,0.47293287382979887,0.4694212744877748,0.03510274366930092,0.06429143525036604
0.4887460233087064,0.48285452421383135,0.48275888269317746,0.4755420640998753,0.051869045593650326,0.06429143525036604
0.4825822112083651,0.47668092146691465,0.47758724128888397,0.465340689131304,0.040067176862084636,0.06429143525036604
0.47179558272983313,0.465362697472251,0.47293275669972235,0.4612601037748332,0.04937601247849432,0.06429143525036604
0.46563190427147816,0.4607326147385481,0.4713813564316256,0.4597299800573128,0.049877759381166724,0.06429143525036604
0.4625500691457338,0.46639173971671,0.4718985569257196,0.4694212744877748,0.048895898613350204,0.06429143525036604
0.47795949798213566,0.4715364034925149,0.4734500746511583,0.4750320425101697,0.08782524748543852,0.06429143525036604
0.46460464149134073,0.4622760306257989,0.47189854446503,0.4607501411335315,0.04712059385618943,0.06429143525036604
0.4728229971583483,0.4663917438466737,0.46620981800295613,0.4551394320595403,0.0891577728131895,0.06429143525036604
0.45176349176250485,0.4489000219696154,0.4522465285058993,0.44238777229723003,0.10610655987668889,0.06429143525036604
0.4399496015427403,0.4375818284474684,0.44293764871104635,0.4352468216089109,0.0831137812637518,0.06429143525036604
0.43686773823566594,0.43809630436919744,0.4398347118017373,0.43983742855508723,0.09383678947858377,0.06429143525036604
0.4409769838549935,0.4452988506907156,0.44604068914457695,0.43422677842949986,0.07911446068069818,0.06429143525036604
0.4368677978727362,0.43912528900571046,0.44707498994073747,0.43779722429945744,0.05800131389300187,0.06429143525036604
0.4389222671461265,0.4329516278976424,0.42380274627925485,0.4194347375663484,0.15589080870853975,0.06429143525036604
0.42094474118361824,0.42009016730589555,0.42483715153951573,0.42045495759097085,0.07835765328716796,0.14475556259210898
0.4245402366862354,0.4221479874725921,0.42483712383976824,0.41331400690265174,0.0511596913146983,0.14475556259210898
0.41272640374525194,0.4098009275378799,0.41707977643782146,0.41433416797887035,0.0559772292042657,0.14475556259210898
0.4147810590287824,0.42060470322621746,0.42276859025637015,0.4230053602815175,0.0753025101162364,0.14475556259210898
0.42833201277836286,0.42339511101483707,0.4306147200626935,0.4200467988430373,0.0863210535373017,0.14475556259210898
0.44031144417190593,0.43435022314317007,0.43271231701035373,0.426770571677641,0.081620054914419,0.14475556259210898
0.4382280709567795,0.4317418670364068,0.42379739555285945,0.41280575376506035,0.07704955235662635,0.14475556259210898
0.4127065143983204,0.4072231192153243,0.41540678531554376,0.406081863033649,0.08319054365498124,0.14475556259210898
0.4184359015303526,0.4327852062389933,0.423797387691382,0.4376321098204047,0.09457091707470529,0.14475556259210898
0.43926982837881656,0.43330695290779564,0.43638324777287485,0.4350461022939609,0.07165873897255912,0.14475556259210898
0.44604077415886845,0.4395669799425672,0.4400540465629931,0.4345288300505875,0.0553341697177391,0.14475556259210898
0.436144695912569,0.43017685643550674,0.44162727277663905,0.43401161675561806,0.03286477104500272,0.14475556259210898
0.42833201888812344,0.42704683299882207,0.43690762060000266,0.43039112369083143,0.05074761684178029,0.14475556259210898
0.42833193702316175,0.4244383822091192,0.43480990715382994,0.42315001966445065,0.04773015702654317,0.14475556259210898
0.4283319703067784,0.4296551522157813,0.43638316397256716,0.42832221156254957,0.04449287763642177,0.14475556259210898
0.43666553809059183,0.44217534675692716,0.4411028607411279,0.4464247947832902,0.07571458458915442,0.14475556259210898
0.4486449401824223,0.4426969560498091,0.4468712836222566,0.4355631976921228,0.07588450860973958,0.14475556259210898
0.4460406466278326,0.44634860869090576,0.45473733839030706,0.44797631677139116,0.0925684654234974,0.14475556259210898
0.4491657680821147,0.44321861121855066,0.4505421199501497,0.43918369075690944,0.06117264741065799,0.14475556259210898
0.45541593661681956,0.4489570339161326,0.4552618028998303,0.44849358901476444,0.040024608626948316,0.14475556259210898
0.45437418683439046,0.44791362941750834,0.45735937715923314,0.44797631677139116,0.045938453031256106,0.14475556259210898
0.4574993925622458,0.4510437992246641,0.45368864922135577,0.4464247947832902,0.02935498516601681,0.14475556259210898
0.4439573230034153,0.4458269974152803,0.45316417687880917,0.4474591624248254,0.03497817924353315,0.14475556259210898
0.4512491583859338,0.4458269843990571,0.4594570574852189,0.450045228899673,0.03606785627903101,0.14475556259210898
0.4491657731812445,0.44791367885448696,0.4594570574852189,0.450045228899673,0.026598517480959784,0.14475556259210898
0.4554159418515261,0.44895703915915397,0.4578838471011637,0.4474591624248254,0.034099249863956106,0.14475556259210898
0.449165775760175,0.44478363976244106,0.45893265228744606,0.44952801560470357,0.04757907468380524,0.14475556259210898
0.4491658623342928,0.451043810948474,0.4494933978615949,0.45573469304114533,0.04932332556451411,0.14475556259210898
0.4595827197620199,0.45313043558304356,0.4568350388235335,0.45780348727261955,0.09006217334985632,0.14475556259210898
0.4491658507735842,0.44843543085180027,0.45578628063472704,0.4464247947832902,0.051335198054645606,0.14475556259210898
0.44708242959671385,0.44269698453285855,0.45263979779438446,0.44176981618016076,0.04529853382437072,0.14475556259210898
0.44812422280873676,0.44634880147187905,0.4542131218680996,0.44539042714175503,0.04532470282138075,0.14475556259210898
0.454374330501947,0.44791377331326654,0.4447737314573219,0.44332151501347317,0.0646339334151853,0.14475556259210898
0.44447814881215963,0.44061024055960796,0.4479200784223806,0.4397009040518789,0.04131910167904471,0.14475556259210898
0.43874882421378436,0.44687030813563744,0.4489688785381306,0.44280418382169606,0.06104005782580715,0.14475556259210898
0.4533326259616949,0.45104380355197593,0.44582253563023355,0.43401161675561806,0.37541798866624226,0.14475556259210898
0.4418740874113748,0.4395670647654897,0.4521155119502237,0.44125272078199884,0.07125538749864443,0.14475556259210898
0.44499914702588883,0.441653740652878,0.4515910850417171,0.44487321384678546,0.07079027719178609,0.14475556259210898
0.4595827977638246,0.4546955347781242,0.4615547866661963,0.45418305315623675,0.0989065964993279,0.14475556259210898
0.4590619390526901,0.4635639749511452,0.46260359010927454,0.4681478710688175,0.09337830865096797,0.14475556259210898
0.47208316864078215,0.46565074018489316,0.46994536973374124,0.4660790768373433,0.04334179068794036,0.14475556259210898
0.46583291951217776,0.4604339104820182,0.46260356808405934,0.46090682599084043,0.043668030850665465,0.14475556259210898
0.46739545177777175,0.46095557734863435,0.4626035614024816,0.4505625011430463,0.04490460318937965,0.14475556259210898
0.4449990654929241,0.4567821948393047,0.45526185829668264,0.46090682599084043,0.05387184616481834,0.14475556259210898
0.4653121437328773,0.4656507184986445,0.4688965325366886,0.47021678319709936,0.05112549715860519,0.14475556259210898
0.46687458405800997,0.46147722956573356,0.4657499872627582,0.4547002075028025,0.05078913831703621,0.14475556259210898
0.46166609230353306,0.4552171173551831,0.4594570652870663,0.44849358901476444,0.04290215153817177,0.14475556259210898
0.45385342583165256,0.450000409446492,0.4599815012385572,0.4547002075028025,0.06126964715957519,0.14475556259210898
0.45124917919529806,0.4463486789040296,0.45526181590259096,0.44590752253991695,0.03418299065438822,0.14475556259210898
0.4481241301976071,0.44165364518571915,0.4463469117363935,0.4402181762952523,0.04776609578243696,0.14475556259210898
0.43874883956554556,0.436958525304852,0.44687126284989553,0.4397009040518789,0.08237511770814855,0.14475556259210898
0.43874887858972245,0.43226350192061436,0.43952959257222035,0.4319427046273362,0.04244506639039649,0.14475556259210898
0.4335405445395806,0.441653759734994,0.44267616936319654,0.44125272078199884,0.045934614911694635,0.14475556259210898
0.4382279828388297,0.43643684117420223,0.4416271745930208,0.42987379249905433,0.036602401657955995,0.14475556259210898
0.43979065279201235,0.43330693087788785,0.4384808576136979,0.42780505721598383,0.03908601393418839,0.14475556259210898
0.4314570615698351,0.4280901445578933,0.4374319928600664,0.42573614508770197,0.04810873518328835,0.14475556259210898
0.41791506836418624,0.41661333599406725,0.42327299302596855,0.4117713271751212,0.0589119949889511,0.14475556259210898
0.4127066100504718,0.4103532572480575,0.42169977479353604,0.4107369005851822,0.0374767950780513,0.14475556259210898
0.40749821607202297,0.40826663313689937,0.41750458209010444,0.408668106353708,0.045914377554006874,0.14475556259210898
0.4137483731559365,0.4087883068734385,0.41750458209010444,0.408668106353708,0.04058148488332186,0.30751325012068065
0.414789907420525,0.4155699047821233,0.42169968653720313,0.41642618788144314,0.04702917682663437,0.30751325012068065
0.4179150985594927,0.4145266716900874,0.42484624683652106,0.4174607323681897,0.02771157215378661,0.30751325012068065
0.41895676108661817,0.41243994660209515,0.42327299302596855,0.4117713271751212,0.023921603546813264,0.30751325012068065
0.42624860474919357,0.41974337263502903,0.42065094846264384,0.41280575376506035,0.024839611961925294,0.30751325012068065
0.40749810304918577,0.40513647676061926,0.41540683701121206,0.4076335618669613,0.03300573470889677,0.30751325012068065
0.40853979309718647,0.40304977957235866,0.41645565003276863,0.4081507751619309,0.02840731855429341,0.30751325012068065
0.41479004710198986,0.4197434360664011,0.4196021948788886,0.42366735085622775,0.04604452469913678,0.30751325012068065
0.42520692282474903,0.4192217097805573,0.41907773550767424,0.4107369005851822,0.046020100301927415,0.30751325012068065
0.4095814418495476,0.40409308280739553,0.41540679048679696,0.40504743644371,0.04139656191019442,0.30751325012068065
0.40749816821863016,0.41296164791770174,0.4169801260340118,0.41797794566315927,0.034699392195386244,0.30751325012068065
0.4252069479630204,0.41870006128037596,0.42327302320347193,0.4174607323681897,0.0334952694129645,0.30751325012068065
0.418956667219503,0.41243985258588134,0.41802882161349575,0.40659907632861847,0.03288151920308914,0.30751325012068065
0.4127066287338842,0.4134833182479558,0.418553346337298,0.4071164075203957,0.03838782509396065,0.30751325012068065
0.41947761382760906,0.41713501609977055,0.422748591528326,0.42211565202291534,0.04242308443290806,0.30751325012068065
0.42624862098617167,0.42078673626336327,0.4201265565522567,0.4097024739952432,0.05578392754635157,0.30751325012068065
0.41166481923787945,0.40722311661527977,0.41802882161349575,0.40659907632861847,0.03361599571917079,0.30751325012068065
0.4080188952470678,0.40722311661527977,0.4175044138380718,0.40659907632861847,0.037060533565611675,0.30751325012068065
0.40801902737257534,0.4020065130902416,0.41435809943913937,0.4040131277505785,0.051732966809198144,0.30751325012068065
0.4132273995644671,0.409831526345649,0.41540682397612794,0.4102196283418089,0.05904074645424047,0.30751325012068065
0.4116648974985815,0.4113965845554314,0.41330922938686676,0.40297864221223567,0.07375121197348151,0.30751325012068065
0.41374834861194487,0.40774493479709983,0.4075408076133057,0.4019442745707005,0.08372788039358729,0.30751325012068065
0.4101022680268469,0.4197432702488425,0.41593117815207536,0.4210811075361688,0.07681228678373536,0.30751325012068065
0.42260271066779354,0.41661336110694125,0.4237974257537952,0.41849515895812883,0.028689594802041654,0.30751325012068065
0.42520690666750116,0.4333068825467711,0.4321879157483517,0.4371148965254351,0.06543505364365251,0.30751325012068065
0.44499902175492256,0.43852357281826215,0.4316634629295242,0.4226328063694811,0.046954159035205605,0.30751325012068065
0.42156097567334305,0.42183005530459794,0.42851705430128284,0.426770571677641,0.036886771425465044,0.30751325012068065
0.43354044830752503,0.43226353521623473,0.4295658765284045,0.4371148965254351,0.042181631820495474,0.30751325012068065
0.41999844314248624,0.4343502298773073,0.4300902843723938,0.4371148965254351,0.08257225748562415,0.30751325012068065
0.44395731785784465,0.4463486658165282,0.4515909483109989,0.44849358901476444,0.060662526428942376,0.30751325012068065
0.45124916097292356,0.44478363976244106,0.4494933119893644,0.44952801560470357,0.04834774535598,0.30751325012068065
0.4616661708901497,0.48025753272018235,0.46575003726376885,0.4681478710688175,0.13004560942150883,0.30751325012068065
0.46999971277002073,0.4635639749511452,0.4730917472909225,0.4681478710688175,0.070430191792928,0.30751325012068065
0.46999971277002073,0.4635639749511452,0.47099411585459283,0.4681478710688175,0.083854887259076,0.30751325012068065
0.4611452710823023,0.4625205734491632,0.47151846990790036,0.46711338553047466,0.04762966807802464,0.30751325012068065
0.46687463456506917,0.4635639749511452,0.4699453001364281,0.4681478710688175,0.04156439241101878,0.30751325012068065
0.46999971277002073,0.46408564863142765,0.47886023374082887,0.4681478710688175,0.056351620321489264,0.30751325012068065
0.4658329630565595,0.46147730155502376,0.46679887406034415,0.4640101647090613,0.05187532615293273,0.30751325012068065
0.45854102193843516,0.45626047213132626,0.46889641318774156,0.45883791386255857,0.04994614769335295,0.30751325012068065
0.46270782305358327,0.4614772392828729,0.4720428907863392,0.46452731905562705,0.05203408473479361,0.30751325012068065
0.461666197301717,0.46043395952583466,0.4715185502854493,0.4629757381191223,0.08051223404099418,0.30751325012068065
0.464791208399289,0.4635639338795431,0.4736161142697526,0.46452731905562705,0.047008241629026344,0.30751325012068065
0.4621870490243263,0.46095563861068556,0.4652256610454659,0.4619413115291833,0.03716486063369168,0.30751325012068065
0.4658329418300853,0.4635639749511452,0.4715185237136753,0.4681478710688175,0.024957895828410653,0.30751325012068065
0.4699996069112391,0.46408554252417644,0.4751892729520636,0.46556168669716236,0.025666552267442404,0.30751325012068065
0.46947876320684756,0.46408554511510614,0.4772869066561234,0.4650444734021928,0.03761496738226428,0.30751325012068065
0.4647912750751305,0.4630423274709309,0.46155480002962757,0.45159698668138915,0.054353355709802986,0.30751325012068065
0.450207450504445,0.4604338299016639,0.4605058576862162,0.4650444734021928,0.07681403138353603,0.30751325012068065
0.459061981342859,0.45991230200301825,0.46942093485669034,0.45987245834930524,0.02894884233242107,0.30751325012068065
0.4658329063206298,0.4593905499430273,0.4725673038703261,0.46349289246568803,0.020885650973689062,0.30751325012068065
0.4689579298814751,0.4630422109055905,0.4694208028158442,0.4624584069273452,0.03628104637467276,0.30751325012068065
0.4642703990568884,0.45834723446896086,0.4683720728972406,0.4572863329260538,0.031063646210792037,0.30751325012068065
0.46791626083379045,0.46147721365817806,0.4678476027963795,0.45780348727261955,0.04094401272190088,0.30751325012068065
0.4585411349428111,0.4567822597256779,0.46784771118110735,0.45987245834930524,0.08202410422825394,0.30751325012068065
0.4668745832799125,0.4625205760675952,0.470994064690314,0.4665961722355051,0.051052223966977096,0.30751325012068065
0.46062441761763917,0.4567821562409412,0.4667987924049678,0.4567690606826805,0.03985747596604422,0.30751325012068065
0.4595827502355081,0.46147724455572436,0.46994526471116516,0.46349289246568803,0.047956955000630144,0.30751325012068065
0.46531216517214036,0.4625206977836551,0.47466504094731043,0.4660790768373433,0.04256718837644332,0.30751325012068065
0.4595827346814425,0.4619989024264046,0.46994524905074253,0.4665961722355051,0.042246879853040493,0.30751325012068065
0.4684372436961288,0.46304237151719474,0.47571385677254796,0.4660790768373433,0.03841783221053216,0.30751325012068065
0.46374959894328993,0.4593906282901281,0.46994534274855126,0.45987245834930524,0.05595699184657794,0.30751325012068065
0.46166624022748726,0.46147735031657566,0.47151859347159764,0.4660790768373433,0.05169528345350369,0.30751325012068065
0.46999962457479094,0.5052977756847629,0.47990896072796563,0.5095250525631864,0.10945479581413284,0.30751325012068065
0.5012504687468019,0.49486436965394043,0.49197040468972486,0.48469875545624574,0.07254359999145843,0.517651963359284
0.48458339851744237,0.5011244669591589,0.4951168647442671,0.505387405151834,0.052141901002474955,0.517651963359284
0.5022920644618337,0.49955933497795335,0.5077025429527542,0.5038356473701179,0.038371774775794495,0.517651963359284
0.5095840260320551,0.524078110873467,0.5192396281652653,0.5281449080273003,0.12164187218168625,0.517651963359284
0.5298970446710694,0.5235564478225249,0.5307766114318024,0.5260760548474223,0.07485275228762393,0.517651963359284
0.5325013256379777,0.5365983397154929,0.5407404100444579,0.5395237184134373,0.0660460124938468,0.517651963359284
0.536667937901876,0.5355548319881951,0.5465087370566553,0.5359030485034393,0.032938742076551085,0.517651963359284
0.5382305612379882,0.5386849589671726,0.5480820453263052,0.5426269392348506,0.06355018801900972,0.517651963359284
0.5533351158691006,0.6357162719135712,0.5643386989642765,0.5638328022254083,0.1471697636569715,0.517651963359284
0.5741689117378357,0.599199054228944,0.5853149540943503,0.5871074594474404,0.09686848522819434,0.517651963359284
0.5950028175829876,0.5965907397757013,0.5695827708735866,0.5767631935480501,0.09935719173584469,0.517651963359284
0.5793774337133046,0.5757237999029358,0.5722048166903065,0.5638328022254083,0.08139904901167025,0.517651963359284
0.5611477652275239,0.5600735434371623,0.5590945749453146,0.5612466768021569,0.09393009067592355,0.517651963359284
0.5637520498027571,0.5626819650136413,0.5590946271858525,0.5509024109027666,0.07405484212278995,0.517651963359284
0.5585435794379413,0.5626819581614932,0.5669607382062865,0.5638328022254083,0.06750254397542933,0.517651963359284
0.5533351158691006,0.5600735898132049,0.5643386989642765,0.5638328022254083,0.04210054282176038,0.517651963359284
0.5741689701444639,0.5678986948580703,0.5748268559323165,0.5638328022254083,0.0489206719305197,0.517651963359284
0.5715647183074908,0.5652903064253777,0.566960718416412,0.5560745438524618,0.03982363072991124,0.517651963359284
0.5481266129906609,0.5496400766462572,0.5590945809018628,0.5483162854795153,0.05252773669439091,0.517651963359284
0.5585436057765709,0.5548568795856189,0.5617166859740298,0.5586606692757131,0.042316454493091175,0.517651963359284
0.5689605134169043,0.5626819650136413,0.5643387057154888,0.5509024109027666,0.026932015178855673,0.5802761452121319
0.5507308842839229,0.5496401166209632,0.5486064637094215,0.5405580860549725,0.06317921631739545,0.5802761452121319
0.5429182805967544,0.5470318413434451,0.5486065553722,0.5457303369014752,0.043001942646770035,0.5802761452121319
0.5559393079428038,0.5548568130749971,0.5617166200092524,0.5483162854795153,0.04262503930583351,0.5802761452121319
0.5611477914345293,0.5548568332973643,0.5617166400656571,0.5560745438524618,0.030091136497907105,0.5802761452121319
0.5637519580669917,0.5678986086490321,0.5695826924978343,0.5690048762266997,0.05962462911552837,0.5802761452121319
0.5741688328560666,0.5757236610394979,0.5826928358858807,0.57934914212609,0.07103019455637409,0.5802761452121319
0.5819816587704504,0.5757237931649755,0.5826929669733226,0.5767631935480501,0.03315011778840014,0.5802761452121319
0.584585758187322,0.5835487647273917,0.5853148746731961,0.57934914212609,0.03893248915172952,0.5802761452121319
0.5897943608509862,0.5835489049478012,0.5774488951743265,0.5638328022254083,0.03669947119086522,0.5802761452121319
0.576773155011073,0.5705070162140233,0.5748268094680902,0.5612466768021569,0.046995471158485444,0.5802761452121319
0.5533351420309609,0.5548568795856189,0.5564726073120316,0.5586606692757131,0.06881880963303809,0.5802761452121319
0.5663737090502688,0.5679424151127273,0.5695739349938095,0.5716343876751502,0.043243813963134786,0.5802761452121319
0.5585347999852224,0.5600910547480272,0.5669431000682333,0.5534710875984923,0.055017420177929634,0.5802761452121319
0.5585348334767192,0.5548568461538693,0.5643122956672791,0.5560658784371026,0.04759526456995545,0.5802761452121319
0.55853484082254,0.5627082173269808,0.5669431410463526,0.5612554011659198,0.04628653558348559,0.5802761452121319
0.5559218700038805,0.5600910960633642,0.5669431410463526,0.5612554011659198,0.030340335133434666,0.5802761452121319
0.5742126657344971,0.5679424598542142,0.5695739790791804,0.5612554011659198,0.024550985370902615,0.5802761452121319
0.5611478042706453,0.5627082098704012,0.5695739716831296,0.5560658784371026,0.02806440001747391,0.5802761452121319
0.5559217797335871,0.5548567625115489,0.5511580238041488,0.5404972513022476,0.07905716802324421,0.5802761452121319
0.5428569758982614,0.5522396913703306,0.5432655590187391,0.5534710875984923,0.06134564192689233,0.5802761452121319
0.5480828681925102,0.5522396415533839,0.5537888615299241,0.5404972513022476,0.10113354325288587,0.5802761452121319
0.5428570790265773,0.5548569182730447,0.5537890144297882,0.5430921600376656,0.05341134160143375,0.5802761452121319
0.5533088152377096,0.5600910105574114,0.5564197052530468,0.5638500741077227,0.04663733971140411,0.5802761452121319
0.5689867091067233,0.5627082023127152,0.561681450238738,0.5508763557082856,0.04416189216223885,0.5802761452121319
0.5611478832815233,0.5574740467946506,0.5616815361426991,0.5482816827664827,0.03973786620371036,0.5802761452121319
0.5611478832815233,0.5574740467946506,0.5616815361426991,0.5482816827664827,0.0357700182010608,0.5802761452121319
0.5611478042706453,0.5574739673927133,0.5669431336752044,0.5560658784371026,0.052180980038009944,0.5802761452121319
0.5559219411633969,0.5548569252902483,0.5616815361426991,0.5482816827664827,0.03830192099977571,0.5802761452121319
0.5480829429558645,0.5470054750303031,0.5537889362906826,0.5508763557082856,0.0635679131529845,0.5802761452121319
0.5533089631687892,0.5496226753113354,0.5564198526809926,0.5430921600376656,0.041854414681881995,0.5802761452121319
0.5454700500621303,0.5470055538304808,0.5537890144297882,0.5430921600376656,0.03472702665622884,0.5802761452121319
0.5454700500621303,0.5470055538304808,0.5537890144297882,0.5430921600376656,0.03662096419983511,0.5802761452121319
0.5533088092198948,0.5496225205952189,0.5537888615299241,0.5404972513022476,0.06641440218775606,0.5802761452121319
0.5480828741695263,0.5600910105574114,0.5564197052530468,0.5638500741077227,0.07473642237291532,0.5802761452121319
0.5506959137247218,0.5496225962440384,0.5590506122560528,0.5508763557082856,0.052165627559764054,0.5802761452121319
0.5480829429558645,0.5496225962440384,0.5590506122560528,0.5508763557082856,0.036557111847130626,0.5802761452121319
0.5585347583116458,0.5522396496305596,0.5590505449916305,0.5456867740310647,0.02319061623033295,0.5802761452121319
0.5480830210976833,0.5443884323496261,0.5564198526809926,0.5430921600376656,0.025915262415025776,0.5802761452121319
0.5454700500621303,0.5443884323496261,0.5564198526809926,0.5430921600376656,0.021494935008074704,0.5802761452121319
0.5454700569271436,0.5443884392726392,0.5564198595929482,0.5482816827664827,0.014460708611777276,0.5802761452121319
0.5533089701043336,0.5496226822814438,0.5590506978678236,0.5482816827664827,0.02745567425502448,0.5802761452121319
0.5506959921332362,0.5470055538304808,0.5564198526809926,0.5430921600376656,0.02936475492490056,0.5802761452121319
0.5506959921332362,0.5443884323496261,0.5564198526809926,0.5430921600376656,0.034860383864991976,0.5802761452121319
0.5480828761482653,0.5496225286451987,0.5564197072385169,0.5456867740310647,0.03788391488753542,0.5802761452121319
0.5480829172605818,0.5548568124962294,0.5590505863850685,0.5534710875984923,0.04928424652897913,0.5802761452121319
0.5611477782872022,0.5627081835836921,0.5643122697695309,0.5586606103273094,0.05315090774318988,0.5802761452121319
0.5663737532785186,0.5627082173269808,0.5695739790791804,0.5612554011659198,0.04442246558846677,0.5802761452121319
0.5715996909970285,0.5810280621692828,0.5774664892581882,0.5794187012425778,0.10009348263571904,0.5802761452121319
0.5742126544551878,0.575793812235985,0.5827281579243635,0.5742291785137607,0.03164836627998426,0.5802761452121319
0.5820515815436663,0.5810280695527653,0.5906206867068895,0.5846082239713949,0.07699588846675776,0.5802761452121319
0.5872775232029017,0.5810280695527653,0.5932515247507503,0.5846082239713949,0.04368896604827349,0.5802761452121319
0.5872775232029017,0.5862623121019498,0.5932515247507503,0.5846082239713949,0.034909581579370845,0.5802761452121319
0.5872774865269089,0.5967307597504673,0.5932514880637553,0.6001767332094424,0.04598674355373863,0.5802761452121319
0.6081812367943814,0.6019649866197838,0.5985131487823971,0.5897976877518082,0.04459378528889246,0.5802761452121319
0.595116341778656,0.5888793393142716,0.5827280807563664,0.5820133741843806,0.049879015493023204,0.5802761452121319
0.5820514891404245,0.5836450973699892,0.5853589184961909,0.5820133741843806,0.042142343432984404,0.5802761452121319
0.5898904164770922,0.5888793551951514,0.5906206096319652,0.5923924196420148,0.04181840614199619,0.5802761452121319
0.595116413449728,0.6071992595199118,0.5985131786603772,0.6105557786670767,0.04422246466731807,0.5802761452121319
0.60034233249331,0.5967307521278435,0.6064056700942333,0.5949872104806253,0.028107805660514556,0.5802761452121319
0.5846644753198337,0.5888793551951514,0.5906206096319652,0.5923924196420148,0.07452714018082707,0.5802761452121319
0.5872775232029017,0.5862623121019498,0.5932515247507503,0.5846082239713949,0.03722989931426062,0.5802761452121319
0.5794385670028909,0.591496509865745,0.5906206426968394,0.5949872104806253,0.050206162847644654,0.5802761452121319
0.5977293282129799,0.5941135972415617,0.5985131230054339,0.5923924196420148,0.04926400917129137,0.5802761452121319
0.5951163942248054,0.5888793918437265,0.5906206457618693,0.5768239104039673,0.047538251048469586,0.5802761452121319
0.5951163911207052,0.591496509865745,0.5958823184959707,0.5949872104806253,0.04557459929682858,0.5802761452121319
0.5977293802496247,0.5941136495279106,0.5985131747262015,0.5872029558616015,0.024494599905344992,0.5802761452121319
0.5925034387587981,0.5914965283376564,0.5985131747262015,0.5872029558616015,0.02744234551254737,0.5802761452121319
0.5951163911207052,0.591496509865745,0.5985131563955364,0.5949872104806253,0.039646518958147324,0.5802761452121319
0.5925034387587981,0.5967307707181647,0.6011440126852823,0.5872029558616015,0.04318449756991204,0.5802761452121319
0.6029553257240277,0.6071992595199118,0.6090365305477938,0.6105557786670767,0.0760102593633718,0.5802761452121319
0.6134071781178859,0.6071992288327042,0.6037748245320925,0.5897976877518082,0.06509241424280111,0.5802761452121319
0.5846644829956983,0.5941136050798738,0.593251455126299,0.597581942370832,0.050222701653754996,0.5802761452121319
0.5925034648621371,0.588879433376542,0.5985132008384721,0.5846082239713949,0.0402728302865875,0.5802761452121319
0.5925035192988781,0.5993479738775257,0.6011440935145035,0.6027715829964567,0.03881176284552322,0.5802761452121319
0.6029553586148456,0.6098164141905054,0.6116674015299055,0.6131505695056871,0.0537721248402121,0.5802761452121319
0.6029553183043467,0.6045821308144833,0.60903652312496,0.6053662559382595,0.03398801418066545,0.5802761452121319
0.613407234785898,0.6071992855907277,0.6142982323693057,0.60796104677687,0.03964665852613138,0.5802761452121319
0.6107942379983274,0.6098163807228727,0.6195598824352101,0.6105557786670767,0.030580531633990774,0.5802761452121319
0.6081812597732874,0.6071992519937771,0.614298199021086,0.6053662559382595,0.05589383733379372,0.5802761452121319
0.6081813401518832,0.622902061613942,0.616929117641263,0.6209348830731146,0.06925384303933291,0.5802761452121319
0.6316979513570298,0.628136176191353,0.622190668646821,0.61574524244749,0.08719349300562025,0.5802761452121319
0.6134072821295491,0.6307534259161233,0.6221907940495928,0.6209348830731146,0.0948363753803751,0.5802761452121319
0.6186332241072151,0.6307534259161233,0.6300833086620876,0.6209348830731146,0.09533665681921494,0.5802761452121319
0.6421499215575615,0.6359876272692557,0.6274524299938147,0.6131505695056871,0.06999404184276076,0.5802761452121319
0.6160201719766984,0.6150506155316583,0.6195598749172119,0.6053662559382595,0.09280112525291463,0.5802761452121319
0.5977294065213723,0.5967307972003185,0.5985132008384721,0.5846082239713949,0.09141067921178143,0.5802761452121319
0.5872775158311285,0.5967307896730019,0.5932515173767657,0.5794187012425778,0.08322194645139327,0.5802761452121319
0.5872774865269089,0.6071992443717679,0.5932514880637553,0.6001767332094424,0.09268326009038143,0.5802761452121319
0.6107942639459444,0.6098164068756722,0.6090365562607707,0.60796104677687,0.06035198766442329,0.5802761452121319
0.5898904719335282,0.6071992595199118,0.6011440166322314,0.6105557786670767,0.042605848708026146,0.5802761452121319
0.6238590808091886,0.6229019756722936,0.6248215474615281,0.6235295560149176,0.05473305041042059,0.5802761452121319
0.6343109453268131,0.633370441827023,0.6379757188153728,0.6313138106339412,0.07760991781260122,0.5802761452121319
0.6473758063827819,0.64122181289415,0.6379757263981748,0.6365033333627583,0.10450941365117243,0.5802761452121319
0.6499887455285208,0.6438389024345368,0.6300831820725388,0.61574524244749,0.09242150033628906,0.5802761452121319
0.6186331427111688,0.6229019790695396,0.6195598749172119,0.6053662559382595,0.10047617804799379,0.5802761452121319
0.5977293768354061,0.6071992519937771,0.60903652312496,0.6053662559382595,0.05965519450403609,0.5802761452121319
0.6081812931059908,0.6071992855907277,0.6169290704235733,0.60796104677687,0.04187800167118704,0.5802761452121319
0.6107942305077577,0.6071992519937771,0.611667361073023,0.6053662559382595,0.05736802416535903,0.5802761452121319
0.6029553514260836,0.6071992855907277,0.6090365562607707,0.60796104677687,0.06646583298987978,0.5802761452121319
0.6081812672402275,0.6071992595199118,0.6195598824352101,0.6105557786670767,0.05938701462267725,0.5802761452121319
0.6128766234465034,0.6146395226206601,0.6216161875980836,0.6179324640222049,0.058556794469534885,0.5802761452121319
0.6181826602810745,0.6146395267863997,0.6242873491313778,0.6126634198966572,0.043392104946191654,0.5802761452121319
0.6208356745523678,0.6146395246969176,0.6242873470508854,0.615297941959431,0.04984712420866697,0.5802761452121319
0.623488682663355,0.6252684379825436,0.6296296535911748,0.6258360302105264,0.07864090651080458,0.5802761452121319
0.6394067847839852,0.6332401332950145,0.6269585003081922,0.6205669860849787,0.07367472871822019,0.19568762311963214
0.6234886888237028,0.6172967530182623,0.6242873449835604,0.6179324640222049,0.04000102163764327,0.19568762311963214
0.620835672479403,0.6146395226206601,0.6269585023690373,0.6179324640222049,0.033864985002722274,0.19568762311963214
0.6128765760282705,0.6093250141801669,0.6162738255422517,0.6021252726971581,0.08322648241087502,0.19568762311963214
0.602264511257055,0.6066677839343013,0.6109315110763618,0.6021252726971581,0.04788535662481069,0.19568762311963214
0.6102236112086896,0.6119822963756147,0.6189450343339207,0.6126634198966572,0.048703364579348374,0.19568762311963214
0.6128766380985841,0.6119823069921841,0.6136027300053957,0.5994908095827881,0.043807738402703036,0.19568762311963214
0.6022645074640625,0.6040105498525348,0.6109315072697922,0.6073943168227057,0.05127120613395707,0.19568762311963214
0.6102235560056489,0.6093250103196769,0.6162738217109641,0.6073943168227057,0.04021100166965179,0.19568762311963214
0.6102235637150222,0.6040105575741536,0.6109315149323673,0.5968562285716105,0.06513840189354675,0.19568762311963214
0.5996114988940688,0.596038866799194,0.6029180431959739,0.5968562285716105,0.047777400789145295,0.19568762311963214
0.5996115646790353,0.5933817024303336,0.6029181087856269,0.5889527213316927,0.06882934701583412,0.19568762311963214
0.6022645189917848,0.5960388706978546,0.6029180470643354,0.5915871844460627,0.0868034702741827,0.19568762311963214
0.610223605068392,0.6172967509485753,0.6162738707925377,0.6205669860849787,0.0902470311447352,0.19568762311963214
0.6155296418506482,0.6172967551010902,0.6216161896588037,0.615297941959431,0.05998359797051402,0.19568762311963214
0.6181825895639943,0.6252683764758558,0.6242872783828094,0.6284704933248964,0.0636985487860586,0.19568762311963214
0.6234886127828967,0.6385545181154313,0.6349718979647028,0.6416431036387655,0.08957536022147763,0.19568762311963214
0.6394067040133824,0.6465262030991767,0.6509988353955114,0.6495466698270871,0.06243092257089251,0.19568762311963214
0.6579778221404017,0.6518406689021554,0.650998840828464,0.6416431036387655,0.09332255124133858,0.19568762311963214
0.618182620319068,0.6146394866338525,0.6002468937125985,0.5863181403205151,0.3187709029225117,0.19568762311963214
0.5518572201981405,0.5827527291551073,0.5628506976012503,0.5784145741321937,0.1873321258841806,0.19568762311963214
0.5810403892491018,0.5933816404269178,0.5842199462573019,0.5915871844460627,0.10923651148707314,0.19568762311963214
0.5810404193481761,0.5774382890483358,0.5655218747483501,0.5520693535044553,0.16785115688599822,0.19568762311963214
0.5518571770595498,0.56946653309102,0.5628506541676825,0.5573383386815992,0.14861799084350283,0.19568762311963214
0.554510246142459,0.5694665876156313,0.5655218646523896,0.5652419638183245,0.1114154468541167,0.19568762311963214
0.5783873787934657,0.5800954949012986,0.5762064801877662,0.5836836182577413,0.10712840687193674,0.19568762311963214
0.5677754415028302,0.569466702896788,0.5762066082839855,0.5705111258406798,0.09833185554099551,0.19568762311963214
0.5704283438427024,0.5694665876156313,0.5788776512730611,0.5652419638183245,0.06037724946953698,0.19568762311963214
0.5730813621519497,0.5694665896515317,0.5735353386371399,0.5626074417555507,0.04996778073088124,0.19568762311963214
0.5598163418667836,0.5694666521689111,0.5708642428900998,0.5599729786411806,0.07586273600422723,0.19568762311963214
0.5677753295716055,0.5668093593081432,0.5735353386371399,0.5626074417555507,0.05355739949674576,0.19568762311963214
0.5810403950305083,0.5800954949012986,0.5868911092977114,0.5836836182577413,0.058853655571616724,0.19568762311963214
0.5863464275045936,0.5827527251914734,0.5868911092977114,0.5836836182577413,0.0735602829712963,0.19568762311963214
0.5889994302930357,0.5986960931967045,0.5922334104457471,0.6021252726971581,0.1997864749411965,0.19568762311963214
0.591652459978679,0.5907244160619974,0.5922334238526838,0.5836836182577413,0.10413606929382926,0.19568762311963214
0.5889994417824886,0.5907244140803735,0.597575736441601,0.5863181403205151,0.05622014728051085,0.19568762311963214
0.583693541512739,0.5800956257853288,0.581548923707407,0.5705111258406798,0.05662294048248931,0.19568762311963214
0.557163264410917,0.5694665896515317,0.5681930239751819,0.5626074417555507,0.09019057589518556,0.19568762311963214
0.5783873768600963,0.5827527232292138,0.5815487928156151,0.5863181403205151,0.07600209463630467,0.19568762311963214
0.5783873253087346,0.5800954407959157,0.5895622127247437,0.575779993121016,0.07524689227459107,0.19568762311963214
0.5677753913635698,0.5668094216164344,0.5735354004312628,0.5599729786411806,0.0779965909124215,0.19568762311963214
0.557163325367855,0.561494960511481,0.5655219278077736,0.5599729786411806,0.05969287785973054,0.19568762311963214
0.557163262425833,0.5614948966058928,0.5628507073282554,0.5652419638183245,0.056430894936431664,0.19568762311963214
0.5571632092621628,0.5588376124741284,0.5681929684493263,0.5573383386815992,0.0909753666695185,0.19568762311963214
0.5677753138452949,0.5827527251914734,0.5762064801877662,0.5836836182577413,0.09257984021419777,0.19568762311963214
0.5704282771324539,0.5774382106843066,0.5815487414307894,0.575779993121016,0.08223303750038206,0.19568762311963214
0.5889994990037317,0.5880672414858403,0.5895623214830643,0.5889527213316927,0.061506703380490094,0.19568762311963214
0.588999437902608,0.5880671798850441,0.5949045752898924,0.5915871844460627,0.030911307756197617,0.19568762311963214
0.5916524056025358,0.5880671311307428,0.5895622127247437,0.575779993121016,0.03701468548285009,0.19568762311963214
0.5730813501986227,0.5800954988518944,0.5842199559259933,0.5784145741321937,0.04217953830073467,0.19568762311963214
0.5889993913544211,0.5827526727210464,0.5868910574198015,0.5731454710582421,0.0404444291229813,0.19568762311963214
0.5757344408603561,0.5721238827213879,0.5735354004312628,0.5599729786411806,0.05328293905610451,0.19568762311963214
0.5571632704477483,0.5614949047506141,0.5681930300532924,0.5547038755672291,0.10193912965684279,0.19568762311963214
0.5598162888055178,0.5614949068217803,0.5655218747483501,0.5520693535044553,0.06874965369693957,0.19568762311963214
0.5571632745416915,0.5614949089072304,0.5628507194434079,0.5494348314416815,0.07072181909560783,0.19568762311963214
0.5571632745416915,0.5535232177728163,0.5628507194434079,0.5494348314416815,0.047968678711290645,0.3979791652933425
0.5518571976860841,0.5482087125877732,0.5361391028109157,0.528358595991087,0.07134617647227126,0.3979791652933425
0.535939143942759,0.5535232177728163,0.5468237752479439,0.5494348314416815,0.048271611020678805,0.3979791652933425
0.5571632704477483,0.5535232136583278,0.55483724329432,0.5547038755672291,0.04661647429778811,0.3979791652933425
0.5492041776578676,0.5455514784870397,0.5468237278456687,0.5336276401166347,0.06010271924490371,0.3979791652933425
0.5385921684268826,0.537579843733554,0.5441526260394329,0.5388967431905861,0.044879760088218125,0.3979791652933425
0.546551279571857,0.5402371363234695,0.5494950026867831,0.5362622800762161,0.025702002535391996,0.3979791652933425
0.5438981990582732,0.5455515328533636,0.5521660961411274,0.5415312652533599,0.023914276227650452,0.3979791652933425
0.5359391044946936,0.5322653350978649,0.5361391066258999,0.5230895518655394,0.050236239748208185,0.3979791652933425
0.527980113390903,0.5296081630185766,0.5361391642670079,0.525724132876717,0.05814144014899161,0.3979791652933425
0.5359391044946936,0.5296081048588491,0.5361391066258999,0.5230895518655394,0.04006989843777368,0.3979791652933425
0.5279801030129005,0.5349226133267416,0.5388103112499621,0.5388967431905861,0.041924617377860914,0.3979791652933425
0.5359391500194828,0.5375798416546568,0.5468237813662197,0.5415312652533599,0.04161987068468005,0.3979791652933425
0.5465511972923375,0.5614948966058928,0.5548372353558525,0.5652419638183245,0.0738265089008784,0.3979791652933425
0.5677753275593285,0.5614948966058928,0.5628507073282554,0.5652419638183245,0.04489699673424874,0.3979791652933425
0.5677752736673889,0.5614948426283514,0.5681929684493263,0.5573383386815992,0.027185400853904838,0.3979791652933425
0.5624693030694407,0.5588376743865187,0.5681930300532924,0.5547038755672291,0.02180582269255392,0.3979791652933425
0.551857237826056,0.5588376743865187,0.5628507153497034,0.5547038755672291,0.03097006587748415,0.3979791652933425
0.5598162253634694,0.5561803823199055,0.5655218113085044,0.5573383386815992,0.040799559858405485,0.3979791652933425
0.5651223748646411,0.5668094216164344,0.5708642428900998,0.5599729786411806,0.06064905811848121,0.3979791652933425
0.5677753913635698,0.5694666521689111,0.5735354004312628,0.5599729786411806,0.09180293503096384,0.3979791652933425
0.5624692289561731,0.5721237504610884,0.5735352701368351,0.575779993121016,0.07316265378472782,0.4652715081545963
0.5889994417824886,0.5854099535129338,0.5895622646286082,0.5863181403205151,0.07429685300713876,0.4652715081545963
0.5916525154225577,0.5854100110135938,0.5975757938646019,0.5889527213316927,0.04198944670645378,0.4652715081545963
0.5969584751030049,0.6040105498525348,0.6055891928286202,0.6073943168227057,0.11459996954626588,0.4652715081545963
0.6128766254997883,0.611982294292745,0.6136027174825585,0.615297941959431,0.08285746466103751,0.4652715081545963
0.618182658201508,0.6172967551010902,0.6162738748746404,0.615297941959431,0.05884807285225459,0.4652715081545963
0.6181826561351031,0.6226112138134666,0.629629659754514,0.6179324640222049,0.06481244086678975,0.4652715081545963
0.6102236071022037,0.6146395226206601,0.6136027154416531,0.6179324640222049,0.07283794886982731,0.4652715081545963
0.6155296357099789,0.6199539792764903,0.6242873408879168,0.6232015081477525,0.05108516201121373,0.4652715081545963
0.6234886867572981,0.6226112117307216,0.6269585003081922,0.6205669860849787,0.04143857187339453,0.4652715081545963
0.6261417010351931,0.6226112096610759,0.632300813005092,0.6232015081477525,0.05681184574890575,0.4652715081545963
0.6261416989882216,0.6226112076044055,0.6269584962252642,0.6258360302105264,0.05830920086582394,0.4652715081545963
0.6208356056969573,0.6279256066617854,0.6296295927281992,0.6284704933248964,0.060109767428098405,0.4652715081545963
0.6367537705452019,0.6305829050062732,0.632300817139991,0.6179324640222049,0.040610724375981073,0.4652715081545963
0.6155295734310314,0.6252683764758558,0.6242872783828094,0.6284704933248964,0.06789514871457189,0.4652715081545963
0.6314477378566022,0.6252684442110688,0.632300817139991,0.6179324640222049,0.05001544319743552,0.4652715081545963
0.6261417010351931,0.6279256704302464,0.632300813005092,0.6232015081477525,0.07598946373374783,0.4652715081545963
0.6314477823369397,0.6358974109093549,0.632300861364674,0.6363741774100256,0.06943751450634734,0.4652715081545963
0.6341006863617722,0.638554527405504,0.6429853785916736,0.6284704933248964,0.056156853199742576,0.4652715081545963
0.6314477175728743,0.6412118058998113,0.6376431116161588,0.6442776846499432,0.040308699258489254,0.4652715081545963
0.6420597807118852,0.6544979555396451,0.6509988962323973,0.646912206712717,0.08685804135594762,0.4652715081545963
0.6394067040133824,0.649183433239789,0.6483276782683716,0.6495466698270871,0.09606457364004607,0.4652715081545963
0.6473658152583533,0.6518407272362707,0.6563412128677562,0.6442776846499432,0.052310638695195665,0.4652715081545963
0.6473658093040927,0.6491834908835566,0.6590123641944376,0.6521812508382647,0.04984712420866697,0.4652715081545963
0.6553248541465163,0.6571551778431965,0.6643546748405453,0.6574502949638124,0.043898318024353775,0.4652715081545963
0.6632839028984845,0.662469638450816,0.6696969894229309,0.6574502949638124,0.04681103206755872,0.4652715081545963
0.6579778626239049,0.6651268608510474,0.6696969815965108,0.6679883832149077,0.08229744812502277,0.4652715081545963
0.673896021665023,0.6784130747640504,0.6803816723970365,0.6653539201005376,0.0926573702293395,0.4652715081545963
0.6845080248949124,0.6784130122521322,0.6723681388639872,0.6679883832149077,0.06366714598964657,0.4652715081545963
0.6659369113052072,0.6704413214114813,0.6777104533989399,0.6679883832149077,0.03656353197439709,0.4652715081545963
0.6712429905876338,0.6863847511154525,0.6830528150823241,0.6837955745399544,0.0868707420424965,0.4652715081545963
0.6712429926459047,0.6943564445053593,0.6830528171546693,0.6811610524771806,0.08139772311582175,0.4652715081545963
0.6845079964922005,0.7182714367525087,0.6964085256743479,0.7075062141565152,0.1328720704505687,0.4652715081545963
0.7057322709279971,0.702328201509447,0.6910663533848913,0.6758920673000368,0.2534049354309657,0.4652715081545963
0.6818550458215366,0.7049853534745348,0.6910662770337525,0.6969681848538236,0.0715499457289894,0.4652715081545963
0.6898140437046738,0.6943563801074836,0.7017508550684879,0.6864300376543245,0.06227411794080838,0.4652715081545963
0.687160973566798,0.6890418651152087,0.68839501524955,0.6785264125175992,0.06345716595763805,0.4652715081545963
0.6712428773928484,0.6810701748698292,0.6830527011135249,0.6785264125175992,0.04320222270388684,0.4652715081545963
0.6712429437594086,0.6757557819719153,0.6830527679338925,0.6679883832149077,0.04226648915480001,0.4652715081545963
0.6526718263754039,0.6784130083127694,0.6643546632413134,0.6732574273404553,0.07413027861817088,0.4652715081545963
0.6712429496598656,0.6730985576544515,0.6750393020190659,0.6600848170265862,0.06250349792260033,0.4652715081545963
0.6579778076598158,0.6704412651923305,0.6696969262565832,0.6627192801409562,0.06221480154758563,0.4652715081545963
0.6659369113052072,0.6730985516916982,0.6777104533989399,0.6679883832149077,0.04371527461326758,0.4652715081545963
0.6712429303942408,0.6863846893867108,0.6723681255681051,0.6864300376543245,0.1231860523572544,0.4652715081545963
0.6792020417649964,0.6810702923734665,0.6910662893978814,0.6811610524771806,0.08030713888842754,0.4652715081545963
0.6871610275174692,0.691699149867226,0.6990796978411804,0.6864300376543245,0.056193210659588516,0.4652715081545963
0.6871611550006081,0.6837275872065314,0.6883951957811765,0.6758920673000368,0.044513812834029796,0.4652715081545963
0.6818550047462641,0.6784130083127694,0.6883950785437769,0.6732574273404553,0.030682206910373766,0.4652715081545963
0.6659368648905565,0.6651268140834623,0.6643546210312111,0.6495466698270871,0.07818835732251105,0.4652715081545963
0.6473658034574392,0.6651268667608767,0.6563412010225953,0.6600848170265862,0.05599341909041591,0.4652715081545963
0.6526718398566651,0.6571551798310664,0.6590123622203347,0.6548157729010385,0.044703625292342584,0.4652715081545963
0.6526717755387301,0.6598123447387523,0.6616834549572445,0.6627192801409562,0.03319603565515375,0.4652715081545963
0.6606308866478284,0.6651268687546258,0.6723681467141238,0.6574502949638124,0.043463424186043,0.4652715081545963
0.6632839048832019,0.662469640450661,0.6696969914091816,0.6548157729010385,0.049297435703472184,0.4652715081545963
0.6579778723699334,0.6571551798310664,0.6616835195175464,0.6548157729010385,0.03934944850408941,0.4652715081545963
0.6606308846810095,0.6757557879523097,0.6696969874486458,0.6600848170265862,0.05978066612170021,0.4652715081545963
0.6579778703971723,0.662469638450816,0.6670258321317382,0.6574502949638124,0.04658325711758337,0.4652715081545963
0.6579779107807519,0.6784130619470878,0.6696970300826491,0.6811610524771806,0.06407028811158516,0.4652715081545963
0.6792020294848379,0.7023281230845457,0.6910662770337525,0.6969681848538236,0.08567925016263159,0.4652715081545963
0.7110381469224871,0.720928655737265,0.7204489292757161,0.7233133465331582,0.06239840323060804,0.4652715081545963
0.7189971499283933,0.7182713799125188,0.7177777271300548,0.7022371110825637,0.059104459238960905,0.4652715081545963
0.697773092266288,0.6943563801074836,0.7017508550684879,0.6864300376543245,0.06905970397351446,0.4652715081545963
0.6898139741076423,0.6996707696574791,0.7017507849955593,0.7022371110825637,0.05373604651633426,0.4652715081545963
0.7004260933535806,0.7049852857697743,0.7124354687745543,0.7075062141565152,0.05930285512829298,0.4652715081545963
0.7216503381484681,0.7156143223860352,0.7257913701417956,0.7127753761788704,0.09694587567535203,0.4652715081545963
0.7375684369699563,0.7315577055285379,0.7204490551172231,0.7127753761788704,0.08242773483813673,0.7108308480118487
0.7163441902149608,0.7129569763594149,0.7204489403246577,0.7075062141565152,0.047678935576395534,0.7108308480118487
0.7057322393269799,0.7129570918622847,0.7177778976049369,0.7127753761788704,0.05712259386540091,0.7108308480118487
0.7136914096544248,0.7102999827923385,0.7151068604487765,0.7101409720129042,0.058938373337937215,0.7108308480118487
0.7083853099981778,0.7156143774508293,0.7151067943514897,0.7180444792528219,0.06615103740184707,0.7108308480118487
0.7216502225020875,0.7182714367525087,0.7204489403246577,0.7075062141565152,0.02967599152933991,0.7108308480118487
0.7030790423545836,0.7182713679528849,0.7151065583562481,0.7206787655219805,0.06741098737789022,0.7108308480118487
0.7083852557972278,0.7102998613385342,0.7204490551172231,0.7127753761788704,0.06243085278690048,0.7108308480118487
0.7269564263770393,0.7235860694887315,0.7311337403634006,0.7180444792528219,0.04158979378411652,0.7108308480118487
0.7243032386456509,0.7209286669490554,0.7231200975080253,0.7075062141565152,0.034339446364512215,0.7108308480118487
0.7136912887377239,0.7156143223860352,0.7231202126295094,0.7127753761788704,0.04123738462438138,0.7108308480118487
0.6977731479713063,0.6970136664646819,0.7017509106667075,0.691699140728276,0.10008755099639677,0.7108308480118487
0.697773196417913,0.7129570985252923,0.7070932740829524,0.7048718099905489,0.05071886583706526,0.7108308480118487
0.7083850775611732,0.7209286013337576,0.7204488756624094,0.7154097213964328,0.058309340433808,0.7108308480118487
0.7243033613088479,0.7209287901531698,0.7204490617392554,0.7048718099905489,0.02505315097752718,0.7108308480118487
0.7269562435952042,0.726243116067371,0.7338047150342607,0.7233133465331582,0.05909601537592566,0.7108308480118487
0.7269561859052042,0.7289002879638654,0.7364758142646501,0.7206787655219805,0.059066636315282396,0.7108308480118487
0.7349153438123242,0.7315576285053904,0.74448939573111,0.7338514937326572,0.037348950804658276,0.7108308480118487
0.7375683025256811,0.7315575708707113,0.7391470238436761,0.7312169127214796,0.05237169968821908,0.7108308480118487
0.7428744501246183,0.7421866076967901,0.7471606104840504,0.7364860747438349,0.0671389693769699,0.7108308480118487
0.7349152864288893,0.7395292613198141,0.7418181809799524,0.7312169127214796,0.0638956885635342,0.7108308480118487
0.7243033127754194,0.7740733495196159,0.7338048006679122,0.765465817434347,0.44965985188766394,0.7108308480118487
0.7667515388919341,0.7687588528425523,0.7498317103255334,0.7338514937326572,0.10870629271565381,0.7108308480118487
0.7306435843918955,0.7326246664573458,0.7428595837752017,0.7269749855837994,0.09140453822048307,0.7108308480118487
0.7199902421567601,0.7246220085024022,0.7294518090155651,0.7137510901586214,0.08001174325017826,0.7108308480118487
0.711999885705405,0.7086161452372629,0.7079988888440649,0.7031716201280562,0.12599764939601257,0.7108308480118487
0.6880297379390602,0.6899431333252665,0.694591176263907,0.6793685494143321,0.16002076492466746,0.7108308480118487
0.6747127475048172,0.6899430108786816,0.6838647121101986,0.6846580486359994,0.12044026162297745,0.7108308480118487
0.6880296435813962,0.6926106424182529,0.6945910818198757,0.6925925037879138,0.063399663948208,0.7108308480118487
0.6906929255947315,0.7032809662043109,0.6972725756127135,0.7058164581614956,0.07177409191137935,0.7108308480118487
0.7013464202330196,0.7032809662043109,0.7053173321815932,0.7058164581614956,0.07298023842956987,0.7108308480118487
0.6986831965897601,0.7032811182060559,0.7026358963835134,0.6978821798547926,0.082459765690477,0.7108308480118487
0.6960197383065881,0.692610615234076,0.6999542263996754,0.6846580486359994,0.07903434865785146,0.7108308480118487
0.6800396080928687,0.6979459400313759,0.6892279968622776,0.695237400769757,0.12666959945523823,0.7108308480118487
0.7040099139815873,0.7032810871793146,0.7106806234387616,0.7005269589398282,0.04709226155542656,0.7108308480118487
0.6933563914396358,0.6979458512870892,0.7053174249972788,0.6925925037879138,0.0287815003195409,0.7108308480118487
0.6986830178253943,0.7032809370757835,0.7079988888440649,0.7031716201280562,0.023459773087580165,0.7108308480118487
0.7040098871561149,0.7006134557215077,0.7079990107916297,0.6925925037879138,0.04158532760862681,0.7108308480118487
0.6906929906061454,0.6899430108786816,0.6999542263996754,0.6846580486359994,0.03307272734124246,0.7108308480118487
0.6880296435813962,0.695278246852671,0.6999542534085773,0.6925925037879138,0.014302857221812744,0.7108308480118487
0.6986832273892648,0.6979459400313759,0.7079990992275478,0.695237400769757,0.018976919223773116,0.7108308480118487
0.7040099139815873,0.6979458781551712,0.7053174516939391,0.7005269589398282,0.028206829145200528,0.7108308480118487
0.6906930175105159,0.6926106424182529,0.6999542534085773,0.6925925037879138,0.03281306110691089,0.7108308480118487
0.6960197365555367,0.6979458221756926,0.7053173960716163,0.6899476657544744,0.031180464613444835,0.7108308480118487
0.6960197365555367,0.69261061347513,0.6999542246520706,0.6899476657544744,0.007434716726539005,0.7108308480118487
0.6933563627104204,0.69261061347513,0.7026358103618434,0.6899476657544744,0.019120185759404055,0.7108308480118487
0.6906930565600508,0.6899430773247889,0.6838647771519393,0.6687892562289783,0.06344676814282606,0.7108308480118487
0.6720493224084267,0.6686021245542816,0.6624119760301572,0.6582099040952207,0.08990864856739744,0.7108308480118487
0.6454156419678834,0.6632669743406837,0.657048861823175,0.6634995801620995,0.048350955419613234,0.7108308480118487
0.6693861184925637,0.6766051097633583,0.681183245895052,0.6793685494143321,0.06065408256590714,0.7108308480118487
0.6773761635140353,0.6739374270979491,0.6624120675748595,0.650275566840114,0.07101156223050294,0.7108308480118487
0.6400888710185557,0.6445937201730227,0.646322495658434,0.6449858907732352,0.06704085308418029,0.7108308480118487
0.6507424237570896,0.657931800211547,0.6597304817336154,0.650275566840114,0.07243899378741032,0.7108308480118487
0.6507424588611328,0.6472614175549337,0.6490041731706332,0.6370515535181284,0.08356507434018887,0.7108308480118487
0.6400888995236049,0.6499289578638993,0.6516856956854546,0.6476307288066746,0.0737691464594324,0.7108308480118487
0.6534056752648758,0.6686020924724627,0.6624119446466092,0.6661443002987313,0.0618955397840632,0.7108308480118487
0.6560691374529108,0.6632669743406837,0.6650936190314516,0.6634995801620995,0.06756109274473979,0.7108308480118487
0.6720492904731005,0.6659344883665101,0.6731382865032631,0.6661443002987313,0.04633084841842258,0.7108308480118487
0.6640592590666814,0.6632669743406837,0.673138376239728,0.6634995801620995,0.0675924257571598,0.7108308480118487
0.6667226655961556,0.6659346116242874,0.6704568230880442,0.655565183958589,0.029640401693406263,0.7108308480118487
0.666722636557583,0.6605993735896144,0.6677752083680308,0.6529203459251496,0.04614431580773505,0.7108308480118487
0.6587324188340947,0.679272505146766,0.6704566973811257,0.6820131516541563,0.05414002604617718,0.7108308480118487
0.7093365412117358,0.7192865911909652,0.7053173321815932,0.7058164581614956,0.13733817615628935,0.7108308480118487
0.7119999148713079,0.711283778697638,0.707998917704553,0.7058164581614956,0.0478329488467986,0.7108308480118487
0.7013463962762071,0.7006133379059022,0.6972725519115759,0.6820131516541563,0.13997901176655803,0.7108308480118487
0.6960197383065881,0.6899430108786816,0.6945910549698499,0.6846580486359994,0.05401015803701538,0.12633865593231092
0.6800396153191332,0.6846079239005032,0.6892280041163649,0.6793685494143321,0.0691625655777619,0.12633865593231092
0.6933562992543035,0.7032809662043109,0.6999541611356734,0.7058164581614956,0.05004677620985554,0.12633865593231092
0.7146633176127342,0.7086162036612434,0.7160437032195087,0.708461296194935,0.0821760239788962,0.12633865593231092
0.7173268935676221,0.7192868249163787,0.7267702486608729,0.7216855453105357,0.08095968899786977,0.12633865593231092
0.7226535545034117,0.7192867368264887,0.7321333329829038,0.7190406483286926,0.0380291353749431,0.12633865593231092
0.7226534629589356,0.7246218535090535,0.7321332410735624,0.7269749855837994,0.05051083975683349,0.12633865593231092
0.7279803026440506,0.724621945978173,0.7214069892368403,0.7190406483286926,0.04330857350773562,0.12633865593231092
0.7279803004579082,0.7246219437823903,0.7294517448700979,0.7243302654471676,0.04450474091506632,0.12633865593231092
0.7253167177232577,0.7299569415581932,0.7348147072268689,0.7322644848054668,0.05699830857560125,0.12633865593231092
0.7279803004579082,0.7246219437823903,0.7267701589397824,0.7243302654471676,0.02654373704721878,0.12633865593231092
0.7226534095095962,0.7192865911909652,0.7214068453193525,0.7058164581614956,0.046085627470440545,0.12633865593231092
0.7173266913553972,0.7192866206519049,0.7240884600393659,0.708461296194935,0.030418074500552478,0.12633865593231092
0.711999972703127,0.7166190456140836,0.7214069033797791,0.7111061342283744,0.027967330484564686,0.12633865593231092
0.7173266621904522,0.7139513828620805,0.7214068453193525,0.7058164581614956,0.01771850449555455,0.12633865593231092
0.7093365121294029,0.7086161452372629,0.713362059721702,0.7031716201280562,0.02698679561259668,0.12633865593231092
0.7013464488994188,0.7086162036612434,0.7133621176128897,0.708461296194935,0.03727323517330924,0.12633865593231092
0.7173266328574092,0.7192865615602216,0.718725230599339,0.7031716201280562,0.03079106993793551,0.12633865593231092
0.7066733709284064,0.7112839847450421,0.7160438784502339,0.7137510901586214,0.04185915999333981,0.12633865593231092
0.7173267203536855,0.711283836953258,0.7187253176899788,0.7111061342283744,0.07421485681650732,0.12633865593231092
0.7120000983152619,0.7086163587949944,0.7106806852797293,0.695237400769757,0.04677948970316262,0.12633865593231092
0.6986831965897601,0.7032811182060559,0.7106806542696208,0.6978821798547926,0.03954798396140554,0.12633865593231092
0.7040097698663391,0.7006133379059022,0.6972725519115759,0.6820131516541563,0.06655780829137105,0.12633865593231092
0.6933563680106146,0.6872754100831804,0.689227887055794,0.6740788143990495,0.06465626429263387,0.12633865593231092
0.6720494056670652,0.6792726260004113,0.6838647443415656,0.6767236524324889,0.07405170184314874,0.12633865593231092
0.677376147864917,0.6899430379838346,0.6892279102311742,0.6925925037879138,0.05537422572916246,0.12633865593231092
0.7040098871561149,0.6979458512870892,0.7053174249972788,0.6925925037879138,0.0378239006543924,0.12633865593231092
0.6880297379390602,0.6872755286128848,0.694591176263907,0.6793685494143321,0.041577372233535755,0.12633865593231092
0.6827028673299556,0.6952782178254113,0.694591053232525,0.6899476657544744,0.05727709562374816,0.12633865593231092
0.6800394112766255,0.6792725088962728,0.6811830428957536,0.6661443002987313,0.06315123293659272,0.12633865593231092
0.6827027848778005,0.6792725088962728,0.6811830428957536,0.6661443002987313,0.06053579869942178,0.12633865593231092
0.6667226329379383,0.6659345787171471,0.673138376239728,0.6634995801620995,0.07389706051681745,0.12633865593231092
0.6747127815507699,0.6766050235071137,0.6811831604693916,0.6714340353140139,0.1385621175924467,0.12633865593231092
0.6773761248469311,0.6792725969857698,0.6865463013304175,0.6740788143990495,0.02601400676374364,0.12633865593231092
0.6773761213550386,0.681940197812498,0.6865462978251113,0.6846580486359994,0.063934279111125,0.12633865593231092
0.7093366841518147,0.7166191322506467,0.7133622314272925,0.7190406483286926,0.10160800461467581,0.12633865593231092
0.7226534095095962,0.7166189870265228,0.7214068453193525,0.7058164581614956,0.07724585472619762,0.12633865593231092
0.7199900064334114,0.7139513533987423,0.718725230599339,0.7031716201280562,0.06859529150657637,0.12633865593231092
0.725146313509759,0.7327204780452937,0.7318543505806815,0.7350044066142407,0.07052942462959005,0.12633865593231092
0.7495958475107352,0.7436042204179264,0.7510006948507942,0.7377021213658916,0.08298161038285312,0.12633865593231092
0.7414458948964783,0.7381622476402181,0.7427950151164029,0.729608977110939,0.0677929849502447,0.12633865593231092
0.7414459758583888,0.7354414035028701,0.7455302819901216,0.7350044066142407,0.042072001169021433,0.12633865593231092
0.7414459354927642,0.7354413630731287,0.7345894970268537,0.7323066918625899,0.042551347410253244,0.12633865593231092
0.7360125145699892,0.7327202364714623,0.7427948549379322,0.7269111444624805,0.025765715320112428,0.12633865593231092
0.7278628440860561,0.7299994719566432,0.740059829065437,0.729608977110939,0.031744319269021055,0.12633865593231092
0.7305795342926356,0.7327204780452937,0.7400599094263455,0.7350044066142407,0.023025926009149798,0.12633865593231092
0.7414460159953133,0.7354414437035481,0.7455303220580586,0.7377021213658916,0.03109176915957882,0.12633865593231092
0.7495956707695318,0.7436040433959872,0.7537357047969977,0.7457949708788253,0.0641340008963056,0.12633865593231092
0.7550289314200717,0.7490459342421291,0.759206117158218,0.7484926856304762,0.03609681663572212,0.12633865593231092
0.7604621541586349,0.7544877871160752,0.7674116776878875,0.7565857119886212,0.077009566129195,0.12633865593231092
0.7631787453248238,0.7599296184600793,0.7619412868242219,0.7592833677918683,0.05858149800271236,0.12633865593231092
0.7658952803815605,0.7735341679943197,0.7756171413244253,0.7700739910048567,0.06362813673810361,0.12633865593231092
0.7740451132157841,0.7762550961868566,0.7728819587719751,0.7781670173630018,0.13044596018376636,0.12633865593231092
0.7713284815192919,0.7735341492102784,0.7810874941601756,0.7727716468081038,0.038271216043283936,0.12633865593231092
0.7713286162298304,0.7680924347385315,0.778352443341853,0.7619810825435193,0.10172782372898577,0.12633865593231092
0.7713286162298304,0.7653715094843941,0.7619413268775569,0.7619810825435193,0.05837144818671181,0.12633865593231092
0.7658953719087802,0.7599296349936796,0.759206117158218,0.7484926856304762,0.05842929911610199,0.12633865593231092
0.7523123237713185,0.7572087123109021,0.7592061196346034,0.7565857119886212,0.04714955421288053,0.12633865593231092
0.7604621541586349,0.7599296375057291,0.7674116776878875,0.7565857119886212,0.04523056421613665,0.12633865593231092
0.7604621541586349,0.762650562700556,0.7674116776878875,0.7565857119886212,0.05914507352232048,0.12633865593231092
0.7550289314200717,0.7517668594300168,0.7619413031690035,0.7484926856304762,0.028562308800584843,0.12633865593231092
0.7523123212978946,0.7490459342421291,0.7619413031690035,0.7484926856304762,0.03162791957032042,0.12633865593231092
0.7495958475107352,0.7436042204179264,0.7510006948507942,0.7377021213658916,0.05721861663842973,0.12633865593231092
0.7332961446840739,0.7408832544180232,0.7427950957082335,0.7350044066142407,0.06735941700778245,0.12633865593231092
0.7468791560469403,0.740883213759218,0.7427950555271214,0.7323066918625899,0.045241171382924716,0.12633865593231092
0.7387291430293793,0.7354411800790502,0.7400596880127538,0.7242134886592334,0.0345409825334855,0.12633865593231092
0.7360127149385878,0.7381622884161733,0.7455302416938774,0.7323066918625899,0.0488460728430431,0.12633865593231092
0.749595713642213,0.7544877871160752,0.7537357475990806,0.7565857119886212,0.0862477803456736,0.12633865593231092
0.7604621541586349,0.762650562700556,0.7646764916701262,0.7565857119886212,0.06350343274435179,0.12633865593231092
0.7658952803815605,0.7708132430596714,0.7756171413244253,0.7700739910048567,0.07186390390911779,0.12633865593231092
0.7821950158608602,0.7762551693133675,0.7756172166485886,0.7592833677918683,0.0540078551652785,0.12633865593231092
0.7713286162298304,0.770813359992669,0.778352443341853,0.7619810825435193,0.05326312040236891,0.12633865593231092
0.7794783109740059,0.7762550740937442,0.7838226798649439,0.7727716468081038,0.038852865616826986,0.12633865593231092
0.7876281404287199,0.7816969238606755,0.7810874941601756,0.7727716468081038,0.055232773577324215,0.12633865593231092
0.7821950237112266,0.7898598029941086,0.7892931543340449,0.7835624468663035,0.0678227129308481,0.12633865593231092
0.7930614977364056,0.789859836771631,0.778352443341853,0.7619810825435193,0.5044181641031982,0.12633865593231092
0.7767617230939626,0.7898597209043634,0.7838227018324491,0.7781670173630018,0.11412167006491446,0.12633865593231092
0.7658952618828159,0.7762550740937442,0.7783523084554074,0.7727716468081038,0.052248810078259954,0.12633865593231092
0.7740451882693689,0.7735342468280609,0.7810875912200588,0.7673763941500135,0.06105554987203709,0.12633865593231092
0.7686118902508999,0.768092318125023,0.7810875128368636,0.7700739910048567,0.037116988815161324,0.12633865593231092
0.7794784084369781,0.7735342468280609,0.7838227771922097,0.7673763941500135,0.03114627045735172,0.12633865593231092
0.7767617011557678,0.7708132243268127,0.7838226798649439,0.7727716468081038,0.0265753491956069,0.12633865593231092
0.7794783109740059,0.7735341492102784,0.7838226798649439,0.7727716468081038,0.031788422751981966,0.12633865593231092
0.7713285971552947,0.768092415581212,0.7783524242424096,0.7646787383467664,0.05040058104943121,0.12633865593231092
0.7713286162298304,0.7653715094843941,0.778352443341853,0.7619810825435193,0.04122349760996805,0.12633865593231092
0.7713286162298304,0.7653715094843941,0.7701468851097051,0.7619810825435193,0.07869498910462532,0.12633865593231092
0.7604621541586349,0.7599296375057291,0.7728820497234103,0.7565857119886212,0.022561583326203734,0.12633865593231092
0.7631787856648647,0.7599296589761192,0.7674116990323223,0.7619810825435193,0.03837428699950746,0.12633865593231092
0.7658952803815605,0.768092318125023,0.772881955568206,0.7700739910048567,0.029781225789316263,0.12633865593231092
0.7740452264181523,0.770813359992669,0.778352443341853,0.7619810825435193,0.0336994573736348,0.12633865593231092
0.7631787856648647,0.770813359992669,0.7756172572644705,0.7619810825435193,0.03336616902771499,0.12633865593231092
0.7631787667475367,0.768092415581212,0.7756172382177878,0.7646787383467664,0.02539432491454601,0.12633865593231092
0.7658952618828159,0.7708132243268127,0.7783523084554074,0.7727716468081038,0.02527932089568591,0.12633865593231092
0.7631787667475367,0.7626505651779087,0.7756172382177878,0.7646787383467664,0.07596399257665806,0.12633865593231092
0.7767618366064742,0.770813359992669,0.778352443341853,0.7619810825435193,0.024458800717435263,0.12633865593231092
0.7658953958531866,0.7626505842302567,0.7756172572644705,0.7619810825435193,0.03113008057120151,0.12633865593231092
0.765895376883456,0.7653714903795603,0.7756172382177878,0.7646787383467664,0.03665920582746578,0.12633865593231092
0.7631787453248238,0.7653714687445087,0.7756172166485886,0.7592833677918683,0.02626760179076889,0.12633865593231092
0.7713286162298304,0.7653715094843941,0.778352443341853,0.7619810825435193,0.02022444764923551,0.12633865593231092
0.7713285755545536,0.7653714687445087,0.7756172166485886,0.7592833677918683,0.030498046955415144,0.12633865593231092
0.7686118532522966,0.7735341305286022,0.7783522899316702,0.7754693026113508,0.04296356145115532,0.12633865593231092
0.7821949395975976,0.7789760178636165,0.7865578843493019,0.7700739910048567,0.04552072605498392,0.12633865593231092
0.779478332972141,0.7762550961868566,0.7865578875975674,0.7781670173630018,0.038768147850506494,0.12633865593231092
0.7821949020893716,0.7816969050262881,0.7920282181996585,0.7754693026113508,0.04364995679673053,0.12633865593231092
0.7821949207922438,0.7816969238606755,0.7838226798649439,0.7727716468081038,0.03693289864419473,0.12633865593231092
0.7821949207922438,0.7789759989772098,0.786557865569712,0.7727716468081038,0.058253303888210504,0.12633865593231092
0.7767617011557678,0.7735341492102784,0.786557865569712,0.7727716468081038,0.02977529414999399,0.12633865593231092
0.7821950185207828,0.776255171977515,0.7838227771922097,0.7673763941500135,0.0433087828597117,0.12633865593231092
0.7794783109740059,0.7871387736276068,0.7892930512744802,0.7727716468081038,0.08569662637664625,0.12633865593231092
0.7794783393037842,0.7925806523105239,0.7865578939377649,0.7943530700792918,0.0794621245289755,0.12633865593231092
0.8039278632970729,0.7980225372219869,0.7974986715861874,0.7808647321146527,0.05432572124896039,0.12633865593231092
0.7821949395975976,0.7789760178636165,0.7865578843493019,0.7700739910048567,0.05199619202712308,0.12633865593231092
0.779478329728258,0.7762550929289682,0.7838226985930827,0.7700739910048567,0.05643291867220044,0.12633865593231092
0.779478329728258,0.7735341679943197,0.7838226985930827,0.7700739910048567,0.034722002208802914,0.6129825400613969
0.7740451132157841,0.7762550961868566,0.7865578875975674,0.7781670173630018,0.042309964581832685,0.6129825400613969
0.7767618035154082,0.7871388778305277,0.7892931543340449,0.7835624468663035,0.04507773727359805,0.6129825400613969
0.7876281404287199,0.7844178487441411,0.786557865569712,0.7727716468081038,0.036759345856024174,0.6129825400613969
0.7767618434009771,0.78441799316162,0.7892931944923469,0.7862601616179545,0.03879243267973181,0.6129825400613969
0.7903447724848548,0.787138795960862,0.794763444892923,0.7781670173630018,0.03026768999773481,0.6129825400613969
0.7903448590707084,0.7980225836270327,0.8002339033660977,0.7997484995825936,0.05377331116807656,0.6129825400613969
0.8039279096285256,0.8007435088042898,0.8111746473664954,0.7997484995825936,0.05355090958548727,0.6129825400613969
0.806644519740089,0.8034644339815469,0.8139098333665946,0.7997484995825936,0.0480801935305494,0.6129825400613969
0.7957779986763692,0.7925806523105239,0.7974986370677206,0.7943530700792918,0.05268370391657072,0.6129825400613969
0.7957780362355481,0.7953016150918526,0.8057042321298085,0.7889577584727978,0.04138448927957379,0.6129825400613969
0.7903448162432968,0.7898597649685806,0.800233860362064,0.7889577584727978,0.03729256533910065,0.6129825400613969
0.7876282439070449,0.79258072815769,0.8002338982794519,0.7835624468663035,0.055358873250916575,0.6129825400613969
0.7849115118567865,0.7816969050262881,0.7920282181996585,0.7754693026113508,0.05134217645384828,0.6129825400613969
0.7767617662626682,0.7898597649685806,0.7892931168265747,0.7889577584727978,0.04582337922840398,0.6129825400613969
0.7930614262394226,0.7898597649685806,0.8029690462459362,0.7889577584727978,0.044487155349075574,0.6129825400613969
0.7876281626066765,0.7898597209043634,0.794763444892923,0.7781670173630018,0.03749207777230516,0.6129825400613969
0.7821950638147493,0.78441799316162,0.7920283805884207,0.7862601616179545,0.035156477343161525,0.6129825400613969
0.7876281626066765,0.7816969460738594,0.794763444892923,0.7781670173630018,0.031000212562039713,0.6129825400613969
0.7903448540049539,0.7871388778305277,0.7947635263067483,0.7835624468663035,0.03170182081787676,0.6129825400613969
0.7930613823630331,0.787138795960862,0.794763444892923,0.7781670173630018,0.03923744519688646,0.6129825400613969
0.7821949020893716,0.7789759801937262,0.7838226612388655,0.7754693026113508,0.09498103759584656,0.6129825400613969
0.7821949833903407,0.7844179119527899,0.7920282998341177,0.7808647321146527,0.02941583680706415,0.6129825400613969
0.7849115933786822,0.7844179119527899,0.7920282998341177,0.7808647321146527,0.02833969786601948,0.6129825400613969
0.7876282033670235,0.7816969868989505,0.7947634857101527,0.7808647321146527,0.029314301098665212,0.6129825400613969
0.7821949207922438,0.7816969238606755,0.7892930512744802,0.7727716468081038,0.034416348323725705,0.6129825400613969
0.7740450727871266,0.7735341305286022,0.7838226612388655,0.7754693026113508,0.042850999872016154,0.6129825400613969
0.7713285001202395,0.7708132430596714,0.7783523270806445,0.7700739910048567,0.05633822179502013,0.6129825400613969
0.7686118902508999,0.768092318125023,0.7810875128368636,0.7700739910048567,0.037094309017752625,0.6129825400613969
0.7713285781855642,0.7680923965291525,0.7810875912200588,0.7673763941500135,0.046391700059469916,0.6129825400613969
0.765895376883456,0.7626505651779087,0.772882052193166,0.7646787383467664,0.04849303562737972,0.6129825400613969
0.7604621378503454,0.7680923965291525,0.7728820333036064,0.7673763941500135,0.07868696394554224,0.6129825400613969
0.765895374416846,0.765371487895383,0.7728820497234103,0.7565857119886212,0.08444232890395727,0.6129825400613969
0.765895374416846,0.762650562700556,0.7728820497234103,0.7565857119886212,0.02391650931539531,0.6129825400613969
0.7604621566116173,0.7626505651779087,0.7701468661685441,0.7646787383467664,0.02325607361485405,0.6129825400613969
0.7740450913375299,0.7735341492102784,0.7810874941601756,0.7727716468081038,0.03789654579009226,0.6129825400613969
0.7740451099895789,0.7708132430596714,0.7810875128368636,0.7700739910048567,0.028337185642306514,0.6129825400613969
0.774045207291214,0.7708133407828636,0.7810876102670314,0.7646787383467664,0.029620024767734447,0.6129825400613969
0.7686119845459514,0.762650562700556,0.7728820497234103,0.7565857119886212,0.03917128997244509,0.6129825400613969
0.7604621326025383,0.7572086906605926,0.7674116561049675,0.7511903414337233,0.05132242758410471,0.6129825400613969
0.749595689665097,0.7544877628310402,0.7592060955613466,0.7430973150755782,0.05885930807497089,0.6129825400613969
0.7414460159953133,0.7436042204179264,0.7537358812471622,0.7377021213658916,0.08301503691503394,0.6129825400613969
0.7495957160679401,0.7653714903795603,0.7592061220700568,0.7646787383467664,0.06536178045202441,0.6129825400613969
0.7686118934594274,0.7762550961868566,0.7756171445370934,0.7781670173630018,0.06865363092391075,0.6129825400613969
0.7821949428503194,0.7816969460738594,0.7865578875975674,0.7781670173630018,0.07856477217550338,0.6129825400613969
0.7821950376989719,0.7762551911861668,0.7810876102670314,0.7646787383467664,0.05084161587904033,0.6129825400613969
0.7713285755545536,0.7653714687445087,0.7756172166485886,0.7592833677918683,0.03722585184272307,0.6129825400613969
0.7631787856648647,0.7680924347385315,0.7756172572644705,0.7619810825435193,0.030547593589754146,0.6129825400613969
0.7604621516644258,0.7544877846179042,0.7646764891797893,0.7484926856304762,0.05022081748597027,0.6129825400613969
0.7523123212978946,0.757208709805792,0.7646764891797893,0.7484926856304762,0.0588319527500964,0.6129825400613969
0.7604621754765428,0.7653715094843941,0.7728820711870877,0.7619810825435193,0.049591645013857,0.6129825400613969
0.7713285971552947,0.768092415581212,0.7756172382177878,0.7646787383467664,0.043923300693499354,0.6129825400613969
0.7740451882693689,0.7680923965291525,0.778352405247908,0.7673763941500135,0.020536870581539312,0.6129825400613969
0.7658953527409932,0.7626505409303003,0.7674116561049675,0.7511903414337233,0.04159544628747069,0.6129825400613969
0.7523123187825483,0.7490459317157305,0.7564709286361682,0.7403996592723311,0.03553345046809008,0.6129825400613969
0.7414458948964783,0.7381622476402181,0.7455302011673688,0.729608977110939,0.062463441911176976,0.6129825400613969
0.7305794611731764,0.7572087314097504,0.7427950220887913,0.7538880561853741,0.045048707132914916,0.6129825400613969
0.7468790985522855,0.7463250065349,0.7564709286361682,0.7403996592723311,0.03533407760286963,0.6129825400613969
0.7360127149385878,0.740883213759218,0.7482654278606332,0.7323066918625899,0.05370799335153951,0.6129825400613969
0.741445859479835,0.7463249874489346,0.7537357236614477,0.7430973150755782,0.038205619090778783,0.6129825400613969
0.7523121728074137,0.7490457850991855,0.7427948549379322,0.7269111444624805,0.04410306425696029,0.6129825400613969
0.730579313750839,0.7327202552544024,0.7400596880127538,0.7242134886592334,0.036602192305979914,0.6129825400613969
0.7278628277463662,0.738162230992408,0.7400598126140181,0.7403996592723311,0.03625850614524812,0.6129825400613969
0.7387292847343939,0.7354413224123597,0.7427950151164029,0.729608977110939,0.045295114408761404,0.6129825400613969
0.7332960595784201,0.7299994671033364,0.7291190800801267,0.7134229243946488,0.04677453503972872,0.8696432621421317
0.7305794378614975,0.7436040813540692,0.7427949986177098,0.7403996592723311,0.039114555586927335,0.8696432621421317
0.7523122807782084,0.7490458935444008,0.7564708906935068,0.7457949708788253,0.04215937072703894,0.8696432621421317
0.7577455652882209,0.7599296589761192,0.7674116990323223,0.7619810825435193,0.05931234575120862,0.8696432621421317
0.7604621731743733,0.7572087314097504,0.7619413245853996,0.7538880561853741,0.04232273505237358,0.8696432621421317
0.7550289339004239,0.7544877871160752,0.7619413056523648,0.7565857119886212,0.022211756174173584,0.8696432621421317
0.749595713642213,0.7599296375057291,0.7619413056523648,0.7565857119886212,0.03215423043818624,0.8696432621421317
0.7550290685210166,0.7544879227037642,0.7537358812471622,0.7377021213658916,0.03541858601721403,0.8696432621421317
0.7468790796033431,0.7463249874489346,0.756470909611397,0.7430973150755782,0.014534400507357534,0.8696432621421317
0.7495957111757174,0.7490459342421291,0.759206117158218,0.7484926856304762,0.025956644322297644,0.8696432621421317
0.7577455652882209,0.7599296589761192,0.7674116990323223,0.7619810825435193,0.05930097096050826,0.8696432621421317
0.765895376883456,0.7626505651779087,0.7674116801439222,0.7646787383467664,0.033994783227892046,0.8696432621421317
0.7631787667475367,0.7626505651779087,0.7701468661685441,0.7646787383467664,0.03981211637122683,0.8696432621421317
0.7577455198503591,0.7572086879584088,0.7592060955613466,0.7430973150755782,0.0343448895158903,0.8696432621421317
0.7414459354927642,0.7436041391022625,0.7482654278606332,0.7323066918625899,0.07509790345161393,0.8696432621421317
0.7360126393563269,0.7408831371941976,0.7482653517615488,0.7430973150755782,0.0281681688136177,0.8696432621421317
0.7441624909313632,0.7517668594300168,0.7564709311474322,0.7484926856304762,0.038759494635495176,0.8696432621421317
0.7523123212978946,0.7517668594300168,0.7619413031690035,0.7484926856304762,0.030448081617123986,0.8696432621421317
0.749595689665097,0.7490459125763032,0.7592060955613466,0.7430973150755782,0.024898230515227774,0.8696432621421317
0.7468790796033431,0.7490459125763032,0.756470909611397,0.7430973150755782,0.048200221996835435,0.8696432621421317
0.7495956707695318,0.7490458935444008,0.7619412624865248,0.7457949708788253,0.038182729941394,0.8696432621421317
0.7523123426285923,0.7517668809142856,0.7619413245853996,0.7538880561853741,0.14327497949397394,0.8696432621421317
0.7523123023948559,0.751766840390885,0.7619412841900197,0.7511903414337233,0.05622245015224773,0.8696432621421317
0.7596691744517028,0.7618952698858591,0.7693354114929604,0.7530877137069377,0.03820492125085852,0.8696432621421317
0.7596690948574769,0.7536934681188832,0.7583423876203563,0.7503770892548539,0.06585089645213997,0.8696432621421317
0.7487509075719577,0.7536935679961789,0.755594250348938,0.7395350040853454,0.05712015142567998,0.8696432621421317
0.7378326989887058,0.7400241101897735,0.7473496202709243,0.7422456285374291,0.06372848611863809,0.8696432621421317
0.7432917243818935,0.7427578983991171,0.7500977380768602,0.7341138730779854,0.03062931064441748,0.8696432621421317
0.7296438661901147,0.7345561765226702,0.7418530296075955,0.7341138730779854,0.05488008528162097,0.8696432621421317
0.7323733387784431,0.7318221694530055,0.7446011660366961,0.7286926831222216,0.061123310128295076,0.8696432621421317
0.732373378125129,0.7318222090886793,0.7418529696687435,0.7259821765669454,0.0359809752089577,0.8696432621421317
0.7405622109596984,0.7646292168722766,0.7500977965241047,0.7666404822769339,0.08048383195623929,0.8696432621421317
0.7787761175972595,0.783766469219588,0.7858247699767744,0.7856142050090786,0.19191539891251416,0.8696432621421317
0.7869648122510494,0.7837664491853442,0.7940694581553729,0.7829036395053987,0.07795723274091841,0.8696432621421317
0.7787761372759527,0.7865003963871837,0.7913212618927692,0.7883247705127587,0.045481367883480825,0.8696432621421317
0.7924240347903969,0.7919682507223755,0.802314246053083,0.7937459015201187,0.05089911788847038,0.8696432621421317
0.7978830795084694,0.7947020589770415,0.8050623834541306,0.7964563491269911,0.06149135090224421,0.8696432621421317
0.7951535080788247,0.797435966060148,0.8078106194004138,0.7964563491269911,0.044975503725278844,0.8696432621421317
0.806071833902679,0.802903820502457,0.8133071314571341,0.8018774801343511,0.04498604110807489,0.8696432621421317
0.800612710616044,0.805637747723184,0.8133071513789818,0.804588045638031,0.04897761566801354,0.8696432621421317
0.8115309969746004,0.8083716549665392,0.8160553874863536,0.804588045638031,0.05575978228511031,0.8696432621421317
0.8088014452248392,0.8056377676474249,0.8160554073556416,0.8072986111417111,0.02131565993255796,0.8696432621421317
0.8115309568701804,0.8056377075550623,0.8133071114287527,0.799166914630671,0.024147564112995915,0.8696432621421317
0.8088013668059296,0.811105503069687,0.818803564770997,0.8127196242522634,0.039429211606975996,0.8696432621421317
0.8197197321069102,0.824775119037098,0.829796588471893,0.8235618862669833,0.0595188365836158,0.8696432621421317
0.8306380186798178,0.8275090263341263,0.829796588471893,0.8235618862669833,0.03551726058193987,0.8696432621421317
0.830637939838896,0.8275089471623323,0.8407894539438885,0.8289828993775357,0.041764742252127604,0.8696432621421317
0.8360971419194775,0.8302429135525171,0.8380412769811585,0.8208513207633035,0.03682843200813067,0.8696432621421317
0.833367590323045,0.8302429336311541,0.8407895331171973,0.8235618862669833,0.02748198282001857,0.8696432621421317
0.8360971425378668,0.8357107286651198,0.8435377498186227,0.8371145958885757,0.047629947213992746,0.8696432621421317
0.847015448849962,0.8411785631305415,0.8490342419108736,0.8398251613922558,0.06168870003169589,0.8696432621421317
0.8415562857236555,0.8411785431583505,0.8517824581505706,0.8371145958885757,0.03131151895047109,0.8696432621421317
0.8470153499638727,0.8411784640873816,0.8490341433697632,0.842535608999128,0.07516161623633437,0.8696432621421317
0.838826694241373,0.8411785230829436,0.8462859660073727,0.8344040303848959,0.04958075871110083,0.8696432621421317
0.8497449399042806,0.8439123897106537,0.8435376898984959,0.8289828993775357,0.044087083722786156,0.8696432621421317
0.830637939838896,0.8302428542537192,0.8352929820346742,0.8289828993775357,0.03689361025668366,0.8696432621421317
0.8142606083495264,0.8247751389076661,0.8270483719731749,0.8262724517706634,0.06444453966082467,0.8696432621421317
0.8306379786892809,0.8247750789830401,0.8297965487321757,0.8181407552596234,0.05925079627024102,0.8696432621421317
0.8142605296165378,0.8220411516577477,0.8270482927018186,0.8154301897559435,0.044112345527899846,0.8696432621421317
0.808801385386919,0.8083716146918702,0.810558875428486,0.799166914630671,0.055113512734950486,0.8696432621421317
0.8088014260065547,0.8193072845724745,0.8188036242179046,0.8208513207633035,0.051258296095432115,0.8696432621421317
0.8197196738200475,0.8302428743299279,0.8297965299409067,0.8316934648812158,0.05103749954465945,0.8696432621421317
0.841556285102062,0.8357107280425387,0.8380412769811585,0.8208513207633035,0.07158525642895494,0.8696432621421317
0.8360971425378668,0.838444635911735,0.8407895137079735,0.8371145958885757,0.07272099089919046,0.8696432621421317
0.8497450005023385,0.8466463576515808,0.846285985929272,0.8371145958885757,0.0693122522406593,0.8696432621421317
0.8388267336094987,0.8329768409281819,0.8352930607945452,0.8235618862669833,0.04046306144885245,0.8696432621421317
0.8470153684663685,0.8411784826192668,0.846285925853103,0.8289828993775357,0.06116636685137559,0.8696432621421317
0.8415562857236555,0.838444635911735,0.8490342220399212,0.8371145958885757,0.06486666302859455,0.8696432621421317
0.8470153899424796,0.8466463184225732,0.8545306552290002,0.847956740006488,0.061374602283583435,0.8696432621421317
0.847015448849962,0.8466463777261939,0.8545307142351302,0.8398251613922558,0.04610795834788911,0.8696432621421317
0.8688520022707927,0.86578370899862,0.871020111541281,0.8533778710138482,0.11496835924017514,0.8696432621421317
0.8715815345938077,0.8685175768143987,0.8737683085099182,0.8642200151317605,0.09928670990389767,0.8696432621421317
0.8633928790200817,0.8657837291197608,0.8682718953515072,0.8560884365175281,0.03722368853897024,0.8696432621421317
0.8579336193739567,0.8712514251050762,0.8710200143622482,0.8723515937459929,0.04466014986530992,0.8696432621421317
0.8688518646071602,0.8685174776716178,0.8710199743293339,0.866930462738633,0.05259731133444159,0.8696432621421317
0.8715815939544714,0.8657837291197608,0.87376836767732,0.8560884365175281,0.04669456258486605,0.8696432621421317
0.8633928390422473,0.8603158743801111,0.8655236193439801,0.8506673055101681,0.038515390231385574,0.8696432621421317
0.8470153899424796,0.8548480398621974,0.857278891239051,0.847956740006488,0.028859867742586948,0.8696432621421317
0.8470154491513026,0.8575820072239608,0.8600271868627882,0.8560884365175281,0.030520587184839788,0.8696432621421317
0.8715815744663956,0.8685176168504103,0.876516584366422,0.8696411461391205,0.03771343259501404,0.8696432621421317
0.8743111655992676,0.8685176364183607,0.8710201315144137,0.8560884365175281,0.08839622010820147,0.8696432621421317
0.8633928390422473,0.8603158743801111,0.8655236193439801,0.8506673055101681,0.03595313139613902,0.8696432621421317
0.8524744927448121,0.8493801852189895,0.8600270869971254,0.842535608999128,0.030581369041895096,0.8696432621421317
0.8633928189003538,0.8575819470087387,0.8627753632591524,0.847956740006488,0.04323320679634672,0.8696432621421317
0.8633928201057389,0.8685175768143987,0.8627753644574563,0.8642200151317605,0.04901781124742095,0.8696432621421317
0.8797701522595524,0.8876548286792418,0.8875093915761076,0.8831937378639052,0.08260282287413187,0.8696432621421317
0.9016067427273163,0.9013243837796592,0.9012505907444532,0.8859043033675853,0.07044498599923768,0.8696432621421317
0.9179842915976174,0.912260132845292,0.8875095288213424,0.8696411461391205,0.0988299038920905,0.8696432621421317
0.8797703097665487,0.9040584322032965,0.890257785536249,0.9048782618933451,0.07723768999913048,0.8696432621421317
0.8961476001173326,0.9013243837796592,0.893005883282119,0.8859043033675853,0.10759072581911402,0.8696432621421317
0.8934180288123409,0.8985904768214035,0.9039988265652315,0.8859043033675853,0.043575985765182165,0.8696432621421317
0.8906885960677059,0.895856710010889,0.9039989660730494,0.8886149867680728,0.038384545246335396,0.8696432621421317
0.8852292947698953,0.8849209217708858,0.8957540988879584,0.8831937378639052,0.046245642164157906,0.8696432621421317
0.8934180085354092,0.8931226424959537,0.8930058631173414,0.8831937378639052,0.06300056929780695,0.8696432621421317
0.8743111072712263,0.882187113760412,0.8820130177327912,0.8804832902570328,0.06417908135515488,0.8696432621421317
0.9078485185779707,0.902108260155601,0.9044068296232881,0.9029447542485993,0.046735037300241575,0.8696432621421317
0.9050561219156558,0.899311428048174,0.9072184703256203,0.9001718213336956,0.04587788052617688,0.8696432621421317
0.9022635755958502,0.902108260155601,0.9128415279580036,0.9029447542485993,0.027574516393446054,0.8696432621421317
0.9022635755958502,0.9049051672106312,0.9100299618464318,0.9029447542485993,0.055289647530826026,0.8696432621421317
0.9078484788023008,0.9049051272729263,0.8931605261230879,0.8779876506336195,0.05530290648931111,0.3140326246554177
0.8910936196347724,0.8881236545958349,0.8903489294775624,0.8835336343602347,0.05356835558349396,0.3140326246554177
0.8715462513810622,0.8713421438103839,0.8594216362847145,0.8419384616686014,0.12380964211000552,0.3140326246554177
0.8519990509550731,0.8769360577111796,0.865044866001109,0.8779876506336195,0.05303129798085601,0.3140326246554177
0.8938860772864686,0.8881236409110831,0.8931604818279582,0.8752145998219081,0.049147888608558836,0.3140326246554177
0.8268667430056124,0.8461700140944046,0.8284944426814498,0.8363924779419862,0.19767425307053052,0.3140326246554177
0.8492064822795155,0.8573576103048735,0.8594216362847145,0.8419384616686014,0.0667279416639323,0.3140326246554177
0.8464140415277374,0.8461700140944046,0.8509869693701446,0.8363924779419862,0.08871918042330132,0.3140326246554177
0.8268667430056124,0.837779293751459,0.8341175743536233,0.8363924779419862,0.10312978412880337,0.3140326246554177
0.8324517021319026,0.829388590170886,0.8397407227419373,0.8225274596770444,0.08995714844185604,0.3140326246554177
0.8324517681016611,0.8685453544376045,0.8453639209243546,0.8641226323686775,0.12479680646121608,0.3140326246554177
0.879923704179452,0.8881236239667469,0.8847257674387259,0.8890796180868499,0.0926959607769303,0.3140326246554177
0.899471051061476,0.893717485862942,0.879102682815305,0.8696686160952927,0.07318533358213652,0.3140326246554177
0.8659613678312698,0.8741391100883351,0.8706679579778531,0.8530305470186395,0.07043500688837785,0.3140326246554177
0.8464140226508151,0.8769359691331808,0.8594216478724048,0.8724415490101967,0.06284990565902117,0.3140326246554177
0.9050559171767291,0.8993112229840399,0.8903488715206305,0.8724415490101967,0.07649930557949533,0.3140326246554177
0.8883012471533841,0.882529939829308,0.8566102337575399,0.8447116303771205,0.06774588075562664,0.3140326246554177
0.8715463507016027,0.8769360577111796,0.8762911300499006,0.8779876506336195,0.05666488066169739,0.3140326246554177
0.8827161478335238,0.8797328758645382,0.887537305734428,0.8724415490101967,0.0370386911761073,0.3140326246554177
0.8659615001241147,0.8657485227162276,0.8706680901454251,0.8613496994537737,0.04657858159011758,0.3140326246554177
0.85479151741043,0.8601546109777765,0.842552333049265,0.8253005104887559,0.07872255378147588,0.3140326246554177
0.810111886351809,0.840576170098261,0.8228712814594648,0.8419384616686014,0.10151470341733604,0.3140326246554177
0.8575840599458081,0.8573577756736048,0.859421799942877,0.8447116303771205,0.06654845723643947,0.3140326246554177
0.8436216144795073,0.8489669655804388,0.8481754476542098,0.8391655287536977,0.038201083131297046,0.3140326246554177
0.8519990858184224,0.85735774430137,0.8594217688951555,0.8502576141037357,0.042656162966277444,0.3140326246554177
0.8547914659753894,0.876935999779239,0.865044809391404,0.8668955652835812,0.06967826927883966,0.3140326246554177
0.8659613400498619,0.8713421751232411,0.8537985352062314,0.8363924779419862,0.061333220376311566,0.3140326246554177
0.8380366891334025,0.8461700762612894,0.842552333049265,0.8253005104887559,0.05255530137124148,0.3140326246554177
0.840829248994143,0.8461701658183911,0.8369292887266833,0.8308466121121787,0.08493598086355457,0.3140326246554177
0.8212818475592477,0.8237948072892562,0.8313060557001903,0.816981475950429,0.08972721018812786,0.3140326246554177
0.8212818475592477,0.826591714196752,0.834117621663454,0.816981475950429,0.05160226139213202,0.3140326246554177
0.8184893490405251,0.8182009661094087,0.8172481988918323,0.8003434068737758,0.08189263118727552,0.3140326246554177
0.7877722565410324,0.8098103397734919,0.7750748003482059,0.7837054556939301,0.1445331848702164,0.3140326246554177
0.7989421069508708,0.8098103034389856,0.8031904261652385,0.8114354922238138,0.5278681674318946,0.3140326246554177
0.8268669852164879,0.8209980956611715,0.825683117452195,0.8142086609323329,0.050382437211504254,0.3140326246554177
0.8464140584410947,0.8405762174726634,0.8397407227419373,0.8225274596770444,0.05258440129591664,0.3140326246554177
0.8436216452598938,0.8377793688201121,0.8341176482270478,0.8336195450270825,0.05728379488698273,0.3140326246554177
0.8464140415277374,0.8405762005324411,0.8509869693701446,0.8363924779419862,0.03139672520473576,0.3140326246554177
0.8436215422263519,0.8377792656229117,0.8369291124346094,0.819754408865333,0.036008400317824214,0.3140326246554177
0.843621540004129,0.840576170098261,0.8509869390173492,0.8419384616686014,0.031810823413422555,0.3140326246554177
0.8492065609968443,0.8433731556417263,0.834117621663454,0.816981475950429,0.04793525217910982,0.3140326246554177
0.8212818783634029,0.818201024410288,0.8284945205849708,0.8114354922238138,0.034742448918466756,0.3140326246554177
0.8408292100743001,0.8349824981282159,0.8228714195064877,0.8058895084971986,0.0590736844984771,0.3140326246554177
0.8101120234612921,0.8098103344597498,0.8116251549828226,0.8058895084971986,0.03697595536727524,0.3140326246554177
0.8156969401018191,0.809810308037828,0.8060019967348659,0.7892514394205454,0.06981958186269385,0.3140326246554177
0.8045271180256067,0.8293887227556231,0.8116251926178994,0.8308466121121787,0.05685636793581882,0.3140326246554177
0.840829199884869,0.85735774430137,0.8453639383759188,0.8502576141037357,0.11642844970535104,0.3140326246554177
0.8547915573018109,0.8657484654434087,0.8650449011028503,0.8502576141037357,0.05554268428591506,0.3140326246554177
0.8547915573018109,0.8489670231593311,0.8509870705836136,0.8502576141037357,0.05584743097909592,0.3140326246554177
0.8464140858131887,0.8545607793752414,0.8509870136073263,0.8391655287536977,0.05437094127579373,0.3140326246554177
0.8519989947298302,0.8657483725426822,0.8622332435270121,0.8668955652835812,0.062212917379800906,0.3140326246554177
0.8771313065778977,0.8909206058385692,0.8875374072461579,0.8863066851719461,0.11596166458268405,0.3140326246554177
0.882716280153972,0.8825299157992659,0.8931605701939385,0.8807607014453309,0.04789596379159876,0.6065283013139444
0.8994710335790098,0.8937174683527067,0.8959720613456659,0.8835336343602347,0.05502363095322002,0.6065283013139444
0.8966786196836757,0.8937175260074604,0.9044068166700756,0.8946257197102727,0.0389814775141323,0.6065283013139444
0.8966785485668848,0.8937174545991871,0.8931604818279582,0.8752145998219081,0.046792958013623785,0.6065283013139444
0.8910935891310937,0.8909205307682253,0.89878359672218,0.8890796180868499,0.025783021750135065,0.6065283013139444
0.8994711785612527,0.899311428048174,0.9072184703256203,0.9001718213336956,0.05087504241122115,0.6065283013139444
0.910640990069031,0.9104989813206921,0.9212762262927185,0.9029447542485993,0.04316363215629604,0.6065283013139444
0.9190183291578077,0.9188896266106106,0.918464585213703,0.9057176871635031,0.04349350108660654,0.6065283013139444
0.8994711041047897,0.9077020742656614,0.9128415279580036,0.9029447542485993,0.039015113398289204,0.6065283013139444
0.9050560470869103,0.9049051672106312,0.9156530940695755,0.9029447542485993,0.04371722856504433,0.6065283013139444
0.9050561219156558,0.9021083352896413,0.9072184703256203,0.9001718213336956,0.02559858265920834,0.6065283013139444
0.8966785316069145,0.896514344371182,0.9072182942922522,0.8890796180868499,0.025954550802536842,0.6065283013139444
0.8883010901693252,0.8881235960586105,0.8903488715206305,0.8724415490101967,0.0632703542109824,0.6065283013139444
0.8771312595701978,0.904905092263028,0.8903489259628476,0.9057176871635031,0.04562700707484068,0.6065283013139444
0.9050558985379936,0.9077019243704549,0.9100298133979077,0.9084906200784069,0.03759982425599448,0.6065283013139444
0.9134333865461263,0.9104989060020607,0.9240877170638742,0.9057176871635031,0.02183213125754801,0.6065283013139444
0.9218108140149811,0.9160927333139515,0.9268992965326317,0.9140367217018297,0.027439833288834405,0.6065283013139444
0.9134334615600911,0.9132958883757223,0.9212762262927185,0.9029447542485993,0.01720733675395853,0.6065283013139444
0.924603268268701,0.9272803436870924,0.9353339772481082,0.9279017399667717,0.06844979188320058,0.6065283013139444
0.9413582596545628,0.9384681353877542,0.9465804044440935,0.9306749086752906,0.05273283184695756,0.6065283013139444
0.9441504778804862,0.9412647881651011,0.9325223231995432,0.9223556383433489,0.048215504691089296,0.6065283013139444
0.9329806993712001,0.9272803609250848,0.9325224284496851,0.9140367217018297,0.022416641974764152,0.6065283013139444
0.9385656999348547,0.9328742327081421,0.9381456179442178,0.9251288070518677,0.05758568043649049,0.6065283013139444
0.9218108102867674,0.9356710778352331,0.9353339906545048,0.9362207745050983,0.042691194530274874,0.7012959629094799
0.9301882724036331,0.9328742194970128,0.9353340387570128,0.9168097725135411,0.03886961377491341,0.7012959629094799
0.8994711091764082,0.9104989864765614,0.8987837024426137,0.8807607014453309,0.0881569307995417,0.7012959629094799
0.9078485055182924,0.9021082470751787,0.9072183827490199,0.8946257197102727,0.054762220119087775,0.7012959629094799
0.8994710300169227,0.904905092263028,0.9128414533635316,0.9057176871635031,0.03651614864381092,0.7012959629094799
0.9162259587859131,0.9188897284518818,0.9212762520119926,0.9195828233252525,0.037796475545525884,0.7012959629094799
0.9246032409809525,0.9216865025672889,0.924087686443771,0.9112636708901183,0.032842021463601996,0.7012959629094799
0.9106409722745316,0.9160927774315251,0.921276208420889,0.9168097725135411,0.028167680325673516,0.7012959629094799
0.9273957395659828,0.9272803436870924,0.9325224113316408,0.9279017399667717,0.03852571826220553,0.7012959629094799
0.9329807438506478,0.9272804054751838,0.9353340387570128,0.9168097725135411,0.03349568811691666,0.7012959629094799
0.9218109018948056,0.9272804498074332,0.932522516713558,0.9195828233252525,0.023305480681209,0.7012959629094799
0.9329808445800526,0.9300774136203791,0.9409572718173229,0.9306749086752906,0.028423996928387804,0.7012959629094799
0.9357731669363522,0.941264891622495,0.9437686885024841,0.9362207745050983,0.03562779842531026,0.7012959629094799
0.9357731366191256,0.944061767783124,0.9465802240011876,0.9417667582317135,0.04208281768778558,0.7012959629094799
0.9553204354146928,0.9496555814233381,0.9606380533782732,0.9417667582317135,0.05921087982680171,0.7012959629094799
0.9385657879630592,0.9384681353877542,0.9381457055039375,0.9306749086752906,0.039505834430221376,0.7012959629094799
0.9357733162715559,0.9356712281319626,0.9465804044440935,0.9306749086752906,0.03255534882435606,0.7012959629094799
0.9301883728885493,0.9356712281319626,0.9409572718173229,0.9306749086752906,0.024526002701757033,0.7012959629094799
0.9301882724036331,0.9272804054751838,0.9325224726897883,0.9168097725135411,0.04218330663630412,0.7012959629094799
0.932980651762524,0.9328741268148764,0.940957078623736,0.9334477236933869,0.026859788747107975,0.7012959629094799
0.9553205605481633,0.9496557067555706,0.9381456490643405,0.9195828233252525,0.036988795621808165,0.7012959629094799
0.9357733162715559,0.9300774136203791,0.9353341391905521,0.9306749086752906,0.11054042537809315,0.7012959629094799
0.9413581714137295,0.9356711397509676,0.9353340518449147,0.9251288070518677,0.05025047568258165,0.7012959629094799
0.9357731707102545,0.9300772678278679,0.9297108624911581,0.9140367217018297,0.035555083505618375,0.7012959629094799
0.9162258543768574,0.9272803436870924,0.9268992794987057,0.9279017399667717,0.03127509170663312,0.7012959629094799
0.9385655357160639,0.9328740682285062,0.9409570202993238,0.9223556383433489,0.027448067799893564,0.7012959629094799
0.924603268268701,0.9272803436870924,0.9381455431645758,0.9279017399667717,0.02201112719709665,0.7012959629094799
0.9329807569771053,0.9328742327081421,0.9353340518449147,0.9251288070518677,0.025251407298875206,0.7012959629094799
0.9385655942095231,0.9328741268148764,0.9437686444659179,0.9334477236933869,0.038446164511295025,0.7012959629094799
0.9469430216451639,0.9412648609630168,0.9522033557520218,0.9417667582317135,0.04509532283958879,0.7012959629094799
0.9497355809513349,0.9496556700348169,0.955015009642918,0.9473128598551364,0.04937852470220728,0.7012959629094799
0.9441505503886539,0.9412648609630168,0.9493917898766047,0.9417667582317135,0.048888641078179425,0.7012959629094799
0.9497356246617027,0.9496557140240869,0.9522034871435285,0.9500859106668478,0.06262764364441595,0.7012959629094799
0.9553205496473111,0.9636402313000112,0.963449733719735,0.9639509289317896,0.045652827151890576,0.7012959629094799
0.977660329279341,0.9944062168722163,0.9859422703336971,0.9944540162733848,0.09831629371077354,0.7012959629094799
1.0,0.9944061150650907,1.0,0.9805888801116354,0.09922906832648357,0.7012959629094799
0.9804527704203893,1.0,0.9943769382210803,1.0,0.05063093800711154,0.7012959629094799
0.9860375689591626,0.9999998530104062,0.9999999250131884,0.9833618130265391,0.07340654883686135,0.7012959629094799
0.9748678882754672,0.9888124337444326,0.9718844698189768,0.9889080325467694,0.1105162801168519,0.7012959629094799
0.9972076356350227,0.9916093153063024,0.988753841970873,0.9722699634701162,0.0592885494099275,0.7012959629094799
0.9553204758355872,0.977624691073439,0.9578265278125513,0.9667238618466933,0.06491823339870233,0.7012959629094799
0.9525281464205763,0.9552495789225053,0.9493919707574792,0.9306749086752906,0.1009719235273519,0.7012959629094799
0.9441506508658822,0.9552494971518706,0.9550150225485359,0.955631894393463,0.04172922220018598,0.912406494669137
0.9357732668030779,0.9552495282957332,0.9493919209507409,0.9500859106668478,0.06053496129151746,0.912406494669137
0.9497355370318269,0.9524525327609215,0.9578265317221737,0.9445398090434249,0.04248937922533348,0.912406494669137
0.9441506380170256,0.9468587630037302,0.9522034435554154,0.9473128598551364,0.04082391447162283,0.912406494669137
0.9385656247551076,0.9356710642699231,0.940957109081044,0.9279017399667717,0.06410908801115203,0.912406494669137
0.9218108534962685,0.9496556568544094,0.9297109020475551,0.9389938253168097,0.06952083659282729,0.912406494669137
0.9441505503886539,0.9524524882434451,0.9578264875028559,0.9417667582317135,0.039661871436393215,0.912406494669137
0.9469431530899776,0.9496557140240869,0.9578266195291043,0.9500859106668478,0.03564566312726911,0.912406494669137
0.9636978802355215,0.958046332984281,0.9550149522997902,0.9362207745050983,0.03114606110537564,0.912406494669137
0.9413582099465277,0.9496557140240869,0.9550150533363166,0.9500859106668478,0.022148462093405312,0.912406494669137
0.9609054927042951,0.9636402313000112,0.963449733719735,0.9639509289317896,0.04650070265501571,0.912406494669137
0.9776602956228823,0.9748278333145981,0.9662612739929286,0.9473128598551364,0.044142492212455406,0.912406494669137
0.9609054317001992,0.9832185183987756,0.9690728048881143,0.97504289638502,0.04675059913046354,0.912406494669137
0.9972074841008488,0.9916091635314315,0.9943768238639201,0.9778158292999239,0.039288108375097885,0.912406494669137
0.9944151195298653,0.98881236356631,0.9887537978430336,0.9694969126584048,0.025451966491960114,0.912406494669137
0.9525280962334276,0.9608433425673797,0.9662613181074684,0.9500859106668478,0.06615487552140854,0.912406494669137
0.9525280044828376,0.9664370634074382,0.9662612257294978,0.9667238618466933,0.03412646562084654,0.912406494669137
0.9804528062839278,0.9888124081837093,0.9915654081503615,0.9722699634701162,0.05955449620354148,0.912406494669137
0.9720752432093968,0.9776246296630056,0.9831305605489125,0.9778158292999239,0.02431797662152526,0.912406494669137
0.9916225134841447,0.9860153217428926,0.9803189669210506,0.9611777602232705,0.027258674045532935,0.912406494669137
0.9581130393768774,0.9580464354315565,0.9690728843002565,0.9500859106668478,0.03466875702288649,0.912406494669137
0.9301881805390241,0.9384679403889655,0.9437686444659179,0.9334477236933869,0.07989157521590817,0.912406494669137
0.9357730646338528,0.9468586014561649,0.9409570202993238,0.9223556383433489,0.06807665687783349,0.912406494669137
0.9301881941061062,0.9412648609630168,0.9437686581257703,0.9417667582317135,0.03329394259596729,1.0000000000000002
0.9469430522560199,0.9496556123033881,0.9465802544518107,0.9362207745050983,0.03438655055913028,1.0000000000000002
0.9329807952313528,0.9580464354315565,0.9465803547579528,0.9500859106668478,0.03509890554973945,1.0000000000000002
0.952528008393911,0.9496556258350721,0.9550149657404601,0.9445398090434249,0.035118724203475046,1.0000000000000002
0.9357731707102545,0.9440618023417846,0.9325224284496851,0.9140367217018297,0.09182114865288284,1.0000000000000002
0.9218108760332723,0.9188897024857832,0.918464660181147,0.9029447542485993,0.06431718387537584,1.0000000000000002
0.8771314051436409,0.899311428048174,0.8903490725317063,0.9001718213336956,0.08981730132183441,1.0000000000000002
0.9106408848281377,0.9188895957731693,0.912841423046598,0.9112636708901183,0.056091326031229446,1.0000000000000002
0.9246032409809525,0.9216865025672889,0.9297108181423572,0.9112636708901183,0.043917229486193025,1.0000000000000002
0.9134333865461263,0.9132958128715774,0.918464585213703,0.9057176871635031,0.03934519168057578,1.0000000000000002
0.905055985980653,0.9244834540223015,0.9184645986570514,0.9140367217018297,0.044381362817163005,1.0000000000000002
0.9078485055182924,0.9077020611203241,0.9128415149069078,0.8946257197102727,0.04585938776828979,1.0000000000000002
0.8883011922809306,0.8965144198178183,0.9015952374752736,0.8863066851719461,0.0595224653512012,1.0000000000000002
0.9022635755958502,0.9104989813206921,0.9128415279580036,0.9029447542485993,0.040882533024925304,1.0000000000000002
0.9050420690509652,0.8992973528619017,0.9014970540163576,0.8834368410811897,0.06502556117843948,1.0000000000000002
0.8966228723406878,0.8936756396824839,0.9014970540163576,0.8834368410811897,0.04075112976793892,1.0000000000000002
0.8994292470813788,0.9217841807703895,0.9071482073268298,0.919665704781,0.11540136891070119,1.0000000000000002
0.9331061025616537,0.9274059633060674,0.9184506302532385,0.900157909510398,0.04348247521586631,1.0000000000000002
0.9022357134307001,0.9077299664175456,0.9099738636513091,0.900157909510398,0.040086367459892,1.0000000000000002
0.905042112442605,0.9105408231159058,0.9127994525186187,0.900157909510398,0.05365412010969485,1.0000000000000002
0.9050421611500296,0.9049191587479011,0.8901947893946092,0.8722895800251917,0.06132589305714876,1.0000000000000002
0.9078485674644668,0.9245951638258112,0.9071483304737926,0.922452667416009,0.08798861181077317,1.0000000000000002
0.9246869623739501,0.9274060206640686,0.9241018645214358,0.922452667416009,0.0683019893880879,1.0000000000000002
0.9331060550719145,0.9386493420702859,0.9438808823611786,0.928026238995604,0.06762375876957981,1.0000000000000002
0.9162677299136351,0.9189734148277637,0.9241018294509782,0.908518443725002,0.04762562060648709,1.0000000000000002
0.9078484930551037,0.9386493710734396,0.9184506117742168,0.9391736179484096,0.0449816447165772,1.0000000000000002
0.9415252806473561,0.9386493710734396,0.9495320888064516,0.9391736179484096,0.042729017453953376,1.0000000000000002
0.930299705878682,0.9470819625728475,0.943880932403885,0.9475341521630136,0.026472068887407295,1.0000000000000002
0.9387188308793942,0.9414601764727033,0.9382296829934273,0.919665704781,0.031249341413575247,1.0000000000000002
0.9190741218553714,0.9245951211257335,0.9212762334292066,0.9057315989868007,0.052426200985991975,1.0000000000000002
0.9050421406543313,0.9133517084240108,0.9184506586578736,0.9113052884632034,0.040297533819764975,1.0000000000000002
0.899429405105009,0.9049192014623124,0.9071483656314903,0.8890106484544,0.06967645489504697,1.0000000000000002
0.8938164588257914,0.9021081946321499,0.8958458619373972,0.877863151604787,0.05922462727323098,1.0000000000000002
0.8713653504865949,0.8739997124684635,0.8675900565998529,0.8639290458105877,0.07275267283157061,1.0000000000000002
0.8657525452718325,0.8711888485620927,0.8760668163198302,0.8611422010723864,0.06390601659435416,1.0000000000000002
0.8713652606805001,0.8824321914266386,0.8845434997912527,0.8750763068665857,0.030210955612217053,1.0000000000000002
0.8882037663479893,0.8880540178259677,0.8901947893946092,0.8722895800251917,0.022620969503418506,1.0000000000000002
0.8825908633596792,0.8796213422101293,0.8873690957745803,0.877863151604787,0.016759812013090916,1.0000000000000002
0.8825909468041818,0.8796214260003821,0.8817180012761687,0.8639290458105877,0.039323349291071404,1.0000000000000002
0.8657526142278932,0.8880540599028506,0.8788924746642635,0.8890106484544,0.026605007392218275,1.0000000000000002
0.8882036756304105,0.8908647830927752,0.8986714652582686,0.8834368410811897,0.029250658097936807,1.0000000000000002
0.8882037449629753,0.885243139532301,0.8788924123409056,0.8639290458105877,0.02902588385961861,1.0000000000000002
0.8685589084046786,0.8683779556431317,0.8647644250392879,0.8472079773813794,0.049768966137597,1.0000000000000002
0.8685589514071984,0.8739997124684635,0.870415645535116,0.8639290458105877,0.03903932844352249,1.0000000000000002
0.8769780800167074,0.8852430699133578,0.8873691102259127,0.8834368410811897,0.02982135158473165,1.0000000000000002
0.8825908413849927,0.8908647461308139,0.8873690738189568,0.869502617390183,0.050615236608905524,1.0000000000000002
0.8629461532484047,0.8683779989365448,0.8760668234056423,0.8639290458105877,0.06159839954601326,1.0000000000000002
0.8601397114998414,0.8683779556431317,0.8647644250392879,0.8472079773813794,0.049506578327576385,1.0000000000000002
0.8573332735609261,0.8768104856573766,0.8675899747280074,0.877863151604787,0.05380206217279158,1.0000000000000002
0.8882037663479893,0.8908648746462899,0.8901947893946092,0.8722895800251917,0.053719019222279736,1.0000000000000002
0.8769782111869321,0.8880540599028506,0.8788924746642635,0.8890106484544,0.0495697328403606,1.0000000000000002
0.8882036090214255,0.8852430030292444,0.8760666896610363,0.8583552384373774,0.07823567086910518,1.0000000000000002
0.8601397258714404,0.862756256840685,0.8675900282571805,0.8527816668577823,0.08691449660549727,1.0000000000000002
0.8657525310496449,0.8627562640374593,0.8704156242779666,0.8555685115959837,0.0629136184437416,1.0000000000000002
0.860139733001101,0.8711888341697003,0.8732412131577283,0.8555685115959837,0.08410045712701816,1.0000000000000002
0.8629460588229373,0.8599453338175636,0.8449852527629269,0.82770006421397,0.10611144475613075,1.0000000000000002
0.8096244225645178,0.8177824267110976,0.8223804844470857,0.805405306308359,0.10791801274171953,1.0000000000000002
0.8208502211093903,0.8430803436438872,0.8308574547158838,0.838847561063583,0.07884390814361042,1.0000000000000002
0.8376884693157153,0.8318367686144756,0.830857309321301,0.82770006421397,0.0631125726050099,1.0000000000000002
0.8320757405528555,0.8318368379984,0.825206200022738,0.808192268943368,0.0660210298247012,1.0000000000000002
0.8040117361741225,0.8065391133201263,0.8167294191092176,0.8026185794669651,0.06854874558389452,1.0000000000000002
0.8012054067857294,0.7981066132163204,0.7884735990932619,0.7831107841963633,0.11966405427966381,1.0000000000000002
0.7871732903012713,0.8262150555738579,0.7856478903080981,0.82770006421397,0.09153021919012327,1.0000000000000002
0.7955924291917876,0.8149715703506322,0.8082525418088649,0.805405306308359,0.05318175226766571,1.0000000000000002
0.7955926430730865,0.7981066481890968,0.8054271680284963,0.7970450078873701,0.04967803759598613,1.0000000000000002
0.7871732331681492,0.8037281449087696,0.7997757762259321,0.805405306308359,0.08455907752261803,1.0000000000000002
0.804011699996627,0.8037282202202918,0.8054270277463771,0.7886843557759584,0.06311243303702585,1.0000000000000002
0.7927862162561409,0.7952957634115829,0.7997759621959555,0.7858976289345645,0.0811409878091553,1.0000000000000002
0.7899796821082178,0.823404191740722,0.8026014153628089,0.8249132194757685,0.062175024672130375,1.0000000000000002
0.8292693772150935,0.8515128716276759,0.8336830022798654,0.8221264926343748,0.0748909939152546,1.0000000000000002
0.8180438018122594,0.8149717543630999,0.799775955203589,0.7831107841963633,0.10777314117427197,1.0000000000000002
0.7899797055966825,0.7896739373891182,0.7997758502773933,0.7886843557759584,0.08322494716305043,1.0000000000000002
0.7871733067166936,0.7868630808228834,0.7969502615429014,0.7886843557759584,0.07400920339200445,1.0000000000000002
0.784366886070574,0.7840522023338119,0.7912990622817258,0.7803238215613543,0.07573677589861892,1.0000000000000002
0.7815606373374601,0.7868632108523195,0.7856480347742743,0.7691766194537601,0.07089544166777041,1.0000000000000002
0.7703349670149273,0.7756197088310253,0.7743456051517412,0.7636028710289536,0.08223589864405516,1.0000000000000002
0.7703348936919221,0.7643762085168047,0.7489152338544114,0.73573442364694,0.13956212219819017,1.0000000000000002
0.7394645971695967,0.7503220182465028,0.740438557910678,0.724587162590942,0.20453339143083282,1.0000000000000002
0.7478837816990608,0.7756197160263198,0.7545664898861002,0.766389715767155,0.13464423492808827,1.0000000000000002
0.7815605248760633,0.7784305271136012,0.768694389820978,0.771963346295154,0.08752203604008224,1.0000000000000002
0.7731413123167489,0.8065390767865266,0.785647906604934,0.7886843557759584,0.10831026856090195,1.0000000000000002
0.8152374097800404,0.8093500477977154,0.8026015512430691,0.7858976289345645,0.06718111890815408,1.0000000000000002
0.7927860825276322,0.7868630588389804,0.7969502396279364,0.7803238215613543,0.05742894559039839,1.0000000000000002
0.7647220943374385,0.7840522023338119,0.7743455302430935,0.7803238215613543,0.0681455336779639,1.0000000000000002
0.7871732848895935,0.7924847718493171,0.7912990622817258,0.7803238215613543,0.07627083278959973,1.0000000000000002
0.7955925392359896,0.8009173999885635,0.8026014749364168,0.8026185794669651,0.06138821016202865,1.0000000000000002
0.8096246113990656,0.8065391909204891,0.8026015512430691,0.7858976289345645,0.05794213706776318,1.0000000000000002
0.7703349598711715,0.7784305582929745,0.7771711868877478,0.7608160262907523,0.07773783186998627,1.0000000000000002
0.7647221787586789,0.7615654350893869,0.7545664925870365,0.7440950168099478,0.10562902801924977,1.0000000000000002
0.7366581620014991,0.7362676980179993,0.7008802781667239,0.7106529388999352,0.29121257641521586,1.0000000000000002
0.7142069180818089,0.7194025052356164,0.7178337592620845,0.7134397246897328,0.1494132492166398,1.0000000000000002
0.7310453856832585,0.7278351497557687,0.7319617769287254,0.7190134731145393,0.10671179643953697,1.0000000000000002
0.7399826069091128,0.733975710137174,0.7085745176928937,0.6931601179681351,0.26372515044381917,1.0000000000000002
0.6879131713181607,0.7136943576835626,0.6765367444293511,0.6989053472996053,0.2315689660538562,1.0000000000000002
0.7168406633158848,0.7194890415235248,0.7202246897453428,0.7103956880657379,0.09514468105714932,1.0000000000000002
0.742875357916785,0.7774358775175898,0.7522624669953513,0.7649747772306661,0.19756169149139136,1.0000000000000002
0.7573390773636628,0.7687438154865177,0.7639125581133726,0.762102162564931,0.08579516137338804,1.0000000000000002
0.6387363499660339,0.7021048970643022,0.6357612486504162,0.6787971625362674,0.3720000385207636,1.0000000000000002
0.6734493951289624,0.6963102617540026,0.682361776834956,0.6960327326338702,0.09543233067228363,1.0000000000000002
0.7660173683404521,0.7774358918203386,0.7406123611434625,0.7305037549322682,0.10059264753068646,1.0000000000000002
0.7313043709339833,0.7397704117893268,0.7260497093381582,0.7362489253153345,0.05764367093386473,1.0000000000000002
0.7370898935266997,0.7484624689662739,0.7493499720803832,0.7506118807472022,0.05814353366875241,1.0000000000000002
0.7746956600538288,0.7716412460848759,0.7726502326669763,0.7707200065621362,0.058222040659782516,1.0000000000000002
0.7660173565777668,0.7658465022258295,0.7697376484205666,0.7592296068475998,0.05364637408657988,1.0000000000000002
0.7602318268285975,0.7600517825549595,0.7610000283378977,0.762102162564931,0.05829796564310764,1.0000000000000002
0.7660173343409501,0.7600517911510751,0.7551749772247957,0.7391214810326657,0.028390779748183066,1.0000000000000002
0.745768079503924,0.7600517825549595,0.758087498562423,0.762102162564931,0.03945384535616144,1.0000000000000002
0.7718029027066219,0.7861279610912459,0.7843003450934624,0.7879555177113353,0.06443128070233958,1.0000000000000002
0.806515850355883,0.80061463504153,0.7755627081540458,0.7592296068475998,0.1002623598964238,1.0000000000000002
0.7833738780407452,0.7774359039988903,0.7872128517048534,0.7735925622794675,0.0406819738318404,1.0000000000000002
0.7949448385139241,0.7919225881573564,0.7959504036651708,0.7937006291459978,0.05110658569676594,1.0000000000000002
0.8007303996372056,0.7977173392472674,0.8017755251244125,0.7879555177113353,0.0420907032788846,1.0000000000000002
0.8007303945488954,0.8093067122345046,0.7988629900689219,0.799445858477468,0.11486270627624662,1.0000000000000002
0.8238723248616956,0.8179986785854549,0.819250633554444,0.8166813106782631,0.06435409960715799,1.0000000000000002
0.8238723248616956,0.82379336726105,0.8338132825689233,0.8166813106782631,0.06028332021626896,1.0000000000000002
0.8296578812170871,0.8237934247232306,0.833813339853571,0.8224265400097333,0.03409680742423517,1.0000000000000002
0.8325506877633418,0.8295881708592567,0.8367259266272549,0.8281717693412034,0.05400024871014758,1.0000000000000002
0.8325505733382043,0.8411774332878348,0.8279882229631317,0.8166813106782631,0.06951497473749704,1.0000000000000002
0.8296579123032065,0.8237934558587272,0.8338133708928728,0.819553984292402,0.03291536443922212,1.0000000000000002
0.8527999253248607,0.8527669169195367,0.8542010963035545,0.8511524508734687,0.10398017185564148,1.0000000000000002
0.8556926751022774,0.8643562954135278,0.8658512166639287,0.8511524508734687,0.07076187510703119,1.0000000000000002
0.8585852751142095,0.8556641111364274,0.8629385370003149,0.8540248886939923,0.04396914877626094,1.0000000000000002
0.8556925182611653,0.8759455130064657,0.8658510591759967,0.8770055702262576,0.07787698115008763,1.0000000000000002
0.8817274121899216,0.8962270751442922,0.8920639765199732,0.874133132405734,0.11208341922579684,1.0000000000000002
0.9048693685164285,0.9020217224968907,0.9008015254041717,0.8999863696553305,0.11845078979428655,1.0000000000000002
0.9164404298526233,0.910713818829056,0.9124517074492233,0.894241258220668,0.07195636769855325,1.0000000000000002
0.9019766497801486,0.8991244090438204,0.9095391462189648,0.8971138139379993,0.03386044904324053,1.0000000000000002
0.8932983440094681,0.8933296629171317,0.894976439651064,0.8913685846065291,0.03951539483712904,1.0000000000000002
0.887512943027941,0.8875350729147917,0.8891514776832723,0.8712605766884027,0.06504705464798372,1.0000000000000002
0.875941886868809,0.8817403260321579,0.8833263604736985,0.8655153473569326,0.1653537273793445,1.0000000000000002
0.8267650395876808,0.8382800535498811,0.8396383071708033,0.831044207161727,0.18452890292446567,1.0000000000000002
0.8296579690270619,0.8324855468911438,0.8309008973246073,0.8252992136238722,0.08954549267289018,1.0000000000000002
0.8354433228303738,0.8324854002744424,0.8309007527660275,0.8166813106782631,0.06514838100440658,1.0000000000000002
0.8238723868903804,0.8237934297334124,0.8250757549191459,0.8109361992436006,0.06666394974324376,1.0000000000000002
0.8209795407959523,0.8295880208258632,0.830900718053007,0.831044207161727,0.05611079576500492,1.0000000000000002
0.8354434688135058,0.8324855468911438,0.8425510181513702,0.8252992136238722,0.039520489068547,1.0000000000000002
0.8238723770502135,0.8324854532718482,0.8367258649171967,0.8339168807758659,0.028846818136077944,1.0000000000000002
0.8354433805183933,0.8324854582128289,0.833813339853571,0.8224265400097333,0.058142626476856064,1.0000000000000002
0.8151941378969662,0.8179987407126663,0.8250757549191459,0.8109361992436006,0.040352593389474084,1.0000000000000002
0.8209796885337804,0.8295881708592567,0.8338133965069829,0.8281717693412034,0.03833088135646682,1.0000000000000002
0.8180867992720443,0.8208959960523765,0.8250756665226486,0.8080635256294617,0.06020278948947008,1.0000000000000002
0.8123013356139229,0.8093066543313561,0.807600522975412,0.7937006291459978,0.055045263990748314,1.0000000000000002
0.7891593130974027,0.8035119386500549,0.7930378475030135,0.7850828440971964,0.3111773578301198,1.0000000000000002
0.7746956574728647,0.7832306217075538,0.7784752901463448,0.7764651769452026,0.06093852211740821,1.0000000000000002
0.7920520889972574,0.8006146212443561,0.8017754633202914,0.7937006291459978,0.07687327799276675,1.0000000000000002
0.7920521269166997,0.7919226263546781,0.7755627319570336,0.7735925622794675,0.08203875886657956,1.0000000000000002
0.7689101275331637,0.7774359015791505,0.7813877894336719,0.7793377326625338,0.08184385217684882,1.0000000000000002
0.7746955962437686,0.7977172813623585,0.7843002887184021,0.7822102883798652,0.1294086909262806,1.0000000000000002
0.7949448119791082,0.7919225615044583,0.7901253177517853,0.7850828440971964,0.05747723611288091,0.6748313214116555
0.7746955962437686,0.7803332151122058,0.7872128185587209,0.7822102883798652,0.047833507118734804,0.6748313214116555
0.7891593772913815,0.7890252818835208,0.7901253816418083,0.7735925622794675,0.03515075505581533,0.6748313214116555
0.7833738756248426,0.7832305905074786,0.7843003193635968,0.7793377326625338,0.030421144996201657,0.6748313214116555
0.7804811568885627,0.7774359325999147,0.7843003501864448,0.7764651769452026,0.034847962314411216,0.6748313214116555
0.7718028246883365,0.7716411597970372,0.7697376176643222,0.762102162564931,0.15046196304881795,0.6748313214116555
0.7660173257584669,0.7658464711759985,0.772650147439797,0.762102162564931,0.0659174703805335,0.6748313214116555
0.7689101299141543,0.7774359039988903,0.7784752618939886,0.7735925622794675,0.07799714918435771,0.6748313214116555
0.7746956574728647,0.7803332771537344,0.7872128802064949,0.7764651769452026,0.09489680831747026,0.6748313214116555
0.7833738516014409,0.7803332219122119,0.7726501760154789,0.7649747772306661,0.0873667666578227,0.6748313214116555
0.7775883812201392,0.7716412174904654,0.7755627343681188,0.7678473918964012,0.05388671015512004,0.6748313214116555
0.771802853405825,0.7716411887283458,0.7784752357355154,0.7649747772306661,0.06802215558006058,0.6748313214116555
0.766017354308017,0.7658464999391018,0.7784752357355154,0.7649747772306661,0.060025677717706165,0.6748313214116555
0.771802918242045,0.7687439094628106,0.7697377104806442,0.7534844954129373,0.05612880003494782,0.6748313214116555
0.760231947648081,0.7600519042823966,0.7639126786793117,0.7563571100786723,0.06656241403484482,0.6748313214116555
0.760231890759331,0.7571545024661659,0.7668251518758573,0.7506118807472022,0.054418743310332064,0.6748313214116555
0.7602319192881107,0.7600518757093023,0.7668251804297501,0.7534844954129373,0.049525350221431584,0.6748313214116555
0.7631245762935323,0.7658464711759985,0.772650147439797,0.762102162564931,0.0964811142884538,0.6748313214116555
0.7660174472928586,0.7629492489509377,0.7726502690854311,0.7563571100786723,0.04095120047307964,0.6748313214116555
0.7804810730831406,0.7745385041075565,0.7755626772152718,0.762102162564931,0.0694241159798782,0.6748313214116555
0.7660173900674887,0.7600518469661298,0.7639126219099449,0.7506118807472022,0.07274304264067091,0.6748313214116555
0.7631246717003766,0.7571545338028288,0.7580875929214856,0.747739325029871,0.06845677028240325,0.6748313214116555
0.7486608684325197,0.7455651006470502,0.7493499484936574,0.7362489253153345,0.1437594199666237,0.6748313214116555
0.7544463363802408,0.7513597581436688,0.7551749772247957,0.7391214810326657,0.06015107955137825,0.764573977712588
0.7457681188494303,0.7426677562181885,0.7522624783880948,0.7362489253153345,0.03423218836876708,0.764573977712588
0.7486609203341764,0.7542571865402968,0.7580875902770676,0.7534844954129373,0.04848305651651989,0.764573977712588
0.7573390858704181,0.7513597581436688,0.7551749772247957,0.7391214810326657,0.03930611264504079,0.764573977712588
0.7457680879097087,0.7426677251362627,0.7551749772247957,0.7391214810326657,0.030440684513969148,0.764573977712588
0.7457680879097087,0.7484624138078668,0.7551749772247957,0.7391214810326657,0.04771738655600228,0.764573977712588
0.7660173826906106,0.7658465285339998,0.7697376744799842,0.7678473918964012,0.08971520734149926,0.764573977712588
0.7804812323489534,0.8035121113552741,0.7872129557424329,0.8023185320916069,0.11934158245250814,0.764573977712588
0.8209796372259092,0.8151013962022933,0.8046880450845142,0.8109361992436006,0.09007989848383112,0.764573977712588
0.8151940851305893,0.8122039986936895,0.807600522975412,0.7937006291459978,0.08578608945442456,0.764573977712588
0.8036230603016662,0.8006145943636556,0.8017754367566976,0.7850828440971964,0.04797942544606276,0.764573977712588
0.777588323618206,0.7716411597970372,0.772650147439797,0.762102162564931,0.0897364216750754,0.764573977712588
0.7515536065634971,0.7716411887283458,0.7610000565754059,0.7649747772306661,0.14114524184130925,0.764573977712588
0.7718028819553749,0.7687438730122327,0.778475264312186,0.7678473918964012,0.04847907882897436,0.764573977712588
0.7746956967600251,0.7687439382880203,0.7726502690854311,0.7563571100786723,0.046332453450239196,0.764573977712588
0.7689101061333465,0.7658465022258295,0.7755627081540458,0.7592296068475998,0.04469853106092463,0.764573977712588
0.7602318375582312,0.7571544490229117,0.7493499197833079,0.7333763106495994,0.2280500384719148,0.764573977712588
0.7370898394391767,0.7426677251362627,0.7435248580212357,0.7391214810326657,0.07809924316469287,0.764573977712588
0.7486608660940736,0.7455650982978771,0.7522624760548062,0.7419940956984008,0.05672140569523907,0.764573977712588
0.7370898796280484,0.7339757325035419,0.7289622486221439,0.7132682437830692,0.1650386526553437,0.764573977712588
0.66766386398542,0.7078996060813993,0.6736241551135412,0.7046504587342678,0.29387958102249456,0.764573977712588
0.708162357411128,0.7223863279618812,0.7202246325758691,0.7046504587342678,0.10853608955910055,0.764573977712588
0.6965913897940248,0.7021049482689343,0.7085745439234016,0.7017779030169365,0.14820214803501536,0.764573977712588
0.7052696078807202,0.7021049173292067,0.7114870430516825,0.7046504587342678,0.07225071657692213,0.764573977712588
0.7110551208617728,0.7050022756476509,0.6852742879269427,0.6701794364358699,0.2241405298865996,0.764573977712588
0.6647711659593404,0.6702341814548237,0.659061556742945,0.6500713695693395,0.41547204613782585,0.764573977712588
0.6560928744827202,0.6789261712389054,0.6677991041086166,0.6816697772020025,0.17226150518208946,0.764573977712588
0.6965914257505552,0.6992076401516968,0.702749520019492,0.6874150065334727,0.16411338670506087,0.764573977712588
0.7052696411092589,0.6992076062344291,0.7027494864588633,0.6960327326338702,0.10892213460299258,0.764573977712588
0.7081623858901772,0.7136943237144309,0.7173121313186539,0.7075230734000029,0.0994894324007354,0.764573977712588
0.7139478900129762,0.7107969841561352,0.7085745463514082,0.6960327326338702,0.09023970382557239,0.764573977712588
0.6908059262691003,0.6905156063914459,0.6969244599131851,0.6874150065334727,0.12821126740709343,0.764573977712588
0.6908058738453622,0.6905155535499986,0.6794492281568281,0.6701794364358699,0.1921702500513959,0.764573977712588
0.6676638727185091,0.6818235156435867,0.6794492235891373,0.6816697772020025,0.10399580346985547,0.764573977712588
0.6850204034994359,0.6818235492312349,0.6881868465317296,0.6730520511016049,0.06461216080967296,0.764573977712588
0.6792348967938768,0.6905155752391678,0.691099369085925,0.6902875622508039,0.07160270242696162,0.764573977712588
0.7023768382440008,0.6963102084387651,0.6881867846496598,0.6787971625362674,0.10497494266198294,0.764573977712588
0.6763421259764976,0.6760288314523462,0.6852742879269427,0.6701794364358699,0.10327095714467352,0.764573977712588
0.6589856614667858,0.6673368317233022,0.6707116716597742,0.6615617103354722,0.08489759966793985,0.764573977712588
0.6792348425065583,0.6789261425621539,0.685274254871924,0.6787971625362674,0.08126673856278752,0.764573977712588
0.6734494098790982,0.6760288653084802,0.676536731648754,0.6615617103354722,0.11909803632033475,0.764573977712588
0.6618783874822307,0.6644394632563723,0.6619740581609916,0.6471987549036045,0.14126610771549958,0.9542923535040868
0.650307389063789,0.6557474299051214,0.6619740581609916,0.6471987549036045,0.08859245269378072,0.9542923535040868
0.6532001671622429,0.6499527696382049,0.6619740867543618,0.6500713695693395,0.05358538287754849,0.9542923535040868
0.650307389063789,0.6499527410042875,0.6561489983287805,0.6471987549036045,0.07259796172124729,0.9542923535040868
0.6560928551399047,0.6557473964996146,0.6619740250222508,0.6558164810040021,0.051837363661270175,0.9542923535040868
0.650307364916464,0.6470553722875709,0.6474113846732292,0.6328357994717367,0.11729349207051476,0.9542923535040868
0.6358436967075173,0.6673368659189995,0.6386738743095969,0.6529439842350746,0.20486305100916724,0.9542923535040868
0.6445218946356297,0.6383633679912755,0.6444988834134978,0.6357084141374718,0.07496615127466741,0.9542923535040868
0.6271654300890321,0.6296713681632479,0.6386738569531706,0.6270906880370742,0.0710735304154227,0.9542923535040868
0.6242726545356694,0.6267739974562626,0.6328487709535529,0.6184729029882728,0.10597557532365466,0.9542923535040868
0.6213799048901195,0.6267739974562626,0.6299362409962279,0.6184729029882728,0.09295674355513431,0.9542923535040868
0.6213799024505782,0.6238766504961482,0.6299362385484749,0.6242180733713392,0.0841673101913798,0.9542923535040868
0.6271653922269056,0.6470553965538705,0.6357612889160412,0.6471987549036045,0.10979422515135101,0.9542923535040868
0.6734493975092753,0.7021049531918362,0.6765367193156568,0.6902875622508039,0.2745454375435365,0.9542923535040868
0.7197333636884912,0.7571544690219044,0.7318747601529514,0.7592296068475998,0.36971740414156823,0.9542923535040868
0.7891593348152713,0.7832305503976262,0.7435248623418201,0.7276311402665331,0.27422122111658015,0.9542923535040868
0.7313043686375451,0.7426677538760279,0.7376998266178653,0.7419940956984008,0.13049878666573062,0.9542923535040868
0.7428753692663408,0.7455651006470502,0.7522624783880948,0.7362489253153345,0.09306051235127809,0.9542923535040868
0.7457681449549549,0.7513598159658423,0.7435249145941589,0.7448667103641359,0.1271991901707293,0.9542923535040868
0.7486608684325197,0.748462445075912,0.7493499484936574,0.7362489253153345,0.12579960242664062,0.9542923535040868
0.7428753832862909,0.7716412150565751,0.7522624924613942,0.7735925622794675,0.16689316224345485,0.9542923535040868
0.7746956029547291,0.7890252550960781,0.7755627058754971,0.7649747772306661,0.18074737818052755,0.9542923535040868
0.771802853405825,0.7774358775175898,0.7813877655955336,0.7649747772306661,0.1235790758003491,0.9542923535040868
0.7833738756248426,0.7774359015791505,0.7813877894336719,0.7793377326625338,0.08025654549420813,0.9542923535040868
0.7833738756248426,0.7832305905074786,0.7930379091533712,0.7793377326625338,0.10832673758302026,0.9542923535040868
0.7804810647748447,0.783230528645261,0.7901253177517853,0.7850828440971964,0.087740459935126,0.9542923535040868
0.7804811308525216,0.7803332509251641,0.7843003242003206,0.7678473918964012,0.06263594793946713,0.9542923535040868
0.7718028467144302,0.7803332151122058,0.7843002887184021,0.7822102883798652,0.052506801496782884,0.9542923535040868
0.7862666589153237,0.7803332797689444,0.7872128828051075,0.7707200065621362,0.05575580459756479,0.9542923535040868
0.7746956390297256,0.771641224965986,0.7668251518758573,0.7506118807472022,0.09134557074722047,0.9542923535040868
0.7573390773636628,0.7658464711759985,0.7668250878888474,0.762102162564931,0.059606415493609385,0.9542923535040868
0.754446422461264,0.7571545338028288,0.7639126530391565,0.747739325029871,0.07265476589075706,0.9542923535040868
0.75155367007266,0.7600518757093023,0.7639126503788559,0.7534844954129373,0.06267670179081075,0.9542923535040868
0.7660174109077078,0.7687439015235199,0.7755627626946026,0.7707200065621362,0.09030823170574268,0.9542923535040868
0.7718028893756467,0.768743880466022,0.7668251518758573,0.7506118807472022,0.08330666421771377,0.9542923535040868
0.7486608592442885,0.7600518134232128,0.7580875289536081,0.7592296068475998,0.07970008794178675,0.9542923535040868
0.7631246690265944,0.7716412540473132,0.7668251804297501,0.7534844954129373,0.08659314132221405,0.9542923535040868
0.7515536417970943,0.7513598134662379,0.7610000919440326,0.7506118807472022,0.07251750077844042,0.9542923535040868
0.7544463583554479,0.7571544690219044,0.7610000588203477,0.7592296068475998,0.19510948201157102,0.9542923535040868
0.7631245762935323,0.7600517825549595,0.7639125581133726,0.762102162564931,0.06895195748982515,0.9542923535040868
0.7544464198111436,0.7542571865402968,0.7639126503788559,0.7534844954129373,0.053799549949078616,0.9542923535040868
0.7573391148223376,0.754257131563425,0.7580875358295825,0.7419940956984008,0.04958243352690947,0.9542923535040868
0.7457681188494303,0.7426677562181885,0.7522624783880948,0.7362489253153345,0.047145576525335006,0.9542923535040868
0.760231890759331,0.7542571579662019,0.7610000919440326,0.7506118807472022,0.05328649803969788,0.9542923535040868
0.7486609229685224,0.7513598446180236,0.7610001229803212,0.747739325029871,0.06772117722244918,0.9542923535040868
0.7550478675929513,0.7548978956041086,0.7615671740354903,0.7454260128194209,0.07226195179963843,0.9542923535040868
0.752136053532031,0.7490649590352255,0.7527718817861084,0.7367513425609494,0.04983302784227757,0.9542923535040868
0.7375766335825508,0.7432319053823735,0.7498400404125243,0.7454260128194209,0.049659893758059175,0.9542923535040868
0.7550478675929513,0.749064900493241,0.7557036072240074,0.7454260128194209,0.04308826544490714,0.9542923535040868
0.749224138313011,0.7432319207970126,0.7381129219116043,0.7222934212505547,0.07889582743367833,0.9542923535040868
0.7259291984075829,0.728649472358867,0.7293176106030493,0.7194018841471987,0.10008301503691502,0.9542923535040868
0.734664814599685,0.7315659687609998,0.7146586914536494,0.7107271549403235,0.09823213421638927,0.9542923535040868
0.7026342171192285,0.7082339870102039,0.7087951243136219,0.7107271549403235,0.06978873733821803,0.9542923535040868
0.7055460378968167,0.7432319053823735,0.7175904229493678,0.7454260128194209,0.09986487027783937,0.9542923535040868
0.7579597959322621,0.7519814541418761,0.7293176106030493,0.7194018841471987,0.0853681531261763,0.9542923535040868
0.7142816680921258,0.7228164359118201,0.7234540029996513,0.7136186920436793,0.06266790900781538,0.9542923535040868
0.7171935437360542,0.7373989272600062,0.7293175731841225,0.73096815045743,0.06175687899190603,0.9542923535040868
0.7375766678236371,0.7344824471161066,0.7322493738226542,0.716510288095439,0.09146573878149054,0.9542923535040868
0.7201054161225194,0.7286494344392641,0.7293175731841225,0.73096815045743,0.05054049795344486,0.9542923535040868
0.7259291575972692,0.7228164359118201,0.7234540029996513,0.7136186920436793,0.059347167963229974,0.9542923535040868
0.7171935404684116,0.7169834407183835,0.7263857864468938,0.7136186920436793,0.04972842163822946,0.9542923535040868
0.7171935404684116,0.7111504455249469,0.7205222195524089,0.7136186920436793,0.05471023104502784,0.9542923535040868
0.7084579633941211,0.728649472358867,0.7205222598808647,0.7194018841471987,0.07117660137164623,0.9542923535040868
0.7230172852209833,0.7169834407183835,0.7263857864468938,0.7136186920436793,0.047880471745368816,0.9542923535040868
0.7142817083986084,0.7198999791902386,0.7263858270289878,0.7194018841471987,0.05122759113894034,0.9542923535040868
0.7346647780548466,0.7286494344392641,0.7351811400991058,0.73096815045743,0.06812613372818047,0.9542923535040868
0.7288410721923668,0.7286494736513498,0.7293176118784666,0.7280766133540741,0.0650055331727278,0.9542923535040868
0.725929178065796,0.7257329541361273,0.7322493738226542,0.716510288095439,0.05570416444346498,0.9542923535040868
0.7288410519800929,0.7286494532823898,0.7322493752938687,0.7251850173023144,0.05546759671049427,0.9542923535040868
0.7230172852209833,0.7198999383151018,0.7263857864468938,0.7136186920436793,0.05787584227533776,0.9542923535040868
0.7171935809008521,0.7169834814673625,0.7263858270289878,0.7194018841471987,0.05620144517064768,0.9542923535040868
0.717193579610345,0.7140669824479029,0.7205222585936768,0.7107271549403235,0.07377863708234804,0.9542923535040868
0.7142817083986084,0.728649472358867,0.7234540434549263,0.7194018841471987,0.10589937120436144,0.9542923535040868
0.7230173070920963,0.7228164579533133,0.723454024747615,0.7251850173023144,0.1200982502780543,0.9542923535040868
0.7201054521085685,0.7228164756044513,0.7263858257337042,0.7107271549403235,0.057692170808323326,0.9542923535040868
0.7055460842714831,0.7024009862011538,0.691204417663832,0.6760282381128222,0.21062595263872114,0.9542923535040868
0.6793391912005048,0.6819854610865521,0.6794772429670737,0.6702450460093028,0.18703917268565226,0.9542923535040868
0.6676917018041432,0.6703194708086334,0.6736136761273517,0.6702450460093028,0.14157678604800272,0.9542923535040868
0.6618679571059625,0.6703194708086334,0.6706818927074906,0.6702450460093028,0.14867067775748302,0.9542923535040868
0.6647798259282414,0.6644864721139443,0.6677501057718598,0.6528955875955522,0.18132037453905928,0.9542923535040868
0.6036305352384423,0.6382380239473254,0.6003191154685084,0.5979556752509444,0.7168822270919042,0.9542923535040868
0.5599524702096541,0.623655559171149,0.535819898974778,0.6181967297164548,0.9999999999999999,0.9542923535040868
0.6211017770613622,0.6615700128225177,0.632568741316537,0.6413293212853209,0.36876296848261825,0.9542923535040868
0.6676917204275703,0.6615699967532029,0.6472276434208923,0.6644619128541872,0.22815785473959613,0.9542923535040868
0.6676917018041432,0.6674029732391537,0.6530911921883241,0.6702450460093028,0.14376577030989815,0.9542923535040868
0.6735154499270648,0.6878184597341603,0.6794772463926956,0.6875945044230535,0.13494186365408242,0.9542923535040868
0.6909866840887591,0.6994844500569181,0.702931513841732,0.6875945044230535,0.09932523066749643,0.9542923535040868
0.6793392116362279,0.6819854817541009,0.6794772632753204,0.6731366420610625,0.1230658843229843,0.9542923535040868
0.6764273152780444,0.6761524623452305,0.6618865389555761,0.6528955875955522,0.12195331813810167,0.9542923535040868
0.6560442480274219,0.6557370188752948,0.6618865780720228,0.6500040504921963,0.0891170887458379,0.9542923535040868
0.6531323552410027,0.6528205006998976,0.6560229907409393,0.6471124544404366,0.14899231217673437,0.9542923535040868
0.650220500264845,0.6469875229691703,0.6442958740466378,0.6326545920784457,0.1657127660183222,0.9542923535040868
0.6356611556993689,0.6294885546501373,0.6325687574700737,0.6181967297164548,0.24844168856604643,0.9542923535040868
0.6240136668522404,0.6353215513848284,0.6355005422974508,0.6268714589233301,0.08744017941743486,0.9542923535040868
0.6356611350774484,0.6294885339954609,0.6296369535415556,0.6153051336646951,0.09313608841464308,0.9542923535040868
0.6181898816948336,0.6207390220711781,0.6267051512675175,0.6210882668198107,0.0858060476761442,0.9542923535040868
0.6327492452547003,0.632405014143378,0.6413640701879783,0.629762996026686,0.07009369338337497,0.9542923535040868
0.6298373712281322,0.629488514882483,0.6355005016305055,0.6210882668198107,0.11111384044057704,0.9542923535040868
0.6298373930564917,0.6353215322535741,0.6384323069869301,0.6326545920784457,0.09300670889342547,0.9542923535040868
0.6385729900326048,0.6353215117527828,0.632568719807992,0.629762996026686,0.08919224610525073,0.9542923535040868
0.6211017728351823,0.6236555386574602,0.6296369535415556,0.6153051336646951,0.1347561684512992,0.9542923535040868
0.6065424076765904,0.6090730473605364,0.6061826824875639,0.5979556752509444,0.1089905229151788,0.9542923535040868
0.6065423888750477,0.6061565307373662,0.6120462307102956,0.60373880840606,0.07189921460908333,0.9542923535040868
0.6065424046330067,0.6003235513360814,0.5885919784742842,0.5806062168371938,0.15109539234444483,0.9542923535040868
0.594894919376736,0.6061565511881944,0.6032509004354655,0.6066304044578197,0.07694124760100081,0.9542923535040868
0.6065423871789857,0.6032400314404706,0.6091144455781015,0.5950640791991847,0.07168609429743361,0.9542923535040868
0.5861592976412525,0.5857410630965458,0.5885919784742842,0.5806062168371938,0.10497354698214241,0.9542923535040868
0.5919830642200032,0.5974070757597159,0.6003191342629142,0.5921725420958288,0.09070376737255034,0.9542923535040868
0.5948949341162141,0.5915740776845277,0.5885919973827334,0.5748230836820782,0.06400825014267336,0.9542923535040868
0.5774237004295875,0.5944905767317437,0.5885919986820396,0.5834978128889535,0.06893779133944371,0.9542923535040868
0.5803355527864656,0.5944905560402672,0.5915237619729838,0.5806062168371938,0.07532525969763712,0.9542923535040868
0.5803355703112987,0.5769915877695548,0.573933078239073,0.5661483544752028,0.08915428361358817,0.9542923535040868
0.5686880413552349,0.5711585528591155,0.5797966061079983,0.5690398915785588,0.11228516474674621,0.9542923535040868
0.5599524654241165,0.5828245858455745,0.5710012972457158,0.5834978128889535,0.21931789776561425,0.9542923535040868
0.5861592976412525,0.588657560744453,0.5915237619729838,0.5806062168371938,0.10183919898026048,0.9542923535040868
0.5715999119301725,0.5740750486319769,0.5739330375082292,0.5603651623716834,0.1978770453513603,0.9542923535040868
0.5605543939964602,0.5664391773114501,0.5654870897222274,0.5641076786323428,0.1690713299865861,0.9542923535040868
0.5666330806083024,0.5725275193140122,0.5777275937599111,0.5641076786323428,0.10513502713969233,0.9542923535040868
0.5787904538319868,0.5847042033191366,0.5838478457787529,0.5701439951817933,0.09267181551568904,0.9542923535040868
0.5787904538319868,0.5786158613165744,0.5838478457787529,0.5791984700059689,0.05075068733742946,0.9542923535040868
0.584869140443829,0.5816600323178556,0.5777275937599111,0.5701439951817933,0.04041511984633006,0.9542923535040868
0.5727117672201446,0.5694833483127312,0.5777275937599111,0.5701439951817933,0.04547732041194327,0.9542923535040868
0.5909478270556712,0.6090575713293853,0.5991484758258576,0.6003255779290456,0.11416242391625808,0.9542923535040868
0.6061445435852766,0.6029692293268231,0.5777275937599111,0.567125836907068,0.12729284028802923,0.9542923535040868
0.5757511105260656,0.5907925453216988,0.5807877197693321,0.5942892613795951,0.11677381068189148,0.9542923535040868
0.5909478270556712,0.5907925453216988,0.5930282238070157,0.5791984700059689,0.05719168001750741,0.9542923535040868
0.5939871703615922,0.6029692293268231,0.6052687278446994,0.6003255779290456,0.07328079808322913,0.9542923535040868
0.6061445435852766,0.6029692293268231,0.5899680977975948,0.5761803117312437,0.07318986954161825,0.9542923535040868
0.5818297971379078,0.5847042033191366,0.5838478457787529,0.5731621534565184,0.08542684146347079,0.9542923535040868
0.5727117672201446,0.5725275193140122,0.5746674677504902,0.5610895203576175,0.10944014117580722,0.9542923535040868
0.5666330806083024,0.5755716903152933,0.5746674677504902,0.567125836907068,0.09590811792992207,0.9542923535040868
0.5696724239142235,0.5694833483127312,0.5746674677504902,0.5701439951817933,0.07826407295386008,0.9542923535040868
0.5696724239142235,0.5694833483127312,0.5777275937599111,0.5641076786323428,0.06676492717970647,0.9542923535040868
0.5666330806083024,0.5725275193140122,0.5746674677504902,0.5610895203576175,0.06693219940859461,0.9542923535040868
0.5605543939964602,0.5573066643076069,0.5287655776091763,0.515817146236739,0.30356371494802414,0.9542923535040868
0.5149642444076438,0.5116440992883906,0.5165250735714926,0.5067626714125634,0.19069389991607777,0.9542923535040868
0.5149642444076438,0.5146882702896717,0.5165250735714926,0.5097808296872886,0.12148778912729116,0.9542923535040868
0.5119249011017227,0.5116440992883906,0.5165250735714926,0.5067626714125634,0.12285534601903958,0.9542923535040868
0.5058462144898805,0.5025115862845474,0.49816431751496704,0.49167188003893714,0.2117284001447599,0.9542923535040868
0.487610154654354,0.4994674152832662,0.49816431751496704,0.4977081965883876,0.14484832937820927,0.9542923535040868
0.49976752787803835,0.5146882702896717,0.5073446955432298,0.5037445131378381,0.12556115052588518,0.9542923535040868
0.5058462144898805,0.5055557572858285,0.5104048215526508,0.5037445131378381,0.06339394166086179,0.9542923535040868
0.5119249011017227,0.5451299803024825,0.5226453255903345,0.5369442541598156,0.16656803862460218,0.9542923535040868
0.5392789908550125,0.5573066643076069,0.5440662076562809,0.5309079376103651,0.140813418959222,0.9542923535040868
0.5392789908550125,0.5390416382999204,0.5348858296280181,0.52788977933564,0.08813808912169448,0.9542923535040868
0.5271216176313281,0.5238207832935149,0.5287655776091763,0.5248716210609147,0.07494409953318695,0.9542923535040868
0.5271216176313281,0.5299091252960771,0.5257054515997553,0.5218534627861895,0.10281945471626038,0.9542923535040868
0.5240822743254071,0.5177324412909527,0.5348858296280181,0.5218534627861895,0.0,0.9542923535040868
0.5240822743254071,0.5177324412909527,0.5348858296280181,0.5218534627861895,0.0,0.9542923535040868
0.5058462144898805,0.5207766122922338,0.5104048215526508,0.5248716210609147,0.1456729668119895,0.9542923535040868
0.5180035877135649,0.5299091252960771,0.5165250735714926,0.5037445131378381,0.1289818222470529,0.9542923535040868
0.5088855577958016,0.5177324412909527,0.5073446955432298,0.5067626714125634,0.13615352310764306,0.9542923535040868
0.5119249011017227,0.5238207832935149,0.5134649475620717,0.5037445131378381,0.14722754480236963,0.9542923535040868
0.49976752787803835,0.5025115862845474,0.501224443524388,0.4977081965883876,0.2016197004117395,0.9542923535040868
0.5058462144898805,0.526864954294796,0.5134649475620717,0.5218534627861895,0.1836569519440913,0.9542923535040868
0.5180035877135649,0.5177324412909527,0.5165250735714926,0.5067626714125634,0.15712472925555693,0.9542923535040868
0.5088855577958016,0.5025115862845474,0.5195851995809135,0.5067626714125634,0.0,0.9542923535040868
0.5088855577958016,0.5025115862845474,0.5195851995809135,0.5067626714125634,0.0,0.9542923535040868
0.4815314680425118,0.490334902279423,0.4859238134772833,0.4735629303905857,0.707629218669116,0.9542923535040868
0.4815314680425118,0.490334902279423,0.4859238134772833,0.48865372176421196,0.24166559315625596,0.9542923535040868
0.48457081134843283,0.48424656027686086,0.4645029314113368,0.45243582246750913,0.24656938405996845,0.9542923535040868
0.4480986916773797,0.4568490212653311,0.4369617973265485,0.4403631893686082,0.38385347762243704,0.9542923535040868
0.42986263184185314,0.42945148225380136,0.4094206632417602,0.3981089735224549,0.39959151242427216,0.9542923535040868
0.3842724822530367,0.3898772592371472,0.3818795291569719,0.3709455490499278,0.4920422522532204,0.9542923535040868
0.3721151090293523,0.4020539432422716,0.3782073779456667,0.40716344834663065,0.5393590786949891,0.9542923535040868
0.4116265720063266,0.4690257052704554,0.4216611672794439,0.46752661384113525,0.5215418298507166,0.9542923535040868
0.4693740948188274,0.490334902279423,0.46756305742075777,0.48865372176421196,0.37894961693473256,0.9542923535040868
0.5119249011017227,0.5177324412909527,0.5104048215526508,0.5007263548631129,0.2902122926735043,0.9542923535040868
0.5240822743254071,0.5573066643076069,0.5348858296280181,0.5429805707092661,0.3352388084969547,0.9542923535040868
0.5605543939964602,0.5725275193140122,0.5563067116939646,0.5429805707092661,0.3262361850375584,0.9542923535040868
0.5423183341609337,0.5390416382999204,0.5318257036185973,0.5188353045114642,0.1622403145750706,0.9542923535040868
0.5180035877135649,0.5420858093012014,0.5287655776091763,0.5459987289839914,0.2558249744904617,0.9542923535040868
0.5605543939964602,0.5542624933063258,0.5379459556374391,0.5369442541598156,0.13496335712362667,0.9542923535040868
0.5301609609372493,0.5299091252960771,0.5318257036185973,0.5248716210609147,0.10088106476973306,0.9542923535040868
0.5271216176313281,0.5299091252960771,0.5134649475620717,0.5007263548631129,0.10113710223647925,0.9542923535040868
0.49976752787803835,0.526864954294796,0.5104048215526508,0.5127989879620137,0.1381269446181678,0.9542923535040868
0.5180035877135649,0.526864954294796,0.5257054515997553,0.5188353045114642,0.0553023482173749,0.9542923535040868
