Date,Close,High,Low,Open,Volume,Laba Bersih (Juataan Rp)
2017-02-01,2468.3837890625,2480.3856551357376,2468.3837890625,2480.3856551357376,43359000,31427640.0
2017-02-02,2472.38427734375,2476.3848991517493,2444.379924687753,2452.381168303752,61584000,31427640.0
2017-02-03,2476.385009765625,2480.3856317523223,2468.3837657922304,2472.384387778928,44754000,31427640.0
2017-02-06,2496.387939453125,2508.38980454665,2480.385452661759,2492.387317755284,63275000,31427640.0
2017-02-07,2500.38916015625,2500.38916015625,2468.3841789062503,2468.3841789062503,47873500,31427640.0
2017-02-08,2496.387939453125,2504.389182848808,2484.386074359601,2500.388561150967,73968000,31427640.0
2017-02-09,2500.38916015625,2504.3897828125,2496.3885375,2496.3885375,134806500,31427640.0
2017-02-10,2400.373291015625,2512.390711263021,2400.373291015625,2500.3888448079424,82921000,31427640.0
2017-02-13,2484.386474609375,2504.389586321206,2456.382118212812,2480.385852267009,98775500,31427640.0
2017-02-14,2480.3857421875,2488.3869865171373,2460.382631363407,2472.384497857863,68492000,31427640.0
2017-02-15,2480.3857421875,2480.3857421875,2480.3857421875,2480.3857421875,0,31427640.0
2017-02-16,2480.3857421875,2496.388230846774,2460.382631363407,2496.388230846774,109934500,31427640.0
2017-02-17,2476.385009765625,2492.387497712414,2456.3818998321385,2472.384387778928,54111500,31427640.0
2017-02-20,2472.38427734375,2496.3880081917478,2464.383033727751,2496.3880081917478,49225000,31427640.0
2017-02-21,2480.3857421875,2484.3863643523187,2464.383253528226,2464.383253528226,47016500,31427640.0
2017-02-22,2480.3857421875,2492.387608681956,2464.383253528226,2464.383253528226,47767500,31427640.0
2017-02-23,2480.3857421875,2492.387608681956,2464.383253528226,2464.383253528226,81655500,31427640.0
2017-02-24,2480.3857421875,2496.388230846774,2480.3857421875,2484.3863643523187,33280500,31427640.0
2017-02-27,2480.3857421875,2484.3863643523187,2464.383253528226,2480.3857421875,28618000,31427640.0
2017-02-28,2472.38427734375,2488.386764575748,2464.383033727751,2480.385520959749,110184500,31427640.0
2017-03-01,2480.3857421875,2484.3863643523187,2464.383253528226,2464.383253528226,102209000,46683830.0
2017-03-02,2480.3857421875,2508.39009734123,2476.385120022682,2504.3894751764115,78309500,46683830.0
2017-03-03,2476.385009765625,2488.386875725717,2468.3837657922304,2472.384387778928,88454000,46683830.0
2017-03-06,2476.385009765625,2476.385009765625,2456.3818998321385,2464.383143805533,44661500,46683830.0
2017-03-07,2472.38427734375,2480.385520959749,2464.383033727751,2464.383033727751,52582000,46683830.0
2017-03-08,2480.3857421875,2484.3863643523187,2472.384497857863,2480.3857421875,87391500,46683830.0
2017-03-09,2500.38916015625,2512.391028125,2480.3860468750004,2500.38916015625,47322000,46683830.0
2017-03-10,2500.38916015625,2512.391028125,2476.3854242187504,2512.391028125,34386000,46683830.0
2017-03-13,2488.38671875,2504.389205687299,2476.384853547026,2496.3879622186496,24933000,46683830.0
2017-03-14,2508.39013671875,2544.3957367673443,2504.3895144911285,2512.3907589463715,62225000,46683830.0
2017-03-15,2504.389404296875,2524.3925145548374,2484.386294038913,2524.3925145548374,70286000,46683830.0
2017-03-16,2540.39453125,2560.3976377952754,2528.3926673228343,2544.395152559055,186021500,46683830.0
2017-03-17,2552.397216796875,2592.403442765478,2540.395349006294,2560.3984619905955,223808500,46683830.0
2017-03-20,2572.400146484375,2596.4038803551466,2552.3970349253987,2576.4007687961703,191276500,46683830.0
2017-03-21,2600.404296875,2604.4049188701924,2584.4018088942307,2596.403674879808,133231500,46683830.0
2017-03-22,2612.40576171875,2616.406383099636,2568.3989265290006,2568.3989265290006,178821000,46683830.0
2017-03-23,2656.412841796875,2680.41657229504,2620.407246049628,2624.407867799322,195774000,46683830.0
2017-03-24,2648.41162109375,2688.417838935045,2632.409133957232,2688.417838935045,86403000,46683830.0
2017-03-27,2648.41162109375,2660.4134864461384,2640.4103775254907,2648.41162109375,74524000,46683830.0
2017-03-29,2672.41552734375,2692.418637578359,2660.4136612029847,2668.414905296828,112645500,46683830.0
2017-03-30,2692.41845703125,2700.4197005885494,2672.4153481380013,2692.41845703125,96488000,46683830.0
2017-03-31,2648.41162109375,2720.4228132080816,2648.41162109375,2692.4184607191746,81642500,46683830.0
2017-04-03,2652.412841796875,2712.4221821090214,2652.412841796875,2652.412841796875,186889000,46683830.0
2017-04-04,2680.41650390625,2704.4202337919774,2664.414017315765,2680.41650390625,74096500,46683830.0
2017-04-05,2680.41650390625,2680.41650390625,2680.41650390625,2680.41650390625,0,46683830.0
2017-04-06,2772.430908203125,2780.432151805443,2752.4277991973304,2752.4277991973304,117034500,46683830.0
2017-04-07,2776.431396484375,2796.4345045282107,2752.4276668317725,2796.4345045282107,133337000,46683830.0
2017-04-10,2776.431396484375,2840.441342224649,2760.4289100493065,2820.438234180813,79805500,46683830.0
2017-04-11,2792.43408203125,2816.437813395416,2760.4291068790294,2800.435325819305,88702000,46683830.0
2017-04-12,2824.439208984375,2832.440453202461,2788.433610002988,2792.4342321120307,56825500,46683830.0
2017-04-13,2776.431396484375,2832.4400990071144,2752.4276668317725,2832.4400990071144,52786000,46683830.0
2017-04-17,2728.867919921875,2797.3919297278894,2692.5905029657497,2797.3919297278894,93984000,46683830.0
2017-04-18,2728.867919921875,2749.022040453056,2716.7754476031664,2736.9295681343474,102219500,46683830.0
2017-04-19,2728.867919921875,2728.867919921875,2728.867919921875,2728.867919921875,0,46683830.0
2017-04-20,2793.36083984375,2845.7615482390875,2761.114250062004,2773.206721230159,146846500,46683830.0
2017-04-21,2817.5458984375,2821.576722326538,2744.9910684348174,2753.0527162128933,86655500,46683830.0
2017-04-25,2805.453125,2845.7613595545977,2789.329831178161,2845.7613595545977,111180500,46683830.0
2017-04-26,2902.193359375,2902.193359375,2789.3302842881944,2845.761821831597,82166000,46683830.0
2017-04-27,2825.607421875,2841.730716721648,2805.4533033166904,2805.4533033166904,68316500,46683830.0
2017-04-28,2861.884765625,2865.915589238556,2825.607353102993,2825.607353102993,68971000,46683830.0
2017-05-02,2886.0693359375,2894.13098212727,2861.8843973681915,2861.8843973681915,138473000,46683830.0
2017-05-03,2861.884765625,2878.0080600792253,2861.884765625,2869.9464128521126,43521500,46683830.0
2017-05-04,2873.977294921875,2902.1930607906734,2865.91564753079,2869.9464712263325,123050500,46683830.0
2017-05-05,2865.916015625,2873.977664051512,2833.669421918952,2861.885191411744,33583500,46683830.0
2017-05-08,2894.1318359375,2926.378430209784,2873.9777145173225,2882.039363085393,64042500,46683830.0
2017-05-09,2902.193359375,2958.6248969184026,2878.0084147135417,2950.5632486979166,50148500,46683830.0
2017-05-10,2890.1005859375,2914.2855280792364,2861.8848201054743,2861.8848201054743,78922000,46683830.0
2017-05-12,2902.193359375,2990.8714898003477,2878.0084147135417,2986.840665690104,141996500,46683830.0
2017-05-15,2942.50146484375,2942.50146484375,2902.1932255993147,2902.1932255993147,41290500,46683830.0
2017-05-16,2805.453125,2894.131241020115,2777.2373608117814,2886.069594109196,237774500,46683830.0
2017-05-17,2732.8984375,2809.4840869284662,2728.8676138458704,2805.453263274336,166786000,46683830.0
2017-05-18,2805.453125,2813.5147719109195,2708.7133620689656,2708.7133620689656,203136500,46683830.0
2017-05-19,2886.0693359375,2914.285097601693,2757.0829969011875,2805.452874039805,182948000,46683830.0
2017-05-22,2845.76171875,2942.501493891643,2809.484303071884,2926.3781980347026,81751500,46683830.0
2017-05-23,2853.823486328125,2861.8851345945886,2793.361124329648,2845.7618380616614,87609500,46683830.0
2017-05-24,2817.5458984375,2817.5458984375,2801.422602881348,2813.515074548462,97663500,46683830.0
2017-05-26,2833.668701171875,2857.8536402999425,2813.514585231819,2821.5762316078417,126066500,46683830.0
2017-05-29,2865.916015625,2894.131785117792,2825.60777349244,2849.792718771976,103340500,46683830.0
2017-05-30,2837.69970703125,2869.9462946111503,2837.69970703125,2853.8230008212004,56862000,46683830.0
2017-05-31,2765.1455078125,2845.7619949207365,2765.1455078125,2837.700346209913,1062861500,46683830.0
2017-06-01,2765.1455078125,2765.1455078125,2765.1455078125,2765.1455078125,0,101150200.0
2017-06-02,2829.638671875,2845.761969150641,2793.361253004808,2809.4845502804487,241656500,101150200.0
2017-06-05,2857.854248046875,2873.9775442276755,2817.546007594874,2869.9467201824755,102575000,101150200.0
2017-06-06,2829.638671875,2849.7927934695517,2821.57702323718,2821.57702323718,87003500,101150200.0
2017-06-07,2869.94677734375,2878.0084255947154,2837.7001843398875,2845.761832590853,74324000,101150200.0
2017-06-08,2890.1005859375,2910.2547043889467,2878.008114866632,2878.008114866632,92743000,101150200.0
2017-06-09,2853.823486328125,2918.316672459834,2825.6077173955023,2918.316672459834,101066500,101150200.0
2017-06-12,2861.884765625,2886.069707306338,2837.699823943662,2853.823118397888,38489500,101150200.0
2017-06-13,2882.039306640625,2894.1317792559003,2857.854361410074,2861.885185615166,49797000,101150200.0
2017-06-14,2898.162841796875,2898.162841796875,2853.8237718945584,2853.8237718945584,79121500,101150200.0
2017-06-15,2910.255126953125,2918.316775504242,2882.0393570242168,2902.1934784020086,116159000,101150200.0
2017-06-16,2869.94677734375,2926.378315100509,2869.94677734375,2926.378315100509,607322000,101150200.0
2017-06-19,2890.1005859375,2910.2547043889467,2882.038938556921,2902.193057008368,56511500,101150200.0
2017-06-20,2918.316650390625,2930.409122698873,2890.1008816713784,2890.1008816713784,87824500,101150200.0
2017-06-21,2934.4404296875,2938.4712544535546,2910.2554810911747,2918.317130623283,68809000,101150200.0
2017-06-22,2926.378173828125,2954.593941344374,2898.162406311876,2942.501469551696,82107500,101150200.0
2017-06-23,2926.378173828125,2926.378173828125,2926.378173828125,2926.378173828125,0,101150200.0
2017-06-26,2926.378173828125,2926.378173828125,2926.378173828125,2926.378173828125,0,101150200.0
2017-06-27,2926.378173828125,2926.378173828125,2926.378173828125,2926.378173828125,0,101150200.0
2017-06-28,2926.378173828125,2926.378173828125,2926.378173828125,2926.378173828125,0,101150200.0
2017-06-29,2926.378173828125,2926.378173828125,2926.378173828125,2926.378173828125,0,101150200.0
2017-06-30,2926.378173828125,2926.378173828125,2926.378173828125,2926.378173828125,0,101150200.0
2017-07-03,2982.8095703125,2982.8095703125,2914.2855666701857,2966.6862753378377,213038500,101150200.0
2017-07-04,2990.871337890625,3019.087105229216,2970.71721836306,2982.809690079599,64599000,101150200.0
2017-07-05,2958.624755859375,3011.025466794214,2950.5631080232456,2990.871347203891,56981000,101150200.0
2017-07-06,2938.470458984375,2958.6245773587534,2918.3163406099966,2934.4396353094994,89306500,101150200.0
2017-07-07,2982.8095703125,2990.871217799831,2954.593804106841,2958.6246278505064,82260000,101150200.0
2017-07-10,2950.563232421875,3006.9947696539875,2942.501584245859,2982.80982512594,40506000,101150200.0
2017-07-11,2954.59423828125,2974.748359961204,2942.5017652732777,2954.59423828125,61603500,101150200.0
2017-07-12,2970.71728515625,2978.778933148533,2918.316573206411,2934.439869190977,89196500,101150200.0
2017-07-13,2982.8095703125,2986.840394056165,2946.53215661951,2982.8095703125,64456000,101150200.0
2017-07-14,2966.6865234375,2990.8714679220448,2950.5632271144705,2990.8714679220448,41700000,101150200.0
2017-07-17,2950.563232421875,2966.686528773907,2942.501584245859,2942.501584245859,61702000,101150200.0
2017-07-18,2958.624755859375,2958.624755859375,2930.408988432923,2934.439812350988,39056500,101150200.0
2017-07-19,2978.77880859375,2978.77880859375,2950.563041800576,2958.624689455768,45057500,101150200.0
2017-07-20,2974.747802734375,2982.809449896257,2958.624508410612,2978.778626315316,59790000,101150200.0
2017-07-21,2938.470458984375,2978.778695733132,2938.470458984375,2974.747872058256,25438500,101150200.0
2017-07-24,2994.902099609375,3002.963747253007,2934.439742282133,2958.62468521303,91781000,101150200.0
2017-07-25,2994.902099609375,3011.025394896639,2966.686332856662,3006.9945710748234,64479500,101150200.0
2017-07-26,3027.14892578125,3047.3030464588883,2990.8715085615013,3006.994805103612,118081000,101150200.0
2017-07-27,3031.17919921875,3039.240846025183,3015.0559056058846,3027.1483758155337,63409500,101150200.0
2017-07-28,3031.17919921875,3063.4257864444817,3015.0559056058846,3063.4257864444817,84735000,101150200.0
2017-07-31,3015.05615234375,3035.210271009149,2994.9020336783506,2998.93285741143,65311000,101150200.0
2017-08-01,3051.333740234375,3059.3953881610178,3019.087148527803,3043.272092307732,88810000,143839800.0
2017-08-02,3051.333740234375,3059.3953881610178,3035.210444381089,3051.333740234375,62681500,143839800.0
2017-08-03,3023.117919921875,3071.487806640625,2990.871328776041,3071.487806640625,43917500,143839800.0
2017-08-04,2994.902099609375,3023.117866362088,2990.8712757875587,3023.117866362088,70007000,143839800.0
2017-08-07,3002.964111328125,3023.1182328806626,2994.90246270711,3023.1182328806626,57609000,143839800.0
2017-08-08,3063.426513671875,3071.488162392064,3015.0566213507404,3015.0566213507404,58013000,143839800.0
2017-08-09,3059.395751953125,3067.457400838377,3023.118331969491,3067.457400838377,62335500,143839800.0
2017-08-10,3035.21044921875,3071.487864946464,3019.087153339766,3071.487864946464,38466500,143839800.0
2017-08-11,3011.025390625,3035.2103335215866,2994.902095360609,3019.087038257196,68837000,143839800.0
2017-08-14,3023.117919921875,3035.2103916015626,3006.9946243489585,3011.0254482421874,32254000,143839800.0
2017-08-15,3011.025390625,3031.1795097054887,2982.809623912316,3015.056214441098,42814000,143839800.0
2017-08-16,3047.30322265625,3051.334047024843,3006.994978970321,3019.0874520761,54188500,143839800.0
2017-08-17,3047.30322265625,3047.30322265625,3047.30322265625,3047.30322265625,0,143839800.0
2017-08-18,3015.05615234375,3047.302742208389,3002.9636811445102,3023.1177998099097,54443500,143839800.0
2017-08-21,3031.17919921875,3035.210022621967,3015.0559056058846,3031.17919921875,20734000,143839800.0
2017-08-22,3031.17919921875,3043.2716694283995,3031.17919921875,3031.17919921875,35817000,143839800.0
2017-08-23,3087.611083984375,3087.611083984375,3039.2411975511995,3047.302845290062,48576500,143839800.0
2017-08-24,3055.36474609375,3087.6113397200693,3043.2722734838803,3087.6113397200693,57641000,143839800.0
2017-08-25,3079.549560546875,3095.6728566753927,3059.395440386228,3079.549560546875,43855500,143839800.0
2017-08-28,3075.518310546875,3079.549134020724,3043.2717227560825,3047.3025462299315,28840500,143839800.0
2017-08-29,3075.518310546875,3075.518310546875,3047.3025462299315,3071.487487073026,32155000,143839800.0
2017-08-30,3079.549560546875,3095.6728566753927,3051.333792321969,3095.6728566753927,42254000,143839800.0
2017-08-31,3055.36474609375,3095.672988126649,3055.36474609375,3055.36474609375,65610500,143839800.0
2017-09-01,3055.36474609375,3055.36474609375,3055.36474609375,3055.36474609375,0,161587090.0
2017-09-04,3043.271484375,3063.425600165562,3015.055722268212,3059.39477700745,37213500,161587090.0
2017-09-05,3063.426513671875,3063.426513671875,3011.0257969906456,3063.426513671875,73701500,161587090.0
2017-09-06,3047.30322265625,3067.4573444992147,3031.1799251818784,3063.426520130622,59771000,161587090.0
2017-09-07,3055.36474609375,3079.5496913134893,3023.1181524674307,3079.5496913134893,44964000,161587090.0
2017-09-08,3039.2412109375,3067.456978147796,3015.05626761439,3019.087091501575,51583000,161587090.0
2017-09-11,3047.30322265625,3067.4573444992147,3047.30322265625,3059.395695762029,36496500,161587090.0
2017-09-12,3067.45703125,3079.5495031208934,3051.333735422142,3055.3645593791066,52225000,161587090.0
2017-09-13,3071.487548828125,3083.580019492803,3039.2409603889846,3039.2409603889846,29835000,161587090.0
2017-09-14,3079.549560546875,3087.611208611134,3071.487912482616,3083.580384579004,37754000,161587090.0
2017-09-15,3043.271484375,3067.456423323675,3035.2098380587745,3063.425600165562,163473500,161587090.0
2017-09-18,3059.395751953125,3063.426576395751,3035.210805297369,3063.426576395751,30903500,161587090.0
2017-09-19,3075.518310546875,3091.641604442272,3035.210075808384,3039.240899282233,59579500,161587090.0
2017-09-20,3071.487548828125,3079.54919593791,3059.395078163448,3079.54919593791,76382000,161587090.0
2017-09-21,3071.487548828125,3071.487548828125,3071.487548828125,3071.487548828125,0,161587090.0
2017-09-22,3204.505615234375,3220.628913927378,3067.4575763438484,3079.550050363601,125871000,161587090.0
2017-09-25,3172.2587890625,3192.4129109752225,3164.197140297412,3184.3512622101334,97549500,161587090.0
2017-09-26,3168.227294921875,3188.3814125740496,3160.1656478610053,3172.25811845231,99934500,161587090.0
2017-09-27,3184.351318359375,3192.412967266614,3168.2280205448974,3192.412967266614,122173500,161587090.0
2017-09-28,3196.443359375,3200.474183283417,3168.2275920160782,3196.443359375,101703500,161587090.0
2017-09-29,3273.029052734375,3285.121524604084,3196.443397559556,3220.628341298973,188602500,161587090.0
2017-10-02,3277.06005859375,3321.399124577184,3260.936761872502,3313.337476216559,52865500,161587090.0
2017-10-03,3281.09033203125,3305.275273053593,3256.9053910089065,3277.059508527526,48209500,161587090.0
2017-10-04,3277.06005859375,3313.337476216559,3268.998410233126,3313.337476216559,101610500,161587090.0
2017-10-05,3268.998291015625,3277.059939082248,3236.751698749133,3277.059939082248,120569000,161587090.0
2017-10-06,3297.214111328125,3309.3065836190594,3240.782573970431,3264.9675185523,100290500,161587090.0
2017-10-09,3281.09033203125,3289.151979038698,3264.9670380163543,3273.028685023802,65156500,161587090.0
2017-10-10,3285.121826171875,3289.1526504984663,3256.906055885736,3256.906055885736,55606000,161587090.0
2017-10-11,3285.121826171875,3293.183474825057,3256.906055885736,3256.906055885736,67298000,161587090.0
2017-10-12,3353.64501953125,3357.6758428720327,3285.121022737944,3285.121022737944,103676500,161587090.0
2017-10-13,3333.49169921875,3377.830766560233,3313.3375776998946,3353.645820737606,55690000,161587090.0
2017-10-16,3341.552978515625,3393.953688673289,3333.4913307990614,3353.6454500904706,54328000,161587090.0
2017-10-17,3305.275146484375,3345.583379978087,3232.720326195694,3345.583379978087,115934500,161587090.0
2017-10-18,3256.9052734375,3337.5217406017946,3236.7511566464264,3337.5217406017946,124576000,161587090.0
2017-10-19,3277.06005859375,3281.0908827740623,3248.844289331565,3256.9059376921896,68639000,161587090.0
2017-10-20,3281.09033203125,3377.8300961206232,3281.09033203125,3305.275273053593,60758000,161587090.0
2017-10-23,3385.892333984375,3446.354697091239,3329.460795084636,3329.460795084636,62843500,161587090.0
2017-10-24,3321.398681640625,3426.200096352586,3321.398681640625,3385.8918599249087,65380000,161587090.0
2017-10-25,3393.95458984375,3393.95458984375,3289.1531417013066,3321.3997411297505,69421500,161587090.0
2017-10-26,3349.614501953125,3385.891915331679,3321.398735992028,3353.6453256618533,41336000,161587090.0
2017-10-27,3273.029052734375,3345.583883952625,3256.9057569080974,3345.583883952625,101701000,161587090.0
2017-10-30,3293.183349609375,3301.244997956032,3273.0292287427324,3277.060052916061,55210500,161587090.0
2017-10-31,3369.76904296875,3373.7998671828277,3309.306679757588,3357.6765703265173,78009000,161587090.0
2017-11-01,3438.29345703125,3446.355106402953,3385.892736115182,3385.892736115182,103776500,204871220.0
2017-11-02,3462.47802734375,3486.6629728199578,3450.385554605646,3466.5088515897846,95839000,204871220.0
2017-11-03,3389.92333984375,3466.509003883026,3337.5226223431923,3466.509003883026,70070000,204871220.0
2017-11-06,3385.892333984375,3418.1389276413693,3385.892333984375,3418.1389276413693,38234000,204871220.0
2017-11-07,3393.95458984375,3397.9854147723054,3345.584690701084,3361.7079904153056,49234500,204871220.0
2017-11-08,3353.64501953125,3406.045722961426,3353.64501953125,3369.7683128943813,61518000,204871220.0
2017-11-09,3353.64501953125,3393.9532529390776,3349.6141961904677,3377.8299595759468,51541000,204871220.0
2017-11-10,3329.4609375,3369.7691812953994,3321.3992887409204,3353.64588377724,79178500,204871220.0
2017-11-13,3301.2451171875,3337.5225360576924,3289.152644230769,3309.306765825321,56963000,204871220.0
2017-11-14,3301.2451171875,3313.337590144231,3293.18346854968,3305.2759415064106,54986000,204871220.0
2017-11-15,3389.92333984375,3410.077461959349,3305.276026958234,3321.3993246507134,94253500,204871220.0
2017-11-16,3389.92333984375,3418.139110805588,3377.8308665743903,3418.139110805588,61512500,204871220.0
2017-11-17,3414.107666015625,3418.138489706316,3357.676134345945,3410.0768423249333,126881500,204871220.0
2017-11-20,3389.92333984375,3430.231584074948,3389.92333984375,3414.1082863824686,90902500,204871220.0
2017-11-21,3406.0458984375,3422.169192631287,3365.737662953032,3422.169192631287,63695000,204871220.0
2017-11-22,3414.107666015625,3422.169313397008,3385.891900180785,3385.891900180785,86719000,204871220.0
2017-11-23,3385.892333984375,3426.2005760556176,3361.707388741629,3426.2005760556176,66003500,204871220.0
2017-11-24,3385.892333984375,3393.953982398624,3349.614916120257,3365.7382129487537,60888000,204871220.0
2017-11-27,3434.26220703125,3434.26220703125,3357.6765474847784,3357.6765474847784,78146500,204871220.0
2017-11-28,3434.26220703125,3434.26220703125,3393.953965164686,3434.26220703125,77432000,204871220.0
2017-11-29,3426.97900390625,3451.2551243589505,3386.5188031517487,3447.2091042835004,103370500,204871220.0
2017-11-30,3293.460205078125,3447.208961580544,3293.460205078125,3447.208961580544,205897500,204871220.0
2017-12-01,3293.460205078125,3293.460205078125,3293.460205078125,3293.460205078125,0,222061630.0
2017-12-04,3366.289306640625,3422.933597858136,3342.0131818331206,3370.335327441876,128402500,222061630.0
2017-12-05,3398.6572265625,3418.8873291015625,3382.47314453125,3406.749267578125,62670500,222061630.0
2017-12-06,3447.209228515625,3459.3472891794127,3398.6569858604757,3422.93310718805,106299500,222061630.0
2017-12-07,3394.611083984375,3447.2093486945023,3378.427002535105,3447.2093486945023,69664000,222061630.0
2017-12-08,3418.886962890625,3435.071043188332,3402.702882592918,3414.840942816198,40480000,222061630.0
2017-12-11,3410.794921875,3439.1170623887897,3398.6568616548043,3439.1170623887897,32973500,222061630.0
2017-12-12,3439.116943359375,3439.116943359375,3374.380624425552,3426.978883559283,67854000,222061630.0
2017-12-13,3386.51904296875,3426.9792465884484,3386.51904296875,3426.9792465884484,61131000,222061630.0
2017-12-14,3414.841064453125,3422.9331048902177,3378.426882486208,3386.5189229233006,75550000,222061630.0
2017-12-15,3414.841064453125,3414.841064453125,3382.4729027047542,3382.4729027047542,64630500,222061630.0
2017-12-18,3414.841064453125,3414.841064453125,3374.380862267661,3382.4729027047542,76474000,222061630.0
2017-12-19,3414.841064453125,3439.117185764403,3390.564943141847,3390.564943141847,76553500,222061630.0
2017-12-20,3386.51904296875,3406.749144778599,3378.4270022448104,3406.749144778599,102963500,222061630.0
2017-12-21,3414.841064453125,3422.9331048902177,3390.564943141847,3390.564943141847,61100000,222061630.0
2017-12-22,3479.57763671875,3507.899780273437,3394.6112060546875,3426.9793701171875,94573000,222061630.0
2017-12-25,3479.57763671875,3479.57763671875,3479.57763671875,3479.57763671875,0,222061630.0
2017-12-26,3479.57763671875,3479.57763671875,3479.57763671875,3479.57763671875,0,222061630.0
2017-12-27,3483.623291015625,3511.9454315929875,3463.3931906032226,3479.5772709331445,86689000,222061630.0
2017-12-28,3548.359375,3560.4974344355755,3475.531018386545,3479.5770381984034,106501000,222061630.0
2017-12-29,3544.314453125,3681.879169342181,3503.854242472888,3568.590579516267,81347000,222061630.0
2018-01-01,3544.314453125,3544.314453125,3544.314453125,3544.314453125,0,19895200.0
2018-01-02,3544.314453125,3645.46497975528,3532.1763899293665,3544.314453125,82303500,19895200.0
2018-01-03,3544.314453125,3552.406495255422,3451.2559686251425,3548.360474190212,68214000,19895200.0
2018-01-04,3596.912353515625,3596.912353515625,3544.3140851290077,3544.3140851290077,76567000,19895200.0
2018-01-05,3600.9580078125,3625.2341292134834,3588.819947112009,3609.050048279495,65268000,19895200.0
2018-01-08,3617.141845703125,3653.556025357854,3596.9117458949418,3600.9577658565786,57928000,19895200.0
2018-01-09,3645.46484375,3649.510864664262,3633.3267810072143,3641.4188228357375,61213000,19895200.0
2018-01-10,3633.326171875,3677.832394470351,3613.096070695295,3645.464232582823,47292000,19895200.0
2018-01-11,3673.786865234375,3673.786865234375,3609.0505328073377,3633.3266574674767,57569000,19895200.0
2018-01-12,3629.280029296875,3677.8322704914817,3613.0959488986728,3673.7862503919314,66590500,19895200.0
2018-01-15,3637.37255859375,3641.4185792373473,3609.050414088571,3633.326537950153,41875000,19895200.0
2018-01-16,3657.602783203125,3669.740845536764,3633.326658535848,3633.326658535848,50055000,19895200.0
2018-01-17,3584.774169921875,3673.78662109375,3584.774169921875,3673.78662109375,183003000,19895200.0
2018-01-18,3653.556640625,3657.602661267996,3600.9583722660577,3600.9583722660577,84980500,19895200.0
2018-01-19,3633.326171875,3665.694333762528,3625.2341314031178,3661.648313526586,50450500,19895200.0
2018-01-22,3637.37255859375,3653.5566411681375,3629.280517306556,3649.5106205245415,81367500,19895200.0
2018-01-23,3665.6943359375,3673.786376414184,3645.464234745792,3665.6943359375,68752000,19895200.0
2018-01-24,3653.556640625,3661.648681910991,3641.418578696013,3661.648681910991,94254500,19895200.0
2018-01-25,3653.556640625,3665.694702553986,3633.326537410022,3649.510619982004,53653500,19895200.0
2018-01-26,3673.786865234375,3698.062989894514,3645.464719797546,3661.6488029043057,58121000,19895200.0
2018-01-29,3689.970703125,3694.016723632813,3649.510498046875,3689.970703125,114814500,19895200.0
2018-01-30,3689.970703125,3795.167236328125,3665.694580078125,3673.78662109375,114055000,19895200.0
2018-01-31,3677.832763671875,3706.154908166598,3673.786743029772,3689.970825598185,106803000,19895200.0
2018-02-01,3783.02880859375,3791.120848826036,3698.062386154746,3698.062386154746,138208000,32622020.0
2018-02-02,3880.13330078125,3997.4678844336554,3819.4429988920742,3823.48901901802,98474000,32622020.0
2018-02-05,3851.8115234375,3888.225708007813,3803.25927734375,3843.719482421875,49501500,32622020.0
2018-02-06,3807.305419921875,3831.581543747094,3770.8912341840464,3795.1673580092656,117589500,32622020.0
2018-02-07,3803.25927734375,3880.133666992188,3799.2132568359375,3827.535400390625,121947000,32622020.0
2018-02-08,3835.627685546875,3851.811768608254,3803.2595194241167,3811.3515609548062,68461000,32622020.0
2018-02-09,3815.39697265625,3839.673093373045,3778.982791581058,3787.074831819989,71076500,32622020.0
2018-02-12,3803.25927734375,3851.8115234375,3803.25927734375,3851.8115234375,38409500,32622020.0
2018-02-13,3851.8115234375,3872.0416259765625,3843.719482421875,3851.8115234375,59406000,32622020.0
2018-02-14,3835.627685546875,3863.949830904289,3811.3515609548062,3839.67370631222,75553000,32622020.0
2018-02-15,3795.1669921875,3872.0413768906574,3795.1669921875,3867.995356643124,52958500,32622020.0
2018-02-16,3795.1669921875,3795.1669921875,3795.1669921875,3795.1669921875,0,32622020.0
2018-02-19,3924.640380859375,3924.640380859375,3827.5358765906894,3831.581897601885,50185500,32622020.0
2018-02-20,3888.224609375,3916.546744927159,3863.948493187435,3900.362667468783,34830000,32622020.0
2018-02-21,3888.224609375,3912.500725562565,3839.67237699987,3876.0865512812175,62499000,32622020.0
2018-02-22,3867.99609375,3912.502324954237,3843.719967638598,3900.364261898536,47217000,32622020.0
2018-02-23,3924.640380859375,3961.054569960132,3876.088128725032,3888.226191758618,82233000,32622020.0
2018-02-26,3807.305419921875,3920.593997772898,3803.2593992843385,3908.455935860288,85227500,32622020.0
2018-02-27,3811.350830078125,3847.76500998333,3770.8906301834527,3839.672970004395,87429500,32622020.0
2018-02-28,3750.66015625,3795.166371696332,3734.4760779058793,3787.074332524272,132869000,32622020.0
2018-03-01,3750.66015625,3758.7521954220606,3738.522097491909,3738.522097491909,125474500,50683820.0
2018-03-02,3702.108642578125,3742.5688463221486,3681.8785407061137,3734.476805573344,151511000,50683820.0
2018-03-05,3702.108642578125,3770.8909889429647,3702.108642578125,3746.614866696551,87744000,50683820.0
2018-03-06,3685.9248046875,3754.7071555982434,3677.832763403883,3750.661134956435,75907000,50683820.0
2018-03-07,3657.602783203125,3746.615240316476,3645.4647208694864,3738.523198760716,106152000,50683820.0
2018-03-08,3770.890380859375,3787.074459747184,3681.8779469764286,3722.33814419595,102994500,50683820.0
2018-03-09,3770.890380859375,3770.890380859375,3718.292124473998,3770.890380859375,66797000,50683820.0
2018-03-12,3823.489013671875,3827.5350337921623,3778.98279234871,3787.0748325892855,111180500,50683820.0
2018-03-13,3795.1669921875,3835.6271946628463,3766.844850454757,3819.443113672708,80643000,50683820.0
2018-03-14,3787.0751953125,3819.443359375,3758.753051757813,3799.2132568359375,54505500,50683820.0
2018-03-15,3783.02880859375,3791.120848826036,3762.7987080130342,3787.074828709893,60774500,50683820.0
2018-03-16,3778.982666015625,3831.580925820982,3722.338386225241,3827.5349058359534,193122000,50683820.0
2018-03-19,3778.982666015625,3783.0286860006527,3754.70654610546,3770.89062604557,74200000,50683820.0
2018-03-20,3766.84423828125,3770.890257871241,3722.3380227913535,3766.84423828125,89683500,50683820.0
2018-03-21,3783.02880859375,3807.304929290609,3766.844728129178,3778.982788477607,67617500,50683820.0
2018-03-22,3795.1669921875,3803.259032682569,3778.982911197361,3799.213012435034,60791500,50683820.0
2018-03-23,3851.8115234375,3851.8115234375,3722.3388671875,3722.3388671875,62978000,50683820.0
2018-03-26,3766.84423828125,3795.166375411184,3754.706179511278,3787.0743362312032,100407000,50683820.0
2018-03-27,3795.1669921875,3847.76525540545,3791.120971939965,3827.535154167777,66088000,50683820.0
2018-03-28,3774.93701171875,3795.167113603631,3746.614869079917,3795.167113603631,36212500,50683820.0
2018-03-29,3770.890380859375,3774.9364005813272,3694.016006142285,3746.6142625276634,77650500,50683820.0
2018-03-30,3770.890380859375,3770.890380859375,3770.890380859375,3770.890380859375,0,50683820.0
2018-04-02,3787.0751953125,3799.2132568359375,3738.52294921875,3795.167236328125,37162500,50683820.0
2018-04-03,3787.0751953125,3803.25927734375,3774.9371337890634,3783.029174804688,56261000,50683820.0
2018-04-04,3770.890380859375,3803.258538634992,3726.384163917902,3803.258538634992,49877000,50683820.0
2018-04-05,3730.43115234375,3803.259526250678,3730.43115234375,3803.259526250678,22521500,50683820.0
2018-04-06,3677.832763671875,3742.569093945528,3657.602660461359,3742.569093945528,47941500,50683820.0
2018-04-09,3685.9248046875,3706.154907896542,3653.556639553032,3698.062866612925,51013000,50683820.0
2018-04-10,3770.890380859375,3795.166499191088,3689.969986420333,3702.108045586189,79533500,50683820.0
2018-04-11,3774.93701171875,3827.53527661944,3770.8909913417738,3803.259154357583,41891500,50683820.0
2018-04-12,3746.614990234375,3774.9371337890634,3730.430908203125,3774.9371337890634,45957000,50683820.0
2018-04-13,3734.384765625,3775.153158262828,3734.384765625,3766.999479735262,70179500,50683820.0
2018-04-16,3734.384765625,3734.384765625,3734.384765625,3734.384765625,0,50683820.0
2018-04-17,3734.384765625,3734.384765625,3734.384765625,3734.384765625,0,50683820.0
2018-04-18,3746.615478515625,3746.615478515625,3705.8470837548457,3722.154441659157,43716000,50683820.0
2018-04-19,3746.615478515625,3746.615478515625,3746.615478515625,3746.615478515625,0,50683820.0
2018-04-20,3746.615478515625,3746.615478515625,3746.615478515625,3746.615478515625,0,50683820.0
2018-04-23,3750.69140625,3783.3061141304343,3738.460890794837,3783.3061141304343,46236000,50683820.0
2018-04-24,3738.4609375,3771.075645787895,3730.307260428026,3766.998807251908,72223500,50683820.0
2018-04-25,3738.4609375,3738.4609375,3738.4609375,3738.4609375,0,50683820.0
2018-04-26,3738.4609375,3738.4609375,3738.4609375,3738.4609375,0,50683820.0
2018-04-27,3738.4609375,3738.4609375,3738.4609375,3738.4609375,0,50683820.0
2018-04-30,3603.926025390625,3652.848098133484,3497.92820111443,3506.0818799049066,90414000,50683820.0
2018-05-01,3603.926025390625,3603.926025390625,3603.926025390625,3603.926025390625,0,86870380.0
2018-05-02,3734.384765625,3734.384765625,3603.925909183952,3603.925909183952,82346000,86870380.0
2018-05-03,3636.540771484375,3730.308078372426,3636.540771484375,3718.07756008268,138704500,86870380.0
2018-05-04,3591.6943359375,3640.61639272666,3587.6174978717363,3636.539554660897,74133500,86870380.0
2018-05-07,3636.540771484375,3636.540771484375,3555.003982886071,3595.772377185223,49054500,86870380.0
2018-05-08,3591.6943359375,3591.6943359374995,3538.6954410825765,3587.6174978717363,70739000,86870380.0
2018-05-09,3734.384765625,3734.384765625,3510.1586061169487,3510.1586061169487,72094000,86870380.0
2018-05-10,3734.384765625,3734.384765625,3734.384765625,3734.384765625,0,86870380.0
2018-05-11,3709.9228515625,3758.844911143544,3677.308145175137,3709.9228515625,80000500,86870380.0
2018-05-14,3746.615478515625,3746.615478515625,3640.617652137599,3661.001849517989,57370500,86870380.0
2018-05-15,3620.23291015625,3701.7696874120215,3587.6181992539414,3697.692848549233,130583000,86870380.0
2018-05-16,3648.77001953125,3652.846857541899,3571.3100973289106,3571.3100973289106,87185000,86870380.0
2018-05-17,3587.618408203125,3632.463638305664,3587.618408203125,3620.233121004972,84030500,86870380.0
2018-05-18,3538.695556640625,3591.6944532262564,3538.695556640625,3587.617615027362,88681000,86870380.0
2018-05-21,3530.542236328125,3542.772752158361,3502.0043660575743,3514.2348818878104,82237000,86870380.0
2018-05-22,3587.618408203125,3603.9257646040487,3538.6963390003552,3579.464730002664,62761000,86870380.0
2018-05-23,3587.618408203125,3644.6941556063566,3587.618408203125,3603.9257646040487,79515500,86870380.0
2018-05-24,3661.001953125,3689.539830265173,3632.464075984828,3636.540915576281,77697000,86870380.0
2018-05-25,3677.30859375,3697.6927877286585,3648.770722179878,3656.924399771341,63913500,86870380.0
2018-05-28,3726.2314453125,3750.6924832467175,3652.848331509847,3669.1556901326585,64104500,86870380.0
2018-05-29,3726.2314453125,3726.2314453125,3726.2314453125,3726.2314453125,0,86870380.0
2018-05-30,3701.76953125,3746.614756848844,3661.0011443419608,3726.230563394824,109761500,86870380.0
2018-05-31,3701.76953125,3742.53791815804,3661.0011443419608,3730.307402085628,178023000,86870380.0
2018-06-01,3701.76953125,3701.76953125,3701.76953125,3701.76953125,0,108976220.0
2018-06-04,3738.4609375,3746.6146145719736,3718.0767448200654,3742.5377760359866,89585000,108976220.0
2018-06-05,3705.846435546875,3738.4611456506977,3652.847531628163,3718.076951835808,77233000,108976220.0
2018-06-06,3754.768310546875,3775.152503329431,3689.5388936426943,3705.84624786874,57913500,108976220.0
2018-06-07,3746.615478515625,3775.1533548481702,3734.384960087392,3775.1533548481702,40681500,108976220.0
2018-06-08,3628.38623046875,3750.691384304776,3603.925199701546,3726.2303535375695,170845000,108976220.0
2018-06-11,3628.38623046875,3628.38623046875,3628.38623046875,3628.38623046875,0,108976220.0
2018-06-12,3628.38623046875,3628.38623046875,3628.38623046875,3628.38623046875,0,108976220.0
2018-06-13,3628.38623046875,3628.38623046875,3628.38623046875,3628.38623046875,0,108976220.0
2018-06-14,3628.38623046875,3628.38623046875,3628.38623046875,3628.38623046875,0,108976220.0
2018-06-15,3628.38623046875,3628.38623046875,3628.38623046875,3628.38623046875,0,108976220.0
2018-06-18,3628.38623046875,3628.38623046875,3628.38623046875,3628.38623046875,0,108976220.0
2018-06-19,3628.38623046875,3628.38623046875,3628.38623046875,3628.38623046875,0,108976220.0
2018-06-20,3506.081298828125,3591.694911939044,3449.0055567541785,3587.6180732194766,253439000,108976220.0
2018-06-21,3449.005615234375,3579.4644564725545,3449.005615234375,3526.465552219544,90593500,108976220.0
2018-06-22,3575.3876953125,3575.3876953125,3440.852012364596,3489.774078891106,96509500,108976220.0
2018-06-25,3620.23291015625,3665.078137646925,3559.0803272144217,3575.387682665576,62513000,108976220.0
2018-06-26,3485.697265625,3636.5403051900585,3485.697265625,3603.9255939327486,54763500,108976220.0
2018-06-27,3481.62060546875,3538.696353099385,3481.62060546875,3489.7742837016976,67309500,108976220.0
2018-06-28,3416.391357421875,3485.697626009192,3412.314518093209,3485.697626009192,118098500,108976220.0
2018-06-29,3502.0048828125,3502.0048828125,3396.007063309444,3416.391259367724,119188000,108976220.0
2018-07-02,3497.927490234375,3530.542198768029,3493.8506516676684,3530.542198768029,59441500,108976220.0
2018-07-03,3359.3154296875,3526.465833349135,3359.3154296875,3522.3889942354367,73038000,108976220.0
2018-07-04,3461.236083984375,3489.7739551126324,3375.6224705996024,3420.467696658293,61994500,108976220.0
2018-07-05,3461.236083984375,3473.4666001822,3424.5445353909013,3432.6982128561176,34144000,108976220.0
2018-07-06,3412.31396484375,3432.6981581821237,3412.313964843749,3420.467642179099,37609000,108976220.0
2018-07-09,3571.310546875,3587.61790097032,3436.774875588613,3457.159068207762,80049500,108976220.0
2018-07-10,3571.310546875,3587.61790097032,3489.773776398402,3563.1568698273404,116639500,108976220.0
2018-07-11,3640.6171875,3661.001382278835,3506.081501959686,3506.081501959686,95570000,108976220.0
2018-07-12,3722.1533203125,3734.3838350561336,3616.1555258676754,3620.232364115553,79008000,108976220.0
2018-07-13,3754.768310546875,3762.921987659897,3718.0767635382736,3750.6914719903634,73936000,108976220.0
2018-07-16,3771.07666015625,3771.07666015625,3734.385103462838,3758.8461412584456,71571000,108976220.0
2018-07-17,3705.846435546875,3750.691661939632,3673.231725443052,3738.4611456506977,30322000,108976220.0
2018-07-18,3783.305908203125,3783.305908203125,3742.537525571626,3742.537525571626,80090500,108976220.0
2018-07-19,3783.305908203125,3783.305908203125,3758.844878624225,3766.998555150525,76925500,108976220.0
2018-07-20,3766.999267578125,3775.152945646476,3738.4613943388968,3775.152945646476,57104000,108976220.0
2018-07-23,3807.767822265625,3832.228857526432,3766.99943016428,3783.3067870048176,70157500,108976220.0
2018-07-24,3836.3046875,3836.304687500001,3799.613144261424,3832.2278493623808,88291000,108976220.0
2018-07-25,3844.458740234375,3844.458740234375,3819.997709013372,3836.305063160707,50131500,108976220.0
2018-07-26,3803.690673828125,3852.612740372538,3787.3833183133206,3787.3833183133206,54317500,108976220.0
2018-07-27,3787.383056640625,3807.767249625773,3771.075702252506,3799.613572431714,46642500,108976220.0
2018-07-30,3795.536865234375,3815.921058925215,3750.6916391145273,3815.921058925215,40096500,108976220.0
2018-07-31,3795.536865234375,3799.613703972543,3693.615896780176,3783.306349019871,66803000,108976220.0
2018-08-01,3828.1513671875,3828.1513671875,3791.459820537141,3815.92085163738,56594000,159391790.0
2018-08-02,3824.07470703125,3897.457803754664,3824.07470703125,3848.535739272388,79333000,159391790.0
2018-08-03,3824.07470703125,3856.6894166861007,3807.767352203824,3824.07470703125,41404000,159391790.0
2018-08-06,3881.15087890625,3881.15087890625,3815.92145237001,3815.92145237001,63000500,159391790.0
2018-08-07,3881.15087890625,3893.3813963817943,3864.84352227219,3864.84352227219,114379000,159391790.0
2018-08-08,3901.534423828125,3905.611262306524,3840.381846652135,3897.457585349725,64702500,159391790.0
2018-08-09,3930.072021484375,3930.072021484375,3897.4573159118895,3913.764668698133,65947500,159391790.0
2018-08-10,3893.38134765625,3925.9960605161978,3864.843473903796,3913.765543193717,80348000,159391790.0
2018-08-13,3803.690673828125,3840.3822237364343,3758.845446162413,3836.3053848577338,80184000,159391790.0
2018-08-14,3832.22900390625,3897.4584337599736,3754.7690559549537,3824.075325174535,85527500,159391790.0
2018-08-15,3824.07470703125,3848.535739272388,3799.613674790112,3848.535739272388,57330500,159391790.0
2018-08-16,3811.845458984375,3828.152819236714,3783.307578542781,3824.0759791736295,52903500,159391790.0
2018-08-17,3811.845458984375,3811.845458984375,3811.845458984375,3811.845458984375,0,159391790.0
2018-08-20,3897.45751953125,3897.4575195312505,3819.997589749772,3832.228104978426,96832000,159391790.0
2018-08-21,3893.38134765625,3909.688704086224,3889.304508548757,3889.304508548757,67938000,159391790.0
2018-08-22,3893.38134765625,3893.38134765625,3893.38134765625,3893.38134765625,0,159391790.0
2018-08-23,4007.531982421875,4019.762497118992,3877.0731589859647,3881.149997218337,145868000,159391790.0
2018-08-24,4089.068115234375,4154.297516873208,4007.531363185833,4011.60820078826,103975000,159391790.0
2018-08-27,4040.1474609375,4133.914758214556,4023.840104889316,4093.146368094097,91285000,159391790.0
2018-08-28,4072.761962890625,4093.146156899087,4003.455703261856,4093.146156899087,63353500,159391790.0
2018-08-29,4044.22412109375,4044.22412109375,3991.225216281029,3995.302055112777,87695500,159391790.0
2018-08-30,4089.068115234375,4101.298628041656,4064.607089619812,4072.7607648246662,96273500,159391790.0
2018-08-31,4044.22412109375,4084.9925094112273,4044.22412109375,4076.838831747732,111563000,159391790.0
2018-09-03,4040.1474609375,4089.069529082051,4011.609587853178,4084.9926900700048,38489500,159391790.0
2018-09-04,4036.0703125,4060.53134469697,3995.301925505051,4048.300828598485,42271500,159391790.0
2018-09-05,3913.764892578125,3995.301661173503,3856.6891545613607,3995.301661173503,95608500,159391790.0
2018-09-06,4027.91748046875,4109.454271571356,3848.536540043016,3917.842812480232,95265000,159391790.0
2018-09-07,4052.37744140625,4052.37744140625,3974.917510433696,4048.3006029340095,72551500,159391790.0
2018-09-10,4036.0703125,4036.0703125,3938.2261837121214,4011.609280303031,66696500,159391790.0
2018-09-11,4036.0703125,4036.0703125,4036.0703125,4036.0703125,0,159391790.0
2018-09-12,3897.45751953125,4048.300540684656,3885.227004302596,4036.070025456002,87900500,159391790.0
2018-09-13,3913.764892578125,3974.917469024658,3897.4575388590497,3946.379600016276,94051000,159391790.0
2018-09-14,3909.68798828125,3946.379533531022,3864.8427663093066,3897.457473197993,72473500,159391790.0
2018-09-17,3901.534423828125,3909.6881007849233,3872.99655447933,3872.99655447933,39478000,159391790.0
2018-09-18,3913.764892578125,3954.533276875814,3864.8428314208986,3864.8428314208986,75119500,159391790.0
2018-09-19,3913.764892578125,3950.456438446045,3885.227023569743,3925.995407867432,111558500,159391790.0
2018-09-20,3905.61181640625,3950.457046030956,3897.4581382926663,3946.3802069741646,60786000,159391790.0
2018-09-21,3864.843505859375,3938.2266104010087,3864.843505859375,3897.4582189889898,152052000,159391790.0
2018-09-24,3901.534423828125,3925.995454698521,3881.150231436128,3897.457585349725,59902000,159391790.0
2018-09-25,3901.534423828125,3913.7649392633225,3885.227069914528,3913.7649392633225,42771000,159391790.0
2018-09-26,3946.3798828125,3962.687237700155,3881.15046326188,3881.15046326188,71715500,159391790.0
2018-09-27,3913.764892578125,3934.1490847269697,3889.303861999512,3897.4575388590497,71001000,159391790.0
2018-09-28,3938.226806640625,3938.226806640625,3897.45841319714,3897.45841319714,96975000,159391790.0
2018-10-01,3905.61181640625,3946.3802069741646,3905.61181640625,3913.765494519833,36388000,199845780.0
2018-10-02,3905.61181640625,3946.3802069741646,3872.997103951918,3925.996011690207,50639500,199845780.0
2018-10-03,3901.534423828125,3909.6881007849233,3868.9197160009294,3872.99655447933,33524500,199845780.0
2018-10-04,3848.535888671875,3901.534793918416,3832.228533211401,3901.534793918416,67869500,199845780.0
2018-10-05,3758.845458984375,3840.3822368365295,3746.614942306552,3840.3822368365295,98249500,199845780.0
2018-10-08,3824.07470703125,3905.611481168377,3762.9221264284047,3762.9221264284047,57250000,199845780.0
2018-10-09,3872.99658203125,3872.99658203125,3815.920842927632,3832.228196957237,36940000,199845780.0
2018-10-10,3811.845458984375,3934.1506608769214,3791.4612586689504,3897.459100309157,59394500,199845780.0
2018-10-11,3705.846435546875,3799.613727095366,3665.078047917096,3750.691661939632,102336000,199845780.0
2018-10-12,3791.4599609375,3828.151508946573,3750.691574260753,3750.691574260753,82574500,199845780.0
2018-10-15,3889.3037109375,3889.3037109375,3828.151136866156,3832.2279751375786,65950000,199845780.0
2018-10-16,3930.072021484375,3930.072021484375,3832.2279047669217,3889.303639518769,47449000,199845780.0
2018-10-17,3917.841796875,3942.3028278648544,3877.07341189191,3938.2259893665455,38359000,199845780.0
2018-10-18,3848.535888671875,3893.3811161881786,3848.535888671875,3881.1505995928233,29360500,199845780.0
2018-10-19,3811.845458984375,3856.6906996783086,3787.3844186058654,3799.61493879512,45219500,199845780.0
2018-10-22,3775.15283203125,3848.535932437905,3775.15283203125,3811.8443822345776,63484000,199845780.0
2018-10-23,3742.5380859375,3819.998024535335,3730.307569316789,3815.921185661765,62162500,199845780.0
2018-10-24,3693.615478515625,3775.152244045771,3693.615478515625,3750.691214386728,59493500,199845780.0
2018-10-25,3734.384765625,3779.22999752661,3616.1564269753,3616.1564269753,87732500,199845780.0
2018-10-26,3848.535888671875,3848.535888671875,3750.691755909031,3766.9991113695046,83994000,199845780.0
2018-10-29,3771.07666015625,3840.3829339104727,3771.07666015625,3799.6145375844594,34553000,199845780.0
2018-10-30,3832.22900390625,3856.690040101396,3766.999574052527,3771.0764134183846,68882500,199845780.0
2018-10-31,3856.689208984375,3893.380755370061,3832.228178060584,3872.996562933569,128908500,199845780.0
2018-11-01,3881.15087890625,3921.9192704914,3868.920361430705,3889.30455722328,117906500,226028040.0
2018-11-02,3913.764892578125,3942.302761586507,3881.150185139974,3913.764892578125,114054500,226028040.0
2018-11-05,3942.3037109375,3954.5342291720526,3905.6121562338417,3913.7658350568768,76754500,226028040.0
2018-11-06,3978.994384765625,4031.99328538238,3954.533353711738,3962.687030729701,94410500,226028040.0
2018-11-07,3930.072021484375,4011.608785415586,3897.4573159118895,4011.608785415586,83875500,226028040.0
2018-11-08,3913.764892578125,3995.301661173503,3897.4575388590497,3978.994307454427,99739000,226028040.0
2018-11-09,3913.764892578125,3921.918569437663,3901.534377288818,3913.764892578125,62938500,226028040.0
2018-11-12,3864.843505859375,3942.3034495422103,3864.843505859375,3938.2266104010087,65125000,226028040.0
2018-11-13,3925.99560546875,3930.072444103712,3807.7672850548415,3864.8430259443135,61231500,226028040.0
2018-11-14,3921.9189453125,3954.533655876429,3897.457912389553,3925.995784132991,68511500,226028040.0
2018-11-15,3942.3037109375,3970.841586818123,3905.6121562338417,3958.61106858357,87085500,226028040.0
2018-11-16,4048.30126953125,4060.531786961858,3962.687647516994,3970.841325804066,134145500,226028040.0
2018-11-19,4093.146728515625,4142.0688009680025,4060.532013547373,4076.8393710314986,103822500,226028040.0
2018-11-20,4093.146728515625,4093.146728515625,4093.146728515625,4093.146728515625,0,226028040.0
2018-11-21,4044.22412109375,4084.9925094112273,4040.147282262002,4076.838831747732,107889000,226028040.0
2018-11-22,4093.146728515625,4109.454085999751,4027.9172985791206,4027.9172985791206,87270000,226028040.0
2018-11-23,4093.146728515625,4150.222479710065,4056.455174176341,4125.761443483877,57460000,226028040.0
2018-11-26,4113.5302734375,4142.068144511893,4044.224015113974,4044.224015113974,64336500,226028040.0
2018-11-27,4158.375,4158.375,4076.8382352941176,4109.452941176471,73989000,226028040.0
2018-11-28,4150.220703125,4178.758566506017,4142.0670278732805,4178.758566506017,90687500,226028040.0
2018-11-29,4272.52734375,4272.52734375,4158.375849833015,4158.375849833015,113847500,226028040.0
2018-11-30,4248.06640625,4272.52744121881,4203.221175473848,4272.52744121881,178034500,226028040.0
2018-12-03,4221.0712890625,4413.310000870579,4171.989064771075,4266.063327996306,100923000,226028040.0
2018-12-04,4286.51416015625,4331.506198096821,4216.98101061173,4221.071195879055,119232500,226028040.0
2018-12-05,4278.33447265625,4278.33447265625,4184.260196488856,4188.350382409178,74994000,226028040.0
2018-12-06,4302.8740234375,4302.8740234375,4188.348859315589,4229.250703644843,75450000,226028040.0
2018-12-07,4245.61083984375,4261.971575257406,4221.069736723266,4245.61083984375,71070000,226028040.0
2018-12-10,4237.43212890625,4257.883056169311,4188.349903474904,4188.349903474904,81221000,226028040.0
2018-12-11,4221.0712890625,4253.792771923449,4192.439991559169,4196.530176916787,93017000,226028040.0
2018-12-12,4225.16015625,4245.611076657793,4196.52886767909,4245.611076657793,121623000,226028040.0
2018-12-13,4225.16015625,4257.881628902468,4208.7994199237655,4253.791444820909,84280500,226028040.0
2018-12-14,4225.16015625,4237.430708494676,4204.709235842207,4221.069972168441,184435000,226028040.0
2018-12-17,4225.16015625,4253.791444820909,4212.889604005324,4241.5208925762345,101438500,226028040.0
2018-12-18,4143.35791015625,4184.259765142985,4073.824756678801,4171.9892086469645,132039000,226028040.0
2018-12-19,4278.33447265625,4278.33447265625,4122.907407684034,4122.907407684034,102220500,226028040.0
2018-12-20,4184.25927734375,4229.251312584005,4147.447612147177,4188.349462365592,94455000,226028040.0
2018-12-21,4229.25048828125,4233.340672505893,4122.905698440522,4122.905698440522,89979500,226028040.0
2018-12-24,4229.25048828125,4229.25048828125,4229.25048828125,4229.25048828125,0,226028040.0
2018-12-25,4229.25048828125,4229.25048828125,4229.25048828125,4229.25048828125,0,226028040.0
2018-12-26,4274.24267578125,4274.24267578125,4204.709541342703,4229.250647615131,66511500,226028040.0
2018-12-27,4249.701171875,4298.783379827358,4237.430619886911,4286.5128278392685,50265500,226028040.0
2018-12-28,4253.791015625,4286.512484975962,4237.430280949519,4249.70083195613,54467500,226028040.0
2018-12-31,4253.791015625,4253.791015625,4253.791015625,4253.791015625,0,226028040.0
2019-01-01,4253.791015625,4253.791015625,4253.791015625,4253.791015625,0,29104970.0
2019-01-02,4286.51416015625,4290.604345423574,4253.792678017652,4253.792678017652,35956000,29104970.0
2019-01-03,4237.43212890625,4270.153612527148,4184.259718022291,4253.792870716699,72358000,29104970.0
2019-01-04,4257.8818359375,4257.8818359375,4192.438887450468,4233.340730254863,51465000,29104970.0
2019-01-07,4290.6044921875,4356.0474587032295,4290.6044921875,4306.965233816432,73438000,29104970.0
2019-01-08,4286.51416015625,4351.957124433445,4257.882863284977,4278.333789621601,66247500,29104970.0
2019-01-09,4298.78466796875,4351.9570758503805,4274.243556638767,4335.596334963725,84871000,29104970.0
2019-01-10,4298.78466796875,4335.596334963725,4245.61226008712,4335.596334963725,114314500,29104970.0
2019-01-11,4294.69384765625,4335.595693824404,4282.423293805803,4319.234955357143,84826500,29104970.0
2019-01-14,4253.791015625,4282.422301307091,4212.889178936299,4270.151750300481,87547500,29104970.0
2019-01-15,4302.8740234375,4302.8740234375,4245.6114413765445,4278.332916839948,87763000,29104970.0
2019-01-16,4323.32568359375,4323.32568359375,4290.604202544791,4302.874757938151,94972500,29104970.0
2019-01-17,4360.13671875,4360.13671875,4323.325057897514,4327.415242436679,91654000,29104970.0
2019-01-18,4437.849609375,4437.849609375,4347.865561995967,4368.316481854839,100873500,29104970.0
2019-01-21,4536.01513671875,4581.007171438233,4409.219402509299,4437.850697330788,87118000,29104970.0
2019-01-22,4581.0068359375,4597.367574637277,4458.301295689174,4581.0068359375,91907000,29104970.0
2019-01-23,4499.203125,4581.006818181818,4478.752201704546,4581.006818181818,98512500,29104970.0
2019-01-24,4466.48193359375,4486.932858198117,4380.588050255409,4441.94082406851,106781000,29104970.0
2019-01-25,4499.203125,4515.563863636364,4417.399431818182,4417.399431818182,68944000,29104970.0
2019-01-28,4495.11376953125,4511.474511185595,4478.753027876905,4511.474511185595,69704000,29104970.0
2019-01-29,4531.9248046875,4540.105174371051,4450.1211078519855,4454.211292693762,77679000,29104970.0
2019-01-30,4515.564453125,4548.285934669384,4495.11352715976,4548.285934669384,76285000,29104970.0
2019-01-31,4609.638671875,4613.728857031943,4515.564413265306,4515.564413265306,135904500,29104970.0
2019-02-01,4609.638671875,4703.712930484694,4548.285894520852,4646.450338287488,57719500,38116130.0
2019-02-04,4499.203125,4609.638110795455,4499.203125,4609.638110795455,113846500,38116130.0
2019-02-05,4499.203125,4499.203125,4499.203125,4499.203125,0,38116130.0
2019-02-06,4527.8349609375,4531.925146087398,4495.113479738313,4499.203664888211,121996500,38116130.0
2019-02-07,4523.744140625,4527.83432520061,4503.293217746948,4527.83432520061,63697500,38116130.0
2019-02-08,4515.564453125,4527.835008704144,4499.203712352808,4523.744823511096,65268500,38116130.0
2019-02-11,4495.11376953125,4523.745067426354,4466.482471636146,4515.564696599181,37639000,38116130.0
2019-02-12,4466.48193359375,4523.7445224859775,4458.301563752003,4523.7445224859775,95883500,38116130.0
2019-02-13,4433.76025390625,4491.0228402113125,4425.579884434098,4466.481731794857,103115500,38116130.0
2019-02-14,4401.03857421875,4421.489496961402,4401.03857421875,4421.489496961402,108738500,38116130.0
2019-02-15,4384.6787109375,4425.580564584305,4364.227784114098,4384.6787109375,81340000,38116130.0
2019-02-18,4482.84228515625,4499.203023423243,4425.579701221773,4425.579701221773,62991000,38116130.0
2019-02-19,4401.03857421875,4482.842265189359,4401.03857421875,4433.760050606993,64469000,38116130.0
2019-02-20,4499.203125,4576.916633522727,4450.120909090909,4458.301278409091,89583000,38116130.0
2019-02-21,4503.29345703125,4548.285489753633,4474.662163480642,4531.924750581858,54561500,38116130.0
2019-02-22,4491.02392578125,4519.655225854537,4466.482811432719,4478.753368606985,48271500,38116130.0
2019-02-25,4491.02392578125,4499.204297230761,4462.392625707964,4491.02392578125,47887000,38116130.0
2019-02-26,4544.19482421875,4544.19482421875,4495.112611895956,4499.202796256189,98446000,38116130.0
2019-02-27,4552.37646484375,4556.466650346754,4536.015722831733,4552.37646484375,78519500,38116130.0
2019-02-28,4511.47314453125,4564.645538800431,4507.382960356697,4556.465170451325,99366000,38116130.0
2019-03-01,4531.9248046875,4581.007022788808,4527.834619845724,4552.375728896379,72589500,56198310.0
2019-03-04,4527.8349609375,4531.925146087398,4511.474220337906,4515.564405487805,63910500,56198310.0
2019-03-05,4495.11376953125,4503.294140358423,4450.121729981802,4499.203954944836,46499500,56198310.0
2019-03-06,4491.02392578125,4544.196340203069,4491.02392578125,4544.196340203069,37777000,56198310.0
2019-03-07,4491.02392578125,4491.02392578125,4491.02392578125,4491.02392578125,0,56198310.0
2019-03-08,4450.12060546875,4556.465399349438,4450.12060546875,4536.014477449306,61126000,56198310.0
2019-03-11,4503.29345703125,4523.74438099597,4466.481793894754,4523.74438099597,32469000,56198310.0
2019-03-12,4499.203125,4531.924602272728,4458.301278409091,4531.924602272728,40178500,56198310.0
2019-03-13,4499.203125,4503.2933096590905,4458.301278409091,4458.301278409091,17722000,56198310.0
2019-03-14,4482.84228515625,4495.112838856495,4458.301177755759,4458.301177755759,41096000,56198310.0
2019-03-15,4531.9248046875,4536.014989529275,4486.932771427967,4515.564065320397,41759500,56198310.0
2019-03-18,4540.10498046875,4548.285349802928,4527.834426467483,4544.19516513584,42791000,56198310.0
2019-03-19,4491.02392578125,4536.015968753558,4486.933740056495,4531.9257830288025,51527000,56198310.0
2019-03-20,4474.6630859375,4544.196241751885,4470.57290030136,4531.925684843464,42388500,56198310.0
2019-03-21,4478.7529296875,4515.56459760274,4470.572559039669,4491.023485659246,39866000,56198310.0
2019-03-22,4486.9326171875,4499.203171291021,4470.571878382805,4470.571878382805,29601000,56198310.0
2019-03-25,4462.39208984375,4499.203756946035,4450.121534142988,4450.121534142988,23054500,56198310.0
2019-03-26,4474.6630859375,4507.384571026623,4462.392529029079,4482.843457209781,19895500,56198310.0
2019-03-27,4486.9326171875,4507.383540693369,4466.481693681631,4507.383540693369,17804500,56198310.0
2019-03-28,4474.6630859375,4486.933642845921,4437.851415212237,4466.48271466522,32187500,56198310.0
2019-03-29,4507.3837890625,4523.744528768716,4466.48193979696,4511.473973989055,36234000,56198310.0
2019-04-01,4499.203125,4540.104971590909,4482.842386363636,4540.104971590909,21786000,76123770.0
2019-04-02,4499.203125,4556.465710227273,4482.842386363636,4523.744232954546,36853000,76123770.0
2019-04-03,4499.203125,4499.203125,4499.203125,4499.203125,0,76123770.0
2019-04-04,4531.9248046875,4548.285544054603,4491.022956269742,4531.9248046875,48112000,76123770.0
2019-04-05,4523.744140625,4548.285248078661,4519.653956049389,4548.285248078661,21913500,76123770.0
2019-04-08,4482.84228515625,4531.924499957231,4458.301177755759,4503.293207989992,39910000,76123770.0
2019-04-09,4527.8349609375,4540.105516387195,4511.474220337906,4527.8349609375,29447000,76123770.0
2019-04-10,4519.654296875,4544.1954061792985,4511.473927106901,4540.105221295249,19508500,76123770.0
2019-04-11,4482.84228515625,4548.2852382242245,4482.84228515625,4548.2852382242245,25356000,76123770.0
2019-04-12,4499.203125,4507.383494318182,4466.4816477272725,4466.4816477272725,18577000,76123770.0
2019-04-15,4503.29345703125,4556.465859339521,4491.022902652418,4548.285489753633,68152000,76123770.0
2019-04-16,4495.11376953125,4503.294140358423,4478.753027876905,4495.11376953125,71017000,76123770.0
2019-04-17,4495.11376953125,4495.11376953125,4495.11376953125,4495.11376953125,0,76123770.0
2019-04-18,4601.45849609375,4748.70516796875,4564.646828125,4581.007569444445,129332500,76123770.0
2019-04-19,4601.45849609375,4601.45849609375,4601.45849609375,4601.45849609375,0,76123770.0
2019-04-22,4601.45849609375,4646.450534722222,4568.737013454861,4601.45849609375,62837500,76123770.0
2019-04-23,4605.54833984375,4670.991300267818,4576.91704465822,4646.450190108792,48654000,76123770.0
2019-04-24,4647.6494140625,4655.904563998668,4622.883964253996,4655.904563998668,46975000,76123770.0
2019-04-25,4618.75634765625,4639.394222310657,4560.970298623911,4569.225448485674,61482500,76123770.0
2019-04-26,4639.39404296875,4660.031916825373,4598.1182952555055,4610.501019569479,66204500,76123770.0
2019-04-29,4693.05224609375,4701.307395163396,4618.755904466936,4631.138628071405,65480500,76123770.0
2019-04-30,4746.71044921875,4754.965597826087,4680.669260360054,4680.669260360054,107607500,76123770.0
2019-05-01,4746.71044921875,4746.71044921875,4746.71044921875,4746.71044921875,0,99233040.0
2019-05-02,4693.05224609375,4796.241609464325,4684.797097024104,4787.986460394679,80879500,99233040.0
2019-05-03,4684.796875,4746.710490088106,4635.265982929515,4688.924449339207,58244500,99233040.0
2019-05-06,4639.39404296875,4672.414641139347,4618.756169112127,4622.883743883453,36649500,99233040.0
2019-05-07,4672.4150390625,4713.690790290968,4664.159888816806,4684.79776443104,59177000,99233040.0
2019-05-08,4705.4345703125,4705.4345703125,4618.7555124383225,4622.883086622807,59062000,99233040.0
2019-05-09,4647.6494140625,4705.435463615675,4643.521839094416,4705.435463615675,126636500,99233040.0
2019-05-10,4631.138671875,4688.924715909091,4622.883522727273,4631.138671875,76130500,99233040.0
2019-05-13,4631.138671875,4701.307439630682,4622.883522727273,4688.924715909091,63720500,99233040.0
2019-05-14,4536.205078125,4647.649606886943,4536.205078125,4589.863554936306,114800500,99233040.0
2019-05-15,4507.3115234375,4585.735441885588,4494.9287994720125,4585.735441885588,72065000,99233040.0
2019-05-16,4358.71875,4523.821732954546,4358.71875,4507.311434659091,87939000,99233040.0
2019-05-17,4276.16796875,4383.484925494691,4276.16796875,4358.719473938224,74207000,99233040.0
2019-05-20,4441.27001953125,4449.525168266438,4243.1464498867335,4276.167044827486,54764500,99233040.0
2019-05-21,4507.3115234375,4536.204546023638,4457.780627575549,4515.566672747826,97371000,99233040.0
2019-05-22,4507.3115234375,4565.097568609775,4457.780627575549,4565.097568609775,38519000,99233040.0
2019-05-23,4627.01171875,4627.01171875,4408.250236953612,4490.801739518287,54926000,99233040.0
2019-05-24,4631.138671875,4647.648970170455,4627.011097301137,4631.138671875,37402000,99233040.0
2019-05-27,4693.05224609375,4705.434969698219,4565.097435514237,4569.22501004906,68564000,99233040.0
2019-05-28,4734.328125,4763.221147558849,4668.286930579773,4668.286930579773,209923000,99233040.0
2019-05-29,4738.4560546875,4866.410878463905,4730.200904766441,4787.98695421385,133044500,99233040.0
2019-05-30,4738.4560546875,4738.4560546875,4738.4560546875,4738.4560546875,0,99233040.0
2019-05-31,4804.4970703125,4845.772818339239,4734.328298667042,4738.455873469717,96875000,99233040.0
2019-06-03,4804.4970703125,4804.4970703125,4804.4970703125,4804.4970703125,0,99233040.0
2019-06-04,4804.4970703125,4804.4970703125,4804.4970703125,4804.4970703125,0,99233040.0
2019-06-05,4804.4970703125,4804.4970703125,4804.4970703125,4804.4970703125,0,99233040.0
2019-06-06,4804.4970703125,4804.4970703125,4804.4970703125,4804.4970703125,0,99233040.0
2019-06-07,4804.4970703125,4804.4970703125,4804.4970703125,4804.4970703125,0,99233040.0
2019-06-10,4854.0283203125,5109.937976655506,4796.242268880208,4953.090122767857,179238000,99233040.0
2019-06-11,4878.79248046875,4920.068220574239,4825.134018331615,4870.537332447652,72901000,99233040.0
2019-06-12,4825.134765625,4870.538086772883,4804.4968923759625,4821.007190975192,69255500,99233040.0
2019-06-13,4792.11376953125,4858.154958430906,4779.731046612565,4858.154958430906,78802500,99233040.0
2019-06-14,4787.9873046875,4825.135482051455,4779.732154162177,4825.135482051455,57220500,99233040.0
2019-06-17,4783.8583984375,4821.006565465918,4779.730824323231,4796.241120780306,83624000,99233040.0
2019-06-18,4870.5390625,4870.5390625,4783.859977489406,4783.859977489406,78788000,99233040.0
2019-06-19,4903.55859375,4920.068892045455,4862.282848011364,4870.537997159091,66944500,99233040.0
2019-06-20,4878.79248046875,4903.557924532043,4792.113426247224,4870.537332447652,59504500,99233040.0
2019-06-21,4854.0283203125,4899.431646437872,4821.007719494048,4878.79377092634,144149000,99233040.0
2019-06-24,4849.90087890625,4870.538754986702,4841.645728474069,4866.411179770612,30084000,99233040.0
2019-06-25,4878.79248046875,4920.068220574239,4849.899462394908,4895.3027765109455,40561500,99233040.0
2019-06-26,4841.64501953125,4903.5586387068415,4837.517444919544,4903.5586387068415,59334500,99233040.0
2019-06-27,4899.43115234375,4899.43115234375,4792.114210506397,4829.262382680866,77525000,99233040.0
2019-06-28,4948.962890625,4948.962890625,4920.069862906589,4936.580164459967,80919000,99233040.0
2019-07-01,4944.8349609375,4973.727986585715,4924.197085474489,4948.962536030103,56612500,152148570.0
2019-07-02,4953.0908203125,4953.0908203125,4911.8150634765625,4944.835668945312,48563500,152148570.0
2019-07-03,4953.0908203125,4953.0908203125,4903.559912109375,4911.8150634765625,43640000,152148570.0
2019-07-04,4944.8349609375,4961.345261307909,4924.197085474489,4953.090111122704,28224500,152148570.0
2019-07-05,4928.32470703125,4969.600458346419,4928.32470703125,4969.600458346419,32722500,152148570.0
2019-07-08,4854.0283203125,4920.069521949405,4841.645595005581,4899.431646437872,38361000,152148570.0
2019-07-09,4953.0908203125,4953.0908203125,4845.773852539062,4845.773852539062,47740500,152148570.0
2019-07-10,4953.0908203125,4986.11142578125,4948.963244628906,4953.0908203125,52183500,152148570.0
2019-07-11,4973.7275390625,4973.7275390625,4936.579366571577,4969.599964341287,34279500,152148570.0
2019-07-12,4961.34375,4977.854045341098,4948.961028494176,4953.088602329451,29838000,152148570.0
2019-07-15,5039.76953125,5048.024681997338,4981.983476018632,5002.621352886978,61453500,152148570.0
2019-07-16,5023.2578125,5039.768109336484,5010.875089872638,5019.13023829088,38075000,152148570.0
2019-07-17,5076.91748046875,5076.91748046875,4990.238401533918,5019.131427845528,45487000,152148570.0
2019-07-18,5072.7890625,5093.426935008137,4998.492721470708,5035.640891985354,43625500,152148570.0
2019-07-19,5118.19189453125,5126.447042748236,5076.91615344632,5114.064320422757,43973500,152148570.0
2019-07-22,5192.48974609375,5192.48974609375,5118.193390426271,5167.724294204591,37314500,152148570.0
2019-07-23,5147.08642578125,5192.48975431661,5122.320973852872,5151.214001102646,39129500,152148570.0
2019-07-24,5159.46923828125,5171.851964453125,5089.300456640625,5167.7243890625,51343500,152148570.0
2019-07-25,5159.46923828125,5180.107115234375,5118.1934843750005,5175.97953984375,53477500,152148570.0
2019-07-26,5114.06494140625,5159.468262112843,5109.937366796559,5159.468262112843,51797500,152148570.0
2019-07-29,5109.9375,5142.958097738288,5085.172051696284,5134.702948303716,68509500,152148570.0
2019-07-30,5134.70361328125,5159.4690647922525,5109.938161770248,5122.320887525749,38225500,152148570.0
2019-07-31,5109.9375,5151.213247172859,5101.682350565428,5109.9375,64129000,152148570.0
2019-08-01,5126.447265625,5175.978157080313,5105.809394185286,5109.936968473228,78228000,180149930.0
2019-08-02,5089.29931640625,5122.319912133135,5085.171741940389,5085.171741940389,62989500,180149930.0
2019-08-05,4953.0908203125,5130.576574707031,4953.0908203125,5130.576574707031,90924000,180149930.0
2019-08-06,4854.0283203125,4915.941946847098,4759.09409295945,4854.0283203125,183296000,180149930.0
2019-08-07,4961.34375,4994.364340682196,4874.664699459235,4932.450733153078,92102000,180149930.0
2019-08-08,4957.216796875,5019.130412156536,4936.578925114488,4961.344371227102,58295500,180149930.0
2019-08-09,5006.74755859375,5052.150875283389,4998.492410104725,4998.492410104725,48118500,180149930.0
2019-08-12,4986.10986328125,5019.130458402317,4953.089268160182,5010.875309622051,52705000,180149930.0
2019-08-13,4965.47265625,4986.110530964256,4953.089931421447,4953.089931421447,84406000,180149930.0
2019-08-14,4961.34375,5002.619488352745,4936.578306988353,4986.109193011647,81942000,180149930.0
2019-08-15,4953.0908203125,4953.0908203125,4837.518701171875,4887.049609375,52561500,180149930.0
2019-08-16,4920.068359375,4986.109545406879,4920.068359375,4986.109545406879,49821500,180149930.0
2019-08-19,4965.47265625,4977.855381078553,4924.1969068214885,4977.855381078553,30619000,180149930.0
2019-08-20,4940.70703125,4981.982779213659,4940.70703125,4981.982779213659,58393500,180149930.0
2019-08-21,4932.4521484375,4957.217598555178,4932.4521484375,4953.090023535565,55927500,180149930.0
2019-08-22,4953.0908203125,4953.0908203125,4887.049609375,4891.177185058594,65888000,180149930.0
2019-08-23,4948.962890625,4948.962890625,4874.6665336348,4887.049259799834,33083500,180149930.0
2019-08-26,4944.8349609375,4953.090111122704,4837.518008529842,4903.559210011477,41388500,180149930.0
2019-08-27,4957.216796875,4986.109817339717,4911.813479001873,4986.109817339717,123780000,180149930.0
2019-08-28,4948.962890625,4969.600767566722,4940.707739848312,4953.090466013345,55688000,180149930.0
2019-08-29,4957.216796875,4973.727094283409,4940.70649946659,4944.834073818693,51525500,180149930.0
2019-08-30,5035.64111328125,5035.64111328125,4957.217194303919,5019.13081454918,73650000,180149930.0
2019-09-02,4953.0908203125,5035.642333984375,4953.0908203125,5035.642333984375,42429000,180149930.0
2019-09-03,4998.4931640625,4998.4931640625,4953.08984052436,4953.08984052436,42743500,180149930.0
2019-09-04,4969.599609375,5002.62020478613,4957.216886095826,5002.62020478613,41979000,180149930.0
2019-09-05,4986.10986328125,5023.258032792452,4965.471991330583,5023.258032792452,53650500,180149930.0
2019-09-06,4973.7275390625,5002.620562110996,4973.7275390625,5002.620562110996,54349000,180149930.0
2019-09-09,4981.98291015625,4998.493209775657,4936.579586202879,4994.3656348708055,25912000,180149930.0
2019-09-10,4998.4931640625,4998.4931640625,4940.707115923049,4969.600139992775,40291000,180149930.0
2019-09-11,5035.64111328125,5035.64111328125,4961.344768986936,4994.365366451076,45243500,180149930.0
2019-09-12,4969.599609375,5039.768374623651,4961.344460522218,5035.64080019726,40034000,180149930.0
2019-09-13,4977.85546875,5027.386368936567,4961.345168687811,5019.131218905472,28419500,180149930.0
2019-09-16,4957.216796875,4965.471945579205,4940.70649946659,4953.089222522897,77289000,180149930.0
2019-09-17,4977.85546875,4981.983043765547,4940.707293610074,4944.834868625621,92037500,180149930.0
2019-09-18,4986.10986328125,4986.10986328125,4944.834119379915,4944.834119379915,28667000,180149930.0
2019-09-19,4977.85546875,4990.238193796641,4953.090018656716,4965.472743703358,61988500,180149930.0
2019-09-20,4944.8349609375,4994.365862048727,4944.8349609375,4994.365862048727,133433000,180149930.0
2019-09-23,4973.7275390625,4977.855113783714,4953.089665456432,4977.855113783714,47231500,180149930.0
2019-09-24,4907.6865234375,4953.089847035324,4903.558948564971,4936.579547545206,79718500,180149930.0
2019-09-25,4899.43115234375,4899.43115234375,4771.4763370761375,4870.538129541385,88620000,180149930.0
2019-09-26,5002.62109375,5002.62109375,4928.324740872525,4953.090191831683,109859000,180149930.0
2019-09-27,5010.87451171875,5015.002085451632,4953.088479458402,4957.216053191284,48010000,180149930.0
2019-09-30,5010.87451171875,5010.87451171875,4957.216053191284,5010.87451171875,73391000,180149930.0
2019-10-01,4986.10986328125,5006.747735231917,4961.344416940449,4961.344416940449,40057000,227559060.0
2019-10-02,4994.365234375,5010.875532670455,4961.344637784091,4961.344637784091,52376500,227559060.0
2019-10-03,4986.10986328125,4990.237437671383,4911.813524258847,4961.344416940449,50269000,227559060.0
2019-10-04,4990.23876953125,5006.749071498269,4936.580288138441,4936.580288138441,56890500,227559060.0
2019-10-07,5010.87451171875,5019.129659184514,4994.364216787222,5010.87451171875,56705500,227559060.0
2019-10-08,5035.64111328125,5035.64111328125,4965.472343669954,5019.13081454918,46997500,227559060.0
2019-10-09,5010.87451171875,5035.639954116042,4994.364216787222,5035.639954116042,41496500,227559060.0
2019-10-10,5043.8974609375,5043.8974609375,4969.60109899243,4969.60109899243,65806500,227559060.0
2019-10-11,5056.27880859375,5081.044255819516,5019.130637755102,5019.130637755102,40863500,227559060.0
2019-10-14,5118.19189453125,5118.19189453125,5060.405857012349,5060.405857012349,37514500,227559060.0
2019-10-15,5097.55517578125,5109.937900904605,5072.78972553454,5109.937900904605,40935000,227559060.0
2019-10-16,5130.5751953125,5130.5751953125,5097.554598721591,5118.192471590909,65776500,227559060.0
2019-10-17,5048.0244140625,5126.448341999693,5039.769263753322,5105.810466226748,45666500,227559060.0
2019-10-18,5085.17333984375,5093.42849136947,5068.663036792309,5085.17333984375,41008500,227559060.0
2019-10-21,5134.70361328125,5163.596640044087,5105.810586518413,5118.193312273915,59971500,227559060.0
2019-10-22,5200.744140625,5200.744140625,5138.830519903274,5175.97869233631,67259500,227559060.0
2019-10-23,5180.1064453125,5204.871894453437,5167.723720742032,5200.744319596613,62219000,227559060.0
2019-10-24,5200.744140625,5217.254439484127,5175.97869233631,5192.488991195436,73101000,227559060.0
2019-10-25,5118.19189453125,5221.381247243574,5097.554023988785,5217.25367313508,61929500,227559060.0
2019-10-28,5122.32080078125,5159.4689774186645,5118.193225599315,5118.193225599315,43249500,227559060.0
2019-10-29,5134.70361328125,5151.213914288585,5076.917559755577,5122.320887525749,79861500,227559060.0
2019-10-30,5171.8515625,5188.361862779329,5118.193086592179,5184.234287709497,60738000,227559060.0
2019-10-31,5192.48974609375,5200.7448967234695,5159.469143574871,5175.97944483431,58420500,227559060.0
2019-11-01,5221.3818359375,5221.3818359375,5180.106090198864,5200.743963068182,42080500,253985900.0
2019-11-04,5180.1064453125,5266.785517305777,5167.723720742032,5242.020068164841,43794500,253985900.0
2019-11-05,5250.27490234375,5250.27490234375,5175.978559386055,5242.019753126228,66161500,253985900.0
2019-11-06,5196.61669921875,5266.785471170076,5196.61669921875,5266.785471170076,63393000,253985900.0
2019-11-07,5188.361328125,5229.637074569909,5159.468305613564,5229.637074569909,61972000,253985900.0
2019-11-08,5184.23486328125,5213.1278919778815,5159.469410112709,5213.1278919778815,90040500,253985900.0
2019-11-11,5196.61669921875,5233.7648726047455,5171.851250294752,5229.637297784079,70207000,253985900.0
2019-11-12,5171.8515625,5184.234287709497,5134.703386871508,5134.703386871508,47635500,253985900.0
2019-11-13,5184.23486328125,5188.36243880934,5171.85213669698,5171.85213669698,40083500,253985900.0
2019-11-14,5175.978515625,5184.233664772728,5126.447620738637,5171.850941051137,37862000,253985900.0
2019-11-15,5180.1064453125,5192.489169882969,5163.59614588521,5184.234020169323,47138000,253985900.0
2019-11-18,5184.23486328125,5188.36243880934,5126.448805887988,5155.3418345846185,65599000,253985900.0
2019-11-19,5213.1279296875,5242.020958593132,5200.745203013658,5225.510656361343,60115000,253985900.0
2019-11-20,5242.0205078125,5242.0205078125,5163.596578955463,5163.596578955463,43229500,253985900.0
2019-11-21,5200.744140625,5242.019887772817,5200.744140625,5242.019887772817,57523500,253985900.0
2019-11-22,5204.87109375,5208.998667971848,5175.978074197066,5184.233222640762,56035000,253985900.0
2019-11-25,5180.1064453125,5229.637343594372,5180.1064453125,5225.50976873755,55133500,253985900.0
2019-11-26,5188.361328125,5225.509499925418,5175.978604191528,5225.509499925418,192783500,253985900.0
2019-11-27,5200.744140625,5200.744140625,5151.213244047619,5175.97869233631,58833500,253985900.0
2019-11-28,5159.46923828125,5196.617416796875,5155.341662890625,5196.617416796875,44248000,253985900.0
2019-11-29,5184.23486328125,5196.61758986552,5138.831532472258,5142.959108000348,52954500,253985900.0
2019-12-02,5303.93310546875,5303.93310546875,5175.978299033317,5184.233447835603,49909000,253985900.0
2019-12-03,5262.65771484375,5299.805886948529,5237.892266773897,5299.805886948529,42823000,253985900.0
2019-12-04,5254.40283203125,5283.29585624509,5246.147682255867,5250.275257143559,37552000,253985900.0
2019-12-05,5233.76513671875,5270.913311979372,5225.509986660834,5250.275436834582,54168000,253985900.0
2019-12-06,5295.87451171875,5295.87451171875,5233.764959196638,5250.327506535868,69920500,253985900.0
2019-12-09,5295.87451171875,5295.87451171875,5266.890053875098,5275.171327544713,51667500,253985900.0
2019-12-10,5271.03076171875,5300.015219952868,5266.890124828162,5295.874583062279,57654000,253985900.0
2019-12-11,5283.4521484375,5287.592784917467,5258.6083295577,5271.0302389976,48469000,253985900.0
2019-12-12,5250.32763671875,5304.155916905929,5250.32763671875,5300.015279968455,79198500,253985900.0
2019-12-13,5266.8896484375,5316.577286630307,5258.608375405365,5295.874104049971,70822500,253985900.0
2019-12-16,5266.8896484375,5295.874104049971,5250.327102373231,5250.327102373231,78684000,253985900.0
2019-12-17,5382.82763671875,5382.82763671875,5271.030447340745,5295.874267202524,102914500,253985900.0
2019-12-18,5594.00048828125,5631.266220623612,5333.140361884715,5382.828005007865,181804000,253985900.0
2019-12-19,5465.640625,5565.015909090909,5457.359351325757,5548.453361742424,74171000,253985900.0
2019-12-20,5515.32861328125,5581.578806834178,5473.922242310669,5531.891161669481,99453000,253985900.0
2019-12-23,5515.32861328125,5573.297532640062,5507.047339087134,5531.891161669481,46558500,253985900.0
2019-12-26,5531.890625,5569.156355258234,5515.328078218563,5515.328078218563,38188500,253985900.0
2019-12-27,5544.31298828125,5548.453625315067,5523.609803112164,5523.609803112164,29945000,253985900.0
2019-12-30,5536.0322265625,5565.016688481675,5523.610314311424,5531.891589145474,61168000,253985900.0
2020-01-02,5540.171875,5614.703335201793,5531.890601644245,5544.312511677877,49445000,253985900.0
2020-01-03,5631.26611328125,5631.26611328125,5569.156560561237,5589.859744801241,47755500,253985900.0
2020-01-06,5577.43701171875,5589.858920430818,5540.171285582544,5565.015103006682,27300000,253985900.0
2020-01-07,5581.5791015625,5606.422925456694,5573.297826931102,5577.4384642468,45022500,253985900.0
2020-01-08,5531.890625,5585.718902039671,5523.6093516092815,5523.6093516092815,53692500,253985900.0
2020-01-09,5581.5791015625,5594.001013509597,5573.297826931102,5581.5791015625,40363500,253985900.0
2020-01-10,5569.15625,5651.968982342008,5556.734340148699,5602.2813429368025,73362000,253985900.0
2020-01-13,5585.71923828125,5598.141149115086,5577.4379643920265,5581.578601336639,67855000,253985900.0
2020-01-14,5689.23486328125,5701.656773463087,5581.578308371998,5585.718945099276,93582000,253985900.0
2020-01-15,5660.25048828125,5846.5791437111375,5631.266030769934,5689.234945792567,75623500,253985900.0
2020-01-16,5672.67236328125,5705.797457373404,5627.12535890454,5635.406632427578,88931500,253985900.0
2020-01-17,5693.3759765625,5705.797887784091,5631.266420454545,5664.391517045454,38249500,253985900.0
2020-01-20,5660.25048828125,5776.188318326514,5656.109851493919,5755.48513438986,93554500,253985900.0
2020-01-21,5656.109375,5709.937648700586,5651.968738561493,5701.6563758235725,103984500,253985900.0
2020-01-22,5664.39013671875,5709.937133432131,5660.249500653897,5676.8120449133085,94311500,253985900.0
2020-01-23,5664.39013671875,5709.937133432131,5656.108864589044,5701.655861302425,87728000,253985900.0
2020-01-24,5639.54736328125,5697.516278909691,5639.54736328125,5647.828636942456,69653500,253985900.0
2020-01-27,5664.39013671875,5747.202858015808,5643.686956394486,5685.093317043014,39679000,253985900.0
2020-01-28,5622.9853515625,5668.532361037602,5594.000890987436,5660.251086587583,82615000,253985900.0
2020-01-29,5618.84375,5668.531388172439,5606.42184045689,5631.26565954311,43821000,253985900.0
2020-01-30,5581.5791015625,5668.532485192182,5573.297826931102,5668.532485192182,71990000,253985900.0
2020-01-31,5366.2646484375,5635.406008119936,5366.2646484375,5631.26537181713,163136500,253985900.0
2020-02-03,5333.140625,5453.219101805124,5275.171705163043,5366.265722049689,149797000,253985900.0
2020-02-04,5465.640625,5482.203172348485,5399.39043560606,5440.796803977273,113316500,253985900.0
2020-02-05,5573.29736328125,5614.703732993592,5507.047171741502,5614.703732993592,123002500,253985900.0
2020-02-06,5581.5791015625,5614.704200088093,5531.891453774109,5581.5791015625,154693500,253985900.0
2020-02-07,5598.140625,5614.70317122781,5552.593622873521,5556.734259430474,82609000,253985900.0
2020-02-10,5618.84375,5618.84375,5490.484018054532,5598.140567428151,66578500,253985900.0
2020-02-11,5614.703125,5618.843761522861,5585.71866933997,5618.843761522861,77526500,253985900.0
2020-02-12,5631.26611328125,5631.26611328125,5598.141018497243,5631.26611328125,69971500,253985900.0
2020-02-13,5622.9853515625,5647.829174912556,5581.578979312409,5647.829174912556,49737000,253985900.0
2020-02-14,5531.890625,5627.125268993264,5527.749988304641,5614.703358907186,147028500,253985900.0
2020-02-17,5565.0166015625,5589.860425676618,5531.891502743675,5531.891502743675,115319000,253985900.0
2020-02-18,5544.31298828125,5565.016173450336,5523.609803112164,5536.031714213616,98436500,253985900.0
2020-02-19,5544.31298828125,5598.141269720873,5519.4691660783465,5519.4691660783465,74594000,253985900.0
2020-02-20,5461.4990234375,5544.311745551791,5436.655206803212,5540.171109446076,136724500,253985900.0
2020-02-21,5478.06201171875,5515.327739689626,5461.499465953916,5465.640102395125,98261000,253985900.0
2020-02-24,5403.53125,5465.640804597701,5391.10933908046,5436.656345785441,84910000,253985900.0
2020-02-25,5407.671875,5432.515696784073,5391.10932714395,5424.234422856049,86446500,253985900.0
2020-02-26,5316.578125,5411.812779887072,5316.578125,5382.82831970405,92824500,253985900.0
2020-02-27,5208.921875,5362.125459558823,5134.390401430843,5357.984822138315,129254500,253985900.0
2020-02-28,5208.921875,5208.921875,4997.749366554054,5134.390401430843,169946500,253985900.0
2020-03-02,5035.0146484375,5208.921404386821,4997.748915019788,5208.921404386821,144871500,253985900.0
2020-03-03,5233.76416015625,5258.607977372182,5134.388891292524,5134.388891292524,114663500,253985900.0
2020-03-04,5333.140625,5382.828270574534,5184.077688276398,5229.62469671972,83025000,253985900.0
2020-03-05,5328.99951171875,5415.952883704837,5250.327413255148,5415.952883704837,77583000,253985900.0
2020-03-06,5134.38916015625,5258.608252740676,5134.38916015625,5258.608252740676,77835500,253985900.0
2020-03-09,4790.71630859375,5001.888764720182,4790.71630859375,4968.763673563094,140889500,253985900.0
2020-03-10,4906.6552734375,4977.046108583861,4836.264438291139,4836.264438291139,133667000,253985900.0
2020-03-11,4844.544921875,4952.2014756944445,4794.857281650641,4927.357655582266,93204500,253985900.0
2020-03-12,4604.3876953125,4670.6378779788665,4521.574966979541,4637.512786645683,129845500,253985900.0
2020-03-13,4604.3876953125,4604.3876953125,4604.3876953125,4604.3876953125,0,253985900.0
2020-03-16,4604.3876953125,4604.3876953125,4604.3876953125,4604.3876953125,0,253985900.0
2020-03-17,4240.01220703125,4558.84124994278,4240.01220703125,4550.559976100922,212200000,253985900.0
2020-03-18,4140.63720703125,4455.325634765625,3946.027258300781,4240.012500000001,180053500,253985900.0
2020-03-19,3850.79248046875,4136.496438697077,3850.79248046875,4136.496438697077,264419000,253985900.0
2020-03-20,3921.182861328125,4459.4656194829895,3581.650660030441,3809.385673095961,335132000,253985900.0
2020-03-23,3668.604248046875,4140.636848811371,3647.9010638028185,3941.8862800684255,217843500,253985900.0
2020-03-24,3726.57275390625,4136.495756835938,3685.1663899739583,3685.1663899739583,253971000,253985900.0
2020-03-26,4372.51220703125,4467.74684790409,3850.792000510476,3850.792000510476,331633000,253985900.0
2020-03-27,4562.98193359375,4881.810979770446,4434.622187730405,4438.762824693738,269683000,253985900.0
2020-03-30,4550.560546875,4600.24819615844,4268.99720093551,4538.1386345541405,159964500,253985900.0
2020-03-31,4575.40380859375,4728.607375035351,4542.278713146918,4687.20100572681,182638500,253985900.0
2020-04-01,4538.1376953125,4761.732070811474,4492.590692896042,4604.38788064553,152831500,83737610.0
2020-04-02,4480.16796875,4529.855598717652,4438.761610443623,4529.855598717652,136623500,83737610.0
2020-04-03,4550.560546875,4579.545008957007,4442.903973427548,4521.576084792993,110506000,83737610.0
2020-04-06,4749.31005859375,4753.450695087729,4550.559506882765,4571.262689352659,78184000,83737610.0
2020-04-07,4683.0595703125,5051.576194324713,4620.950026939655,4749.309749910201,149153500,83737610.0
2020-04-08,4666.49755859375,4687.200742083518,4538.137820957188,4683.060105385564,106111500,83737610.0
2020-04-09,4633.37255859375,4716.185294225453,4554.700459743633,4637.513195375335,89997000,83737610.0
2020-04-13,4554.70068359375,4649.93533425071,4538.138135653408,4587.825779474431,58043000,83737610.0
2020-04-14,4567.12255859375,4629.232112881064,4509.153641258925,4558.841284688775,95796000,83737610.0
2020-04-15,4542.2783203125,4662.356780922401,4509.153227730458,4567.122139749031,95342000,83737610.0
2020-04-16,4339.38818359375,4571.263888060592,4293.841170216335,4542.279425002236,176990500,83737610.0
2020-04-17,4492.58984375,4509.152386952765,4372.511405529954,4389.073948732719,160935500,83737610.0
2020-04-20,4434.62158203125,4554.700037567111,4413.918400042308,4496.731127998074,90744000,83737610.0
2020-04-21,4347.00927734375,4511.28579073174,4347.00927734375,4511.28579073174,73431000,83737610.0
2020-04-22,4334.37060546875,4410.190499441965,4250.126278831845,4347.007254464286,107263500,83737610.0
2020-04-23,4313.31005859375,4418.6154799461365,4313.31005859375,4363.856660842896,105419500,83737610.0
2020-04-24,4144.82177734375,4330.159336493268,4144.82177734375,4313.310467479675,131149500,83737610.0
2020-04-27,4178.5185546875,4229.065150107107,4090.062012703188,4161.669689547631,151103500,83737610.0
2020-04-28,4069.001708984375,4191.156004595707,4047.940623534145,4178.519353325569,180488000,83737610.0
2020-04-29,4085.850341796875,4085.850341796875,4043.7281733247423,4064.789257560808,121161000,83737610.0
2020-04-30,4355.43212890625,4422.827597051801,4111.123556878627,4111.123556878627,174081000,83737610.0
2020-05-04,4397.55419921875,4464.949665873443,4212.216665918343,4338.583165895893,114497500,83737610.0
2020-05-05,4452.31298828125,4498.647371319182,4380.705305404446,4397.554171963694,118643500,83737610.0
2020-05-06,4511.283203125,4523.919850752801,4464.94882848973,4477.585476117531,86395500,83737610.0
2020-05-08,4418.61572265625,4549.194452305767,4338.583598032353,4502.860064365616,123028000,83737610.0
2020-05-11,4460.7373046875,4486.0106038642,4418.615139393,4418.615139393,40615500,83737610.0
2020-05-12,4397.55419921875,4498.647399200791,4237.489965913853,4498.647399200791,118660000,83737610.0
2020-05-13,4304.88623046875,4355.4328398284615,4283.825143235537,4347.008404935176,94973000,83737610.0
2020-05-14,4144.82177734375,4304.886032972879,4132.185125583555,4271.188294945694,131268000,83737610.0
2020-05-15,4031.091064453125,4208.004151921287,3942.634520719044,4144.820906396943,205790000,83737610.0
2020-05-18,4014.243408203125,4081.638890397511,4001.6067552916775,4043.728931663169,139997500,83737610.0
2020-05-19,3942.63525390625,4178.519414396367,3942.63525390625,4077.426202757746,128504500,83737610.0
2020-05-20,4014.243408203125,4043.728931663169,3951.060143645888,3976.333449468783,119158000,83737610.0
2020-05-26,4186.94384765625,4212.217150559608,4022.6673787844256,4022.6673787844256,176076500,83737610.0
2020-05-27,4182.7314453125,4212.216964060926,4090.06267210316,4186.943662276561,151753500,83737610.0
2020-05-28,4460.7373046875,4481.79838733475,4212.216529449953,4212.216529449953,229233000,83737610.0
2020-05-29,4372.27978515625,4460.736312601607,4372.27978515625,4460.736312601607,399414000,83737610.0
2020-06-02,4515.4970703125,4633.439157969916,4414.403852320429,4431.252721985775,181369500,83737610.0
2020-06-03,4869.3232421875,4869.3232421875,4549.194724535035,4557.6191592101,279673500,83737610.0
2020-06-04,4877.74755859375,5046.236248009769,4717.683303648532,4869.323124122949,236158500,83737610.0
2020-06-05,4822.98876953125,4932.50641844637,4705.046686084198,4877.74759398881,88157500,83737610.0
2020-06-08,4970.41650390625,4991.477590787209,4848.26219999669,4848.26219999669,173557500,83737610.0
2020-06-09,4890.38330078125,5050.447525957553,4881.958867877234,5004.113144985466,100110000,83737610.0
2020-06-10,4886.17236328125,4940.9311914904365,4713.471443544585,4886.17236328125,115382500,83737610.0
2020-06-11,4785.07861328125,4894.596257599307,4721.89535694391,4844.049652529435,85187500,83737610.0
2020-06-12,4776.654296875,4785.078731261023,4616.590043540565,4785.078731261023,96044000,83737610.0
2020-06-15,4633.43896484375,4810.352088955966,4633.43896484375,4785.078785511364,100844500,83737610.0
2020-06-16,4852.4736328125,4881.959149678549,4700.833831787109,4700.833831787109,91518500,83737610.0
2020-06-17,4818.7763671875,4886.171840854458,4785.078630354021,4886.171840854458,79800000,83737610.0
2020-06-18,4705.046875,4835.625615487914,4705.046875,4818.776745747538,68032000,83737610.0
2020-06-19,4696.62158203125,4759.804832013733,4671.348282038257,4717.682665358745,110071000,83737610.0
2020-06-22,4667.13720703125,4768.230431732288,4658.712771639497,4713.471601685892,51590500,83737610.0
2020-06-23,4734.53173828125,4768.229473073287,4650.287401301157,4692.409569791204,69954000,83737610.0
2020-06-24,4806.14013671875,4852.474528921998,4751.381309569457,4759.805744515502,57333000,83737610.0
2020-06-25,4822.98876953125,4839.837638595114,4751.381076009825,4801.927683201419,51415000,83737610.0
2020-06-26,4755.59228515625,4852.47326173605,4751.380068783215,4818.775530751771,57467500,83737610.0
2020-06-29,4780.8662109375,4797.715078641245,4705.04630627065,4751.380692455948,48796500,83737610.0
2020-06-30,4797.71533203125,4835.625286366879,4768.229811992427,4801.927549179653,74474000,83737610.0
2020-07-01,4886.17236328125,4886.17236328125,4780.86692441743,4801.928012190194,63959000,152143650.0
2020-07-02,4945.14306640625,4945.14306640625,4852.474286626916,4865.110938415008,75585500,152143650.0
2020-07-03,4945.14306640625,4974.628587245129,4919.869762830068,4945.14306640625,52219000,152143650.0
2020-07-06,4999.9013671875,4999.9013671875,4928.29368122104,4936.718114864153,67800000,152143650.0
2020-07-07,5046.23583984375,5050.448056738444,4970.415935739253,5004.113670896807,74168000,152143650.0
2020-07-08,5223.1484375,5277.9072517641125,5037.810912298387,5046.235345262096,106444500,152143650.0
2020-07-09,5138.904296875,5256.846362704918,5079.933263960041,5231.573062884221,93543500,152143650.0
2020-07-10,5223.1484375,5256.846169354839,5122.055241935484,5138.904107862903,67224000,152143650.0
2020-07-13,5202.08837890625,5256.847203947368,5172.602857730263,5248.422769325658,86006000,152143650.0
2020-07-14,5223.1484375,5223.1484375,5147.328540826613,5202.087355090725,45616500,152143650.0
2020-07-15,5181.02734375,5256.847256097561,5181.02734375,5223.149517276423,61468000,152143650.0
2020-07-16,5206.30029296875,5223.1491612307855,5172.602556444681,5181.026990575698,66520500,152143650.0
2020-07-17,5155.75341796875,5206.300020105698,5088.357948452819,5168.390068502988,73348000,152143650.0
2020-07-20,5172.6025390625,5189.451407267916,5105.207066240839,5155.753670857085,59794500,152143650.0
2020-07-21,5223.1484375,5252.633952872984,5138.904107862903,5138.904107862903,84159500,152143650.0
2020-07-22,5206.30029296875,5265.271331885872,5164.178122313663,5231.573595361802,44725500,152143650.0
2020-07-23,5223.1484375,5235.785086945564,5172.601839717741,5206.29957157258,84026500,152143650.0
2020-07-24,5138.904296875,5223.148629610656,5138.904296875,5223.148629610656,58366500,152143650.0
2020-07-27,5138.904296875,5172.602029969262,5054.659964139344,5138.904296875,41972500,152143650.0
2020-07-28,5210.51318359375,5223.149836423808,5105.207743343271,5155.754354663501,65279000,152143650.0
2020-07-29,5168.390625,5210.512797982885,5138.90510391198,5210.512797982885,50262500,152143650.0
2020-07-30,5256.84716796875,5256.84716796875,5100.995128533779,5168.390605046199,80533500,152143650.0
2020-08-03,5164.177734375,5252.63428610573,4907.232512680975,5239.997635858484,137079000,152143650.0
2020-08-04,5231.57373046875,5239.998164817331,5164.178255680103,5185.239341551555,79357000,152143650.0
2020-08-05,5227.361328125,5239.997979200241,5138.904770598308,5223.14911109992,49393000,152143650.0
2020-08-06,5273.6962890625,5303.181811445437,5210.513026813349,5235.7863317130095,55258500,152143650.0
2020-08-07,5206.30029296875,5294.756851344433,5189.451424706715,5277.907983082399,43621000,152143650.0
2020-08-10,5155.75341796875,5223.148887484682,5143.116767434513,5206.300020105698,37774500,152143650.0
2020-08-11,5202.08837890625,5223.149465460526,5164.178423108552,5172.602857730263,38795500,152143650.0
2020-08-12,5273.6962890625,5273.6962890625,5189.451939396965,5202.088591846796,35612000,152143650.0
2020-08-13,5307.39306640625,5307.39306640625,5206.299865141369,5273.69533265129,48581000,152143650.0
2020-08-14,5395.8505859375,5395.8505859375,5256.847409250585,5307.394018954918,57316000,152143650.0
2020-08-18,5357.939453125,5412.698268290586,5307.392854510614,5395.849402085791,81563500,152143650.0
2020-08-19,5332.66650390625,5400.061973149931,5315.8176365953295,5357.939804872631,58793500,152143650.0
2020-08-24,5320.03076171875,5374.789589828286,5290.545238890539,5341.091849453187,66882500,152143650.0
2020-08-25,5362.15185546875,5374.788505560192,5311.60525510298,5324.241905194423,49211000,152143650.0
2020-08-26,5341.09130859375,5383.213479797171,5311.605788751356,5379.001262676829,42983000,152143650.0
2020-08-27,5560.1259765625,5560.1259765625,5341.090710819129,5362.151794063683,68326000,152143650.0
2020-08-28,5471.67041015625,5560.126975678407,5412.699366474812,5526.429236431871,52292500,152143650.0
2020-08-31,5286.33251953125,5509.580028324203,5286.33251953125,5475.882291147908,97032000,152143650.0
2020-09-01,5492.73095703125,5492.73095703125,5256.8468055023,5290.544541435007,67446000,152143650.0
2020-09-02,5421.123046875,5526.428467365967,5362.152011400058,5492.730732808857,66065000,152143650.0
2020-09-03,5475.88232421875,5475.88232421875,5307.393637319712,5446.396804011419,68208500,152143650.0
2020-09-04,5374.7890625,5433.76010237069,5277.908068426725,5433.76010237069,80613500,152143650.0
2020-09-07,5294.7568359375,5357.940091736277,5223.14914603222,5336.879006470018,64249500,152143650.0
2020-09-08,5336.87939453125,5357.940481328927,5294.757220935897,5294.757220935897,39649000,152143650.0
2020-09-09,5261.05908203125,5324.242337620096,5231.573562756455,5307.393469463071,49285000,152143650.0
2020-09-10,4894.59619140625,5239.997988045933,4894.59619140625,5239.997988045933,175735000,152143650.0
2020-09-11,4974.62841796875,5033.599457639844,4734.5320421650085,4886.1718584621085,403032500,152143650.0
2020-09-14,5096.7822265625,5151.541043872676,5042.023409252324,5054.660059400826,138115000,152143650.0
2020-09-15,4936.71826171875,5138.904675167982,4936.71826171875,5088.358071805674,170087000,152143650.0
2020-09-16,4844.04931640625,4945.14251953125,4839.837099609375,4936.7180859375,158565500,152143650.0
2020-09-17,4848.26171875,4932.506057911599,4772.441813504562,4844.04950179192,138796000,152143650.0
2020-09-18,4742.9560546875,4831.412606329096,4692.409453749445,4801.927089115231,316912000,152143650.0
2020-09-21,4721.89501953125,4831.412656023501,4713.470585954923,4751.380537048394,112443000,152143650.0
2020-09-22,4591.31591796875,4688.196896054329,4574.467052214736,4650.286948107799,163442500,152143650.0
2020-09-23,4637.650390625,4705.04585497559,4570.25492627441,4591.3160088839695,100517000,152143650.0
2020-09-24,4587.10498046875,4662.924897501292,4540.770586726641,4574.468327629993,88618500,152143650.0
2020-09-25,4726.10693359375,4738.743583148814,4599.740438043114,4616.589304116533,100705000,152143650.0
2020-09-28,4646.0751953125,4797.715002231131,4633.438544735947,4759.8050505014735,93522000,152143650.0
2020-09-29,4637.650390625,4747.168020194709,4599.740441927793,4696.621421931767,117778500,152143650.0
2020-09-30,4566.04248046875,4688.19675347022,4566.04248046875,4688.19675347022,107377000,152143650.0
2020-10-01,4692.4091796875,4692.4091796875,4616.589282708707,4620.801499207529,56893000,228279270.0
2020-10-02,4637.650390625,4688.196988887943,4582.891575840145,4683.984772366031,66848000,228279270.0
2020-10-05,4650.2880859375,4683.98582569067,4599.741476307744,4646.075868468353,58291000,228279270.0
2020-10-06,4801.92724609375,4814.563896741365,4717.682908442983,4742.956209738212,141955500,228279270.0
2020-10-07,4848.26171875,4848.26171875,4700.834125217202,4717.682993049522,89937500,228279270.0
2020-10-08,4869.3232421875,4886.1721115376295,4810.352199462046,4877.747676862565,77384500,228279270.0
2020-10-09,4865.1103515625,4865.1103515625,4818.775967261905,4844.049267789502,54250500,228279270.0
2020-10-12,4932.50634765625,4949.355216478304,4911.445261628683,4919.869696039709,82918500,228279270.0
2020-10-13,4932.50634765625,4936.718564861763,4860.898655162521,4919.869696039709,48250500,228279270.0
2020-10-14,4970.41650390625,4970.41650390625,4894.596591134799,4919.869895391949,83117500,228279270.0
2020-10-15,4873.53466796875,4953.566784383103,4852.473584701815,4949.354567729715,82067000,228279270.0
2020-10-16,4852.4736328125,4877.746932983398,4827.200332641602,4873.534716288249,89051500,228279270.0
2020-10-19,4970.41650390625,4970.41650390625,4810.352243610964,4844.049982620498,56871500,228279270.0
2020-10-20,4890.38330078125,4953.56654756137,4873.534434973219,4953.56654756137,74995500,228279270.0
2020-10-21,4869.3232421875,4940.930936925552,4827.201068812175,4936.718719588019,77944000,228279270.0
2020-10-22,4886.17236328125,4886.17236328125,4806.140229744747,4835.625752626616,96872500,228279270.0
2020-10-23,4860.8974609375,4919.86848732669,4844.048596254875,4919.86848732669,66328000,228279270.0
2020-10-26,4898.80859375,4915.657462516122,4822.988684302451,4822.988684302451,70452500,228279270.0
2020-10-27,4877.74755859375,4911.445296476953,4848.262037945947,4898.808644770753,89482000,228279270.0
2020-11-02,4903.02099609375,4907.233213444346,4818.77664908183,4852.474387886598,151006500,228279270.0
2020-11-03,4961.99169921875,4966.203916280905,4915.657311535044,4919.869528597199,78152000,228279270.0
2020-11-04,4903.02099609375,5004.114212508054,4873.535474639578,4970.416473703286,78626000,228279270.0
2020-11-05,5181.02734375,5206.3006478658535,4970.416476117886,4970.416476117886,161090000,228279270.0
2020-11-06,5307.39306640625,5307.39306640625,5105.206663876488,5189.450998263889,137303500,228279270.0
2020-11-09,5294.7568359375,5391.637828162291,5235.785797191975,5307.393487097255,82739500,228279270.0
2020-11-10,5459.03271484375,5560.125913266782,5374.788382824556,5387.425032627435,191073500,228279270.0
2020-11-11,5509.57958984375,5530.640673902786,5459.032988102064,5509.57958984375,131383500,228279270.0
2020-11-12,5408.48681640625,5471.670073607257,5395.850164966048,5400.062382112782,83082500,228279270.0
2020-11-13,5383.212890625,5433.759490536972,5324.241857394366,5408.486190580986,82374500,228279270.0
2020-11-16,5459.03271484375,5463.244931444709,5379.000599425516,5463.244931444709,54905000,228279270.0
2020-11-17,5518.00341796875,5530.6400670175335,5467.456821773617,5475.881254472805,119784000,228279270.0
2020-11-18,5534.85400390625,5539.066221565236,5509.58069795234,5518.005133270311,99789000,228279270.0
2020-11-19,5572.76318359375,5593.824268943688,5488.518842193996,5492.731059263983,147346500,228279270.0
2020-11-20,5560.1259765625,5602.24814305161,5518.00381007339,5593.823709753788,68468500,228279270.0
2020-11-23,5560.1259765625,5568.550409860321,5518.00381007339,5560.1259765625,75265500,228279270.0
2020-11-24,5530.640625,5560.126142421935,5513.791757901751,5560.126142421935,72349500,228279270.0
2020-11-25,5400.0625,5547.490103354134,5374.789196567863,5543.277886115445,170140500,228279270.0
2020-11-26,5459.03271484375,5467.457148045669,5307.392917209201,5349.515083218798,64339000,228279270.0
2020-11-27,5379.00048828125,5467.4570350736585,5374.788271767326,5459.032602045811,87361500,228279270.0
2020-11-30,5227.361328125,5391.637792103143,5168.390289773872,5379.001141027901,393091500,228279270.0
2020-12-01,5387.42529296875,5421.123027404833,5239.997704810888,5239.997704810888,114563500,262791510.0
2020-12-02,5433.76025390625,5463.245774663881,5341.091474382268,5442.18468840843,93897500,262791510.0
2020-12-03,5442.18408203125,5496.942900194104,5412.698564558945,5475.881816285314,98210000,262791510.0
2020-12-04,5383.212890625,5446.396140514965,5357.939590669013,5442.183923855633,64995500,262791510.0
2020-12-07,5492.73095703125,5543.277560930311,5459.033221098543,5475.882089064896,96636000,262791510.0
2020-12-08,5467.45751953125,5492.730820854199,5412.698699998195,5492.730820854199,70561500,262791510.0
2020-12-10,5555.84375,5576.968631178707,5526.26891634981,5568.518678707224,151420500,262791510.0
2020-12-11,5691.04248046875,5729.067263189031,5572.743156450098,5576.968132307907,214160000,262791510.0
2020-12-14,5762.8681640625,5771.31811738224,5741.74328076315,5745.96825742302,179785500,262791510.0
2020-12-15,5737.5185546875,5830.468045264175,5581.19441144491,5771.318369442654,164024500,262791510.0
2020-12-16,5872.7177734375,5872.7177734375,5779.7682834982015,5796.668190759892,138674000,262791510.0
2020-12-17,5860.04150390625,5914.96618995584,5762.867059356975,5885.39135900606,91920000,262791510.0
2020-12-18,5745.9677734375,5860.042133645451,5707.942986701517,5860.042133645451,147238500,262791510.0
2020-12-21,5771.3173828125,5822.01709627791,5745.967526079795,5822.01709627791,93692500,262791510.0
2020-12-22,5674.1435546875,5762.868062988645,5669.918578101731,5695.268437616343,61790500,262791510.0
2020-12-23,5682.59375,5834.692913568773,5593.869237918216,5834.692913568773,76948000,262791510.0
2020-12-28,5729.0673828125,5762.867190380715,5627.667960107854,5737.517334704554,60234000,262791510.0
2020-12-29,5716.3935546875,5754.418345516907,5695.268670893385,5724.843508205146,34212500,262791510.0
2020-12-30,5720.6181640625,5745.968022987445,5661.468493237629,5745.968022987445,52675500,262791510.0
2021-01-04,5775.54296875,5792.442875022861,5678.368507681053,5745.968132772495,47937000,262791510.0
2021-01-05,5991.01708984375,5991.01708984375,5788.218203868785,5796.668157451075,104831000,262791510.0
2021-01-06,5868.4921875,5978.341573299136,5813.567494600432,5957.216691414687,89753500,262791510.0
2021-01-07,5885.392578125,5957.21718245244,5838.91783414842,5914.967415201005,71360000,262791510.0
2021-01-08,5957.2177734375,5982.567636303192,5893.843116273271,5944.542842004655,75033500,262791510.0
2021-01-11,6206.49072265625,6219.165652654867,6037.491656008019,6041.716632674225,169034500,262791510.0
2021-01-12,6050.16748046875,6236.066481265276,6050.16748046875,6206.491640229465,95235000,262791510.0
2021-01-13,6016.3662109375,6147.340475360999,5974.116448220243,6121.990617730645,76581500,262791510.0
2021-01-14,5931.86669921875,5991.016367159677,5910.741817811276,5957.216556907719,89319500,262791510.0
2021-01-15,5876.9423828125,5999.466702799245,5779.767922133357,5995.241726247978,89853500,262791510.0
2021-01-18,6016.3662109375,6020.5911872092265,5783.992515992582,5876.941993970549,86343000,262791510.0
2021-01-19,5995.2412109375,6016.366091878083,5919.191639551401,6016.366091878083,73777000,262791510.0
2021-01-20,5995.2412109375,6164.240258462165,5974.116329996917,6054.3908775711325,107216000,262791510.0
2021-01-21,5978.341796875,6168.465740945229,5965.666867270318,6151.565834805653,66428000,262791510.0
2021-01-22,5982.5673828125,6050.167014256709,5978.3424058472365,5978.3424058472365,80829000,262791510.0
2021-01-25,5944.5419921875,6083.966218017057,5914.967156405472,6083.966218017057,76836500,262791510.0
2021-01-26,5762.8681640625,5914.967323817815,5762.8681640625,5876.942533878986,98658000,262791510.0
2021-01-27,5737.5185546875,5855.817906330541,5665.693948332796,5762.8684157538655,97920000,262791510.0
2021-01-28,5830.46826171875,5851.5931467249775,5737.51876769135,5737.51876769135,104627000,262791510.0
2021-01-29,5712.16796875,5914.966831545858,5712.16796875,5830.467305380917,132762500,262791510.0
2021-02-01,5762.8681640625,5847.367697259897,5572.744214368356,5712.168444144061,113129000,51065830.0
2021-02-02,5745.9677734375,5898.066920381434,5745.9677734375,5885.39199146944,86741000,51065830.0
2021-02-03,5767.09375,5914.967948717949,5767.09375,5914.967948717949,67291000,51065830.0
2021-02-04,5792.44287109375,5914.967191488877,5775.542964832353,5847.367566443289,80950500,51065830.0
2021-02-05,5843.14208984375,5872.716923270291,5792.442375398251,5805.1173040096255,51602000,51065830.0
2021-02-08,5847.3681640625,5961.442542985685,5813.56834808526,5957.21756598853,45604000,51065830.0
2021-02-09,5898.06787109375,5940.317640943992,5876.942986168629,5914.967779033847,75574000,51065830.0
2021-02-10,5847.3681640625,5957.21756598853,5830.46825607388,5957.21756598853,44984500,51065830.0
2021-02-11,5813.568359375,5902.292876487555,5779.768543332122,5902.292876487555,36926000,51065830.0
2021-02-15,5745.9677734375,5822.017346909467,5678.368152573529,5771.31763126149,83922000,51065830.0
2021-02-16,5864.26708984375,5868.492066133263,5771.317611474468,5813.567374369596,47221000,51065830.0
2021-02-17,5830.46826171875,5881.167985733696,5788.218491706296,5822.018307716259,66011500,51065830.0
2021-02-18,5691.04248046875,5830.466683776448,5691.04248046875,5788.216925198358,91204000,51065830.0
2021-02-19,5767.09375,5788.218635531136,5712.169047619048,5729.068956043956,70487500,51065830.0
2021-02-22,5737.5185546875,5864.267860019329,5737.5185546875,5830.468045264175,68913000,51065830.0
2021-02-23,5767.09375,5783.993658424909,5724.843978937729,5762.868772893773,58360000,51065830.0
2021-02-24,5682.59375,5775.543238847584,5682.59375,5767.093285315985,71869000,51065830.0
2021-02-25,5665.69287109375,5720.617559627844,5644.567990888329,5695.267703381339,78688000,51065830.0
2021-02-26,5669.91845703125,5754.417986942297,5614.99376258907,5665.693480535698,173631500,51065830.0
2021-03-01,5952.99169921875,5952.99169921875,5745.967857301278,5771.317715495254,205539000,51065830.0
2021-03-02,5927.6416015625,6050.165911217036,5914.966672977548,6016.366101657163,81446500,51065830.0
2021-03-03,5914.96728515625,5986.791887904576,5914.96728515625,5969.891981375557,84470000,51065830.0
2021-03-04,5678.36865234375,5914.967346191406,5678.36865234375,5834.692789350237,120802500,51065830.0
2021-03-05,5745.9677734375,5851.592181037454,5678.368152573529,5678.368152573529,111871500,51065830.0
2021-03-08,5678.36865234375,5872.717579432896,5678.36865234375,5872.717579432896,90883000,51065830.0
2021-03-09,5581.1943359375,5674.143825256671,5576.969359150265,5661.468894894966,135582000,51065830.0
2021-03-10,5665.69287109375,5678.367799217002,5593.868278395321,5678.367799217002,50302000,51065830.0
2021-03-12,5716.3935546875,5813.568020140428,5674.14378709927,5809.343043381606,74328000,51065830.0
2021-03-15,5631.89404296875,5762.86832303779,5631.89404296875,5758.6433462613695,57416000,51065830.0
2021-03-16,5598.09423828125,5669.918843602594,5593.869261497642,5669.918843602594,70755500,51065830.0
2021-03-17,5585.4189453125,5631.893686914948,5581.193968803186,5619.218757387008,71474500,51065830.0
2021-03-18,5665.69287109375,5678.367799217002,5585.418326313153,5593.868278395321,70067500,51065830.0
2021-03-19,5712.16796875,5720.617921366495,5598.09360842733,5720.617921366495,125853000,51065830.0
2021-03-22,5593.869140625,5644.568860932779,5585.41918724037,5610.769047394259,67523500,51065830.0
2021-03-23,5547.39453125,5678.368811881188,5538.944577660891,5678.368811881188,127762500,51065830.0
2021-03-24,5441.76953125,5534.719010821041,5424.869625873447,5505.144176412073,152050000,51065830.0
2021-03-25,5382.6201171875,5441.769788804945,5348.820304834674,5407.969976452119,119101500,51065830.0
2021-03-26,5420.64453125,5445.994388761691,5323.470077455183,5382.619744982463,134467500,51065830.0
2021-03-29,5374.17041015625,5505.1446890201205,5374.17041015625,5416.420177531692,113370500,51065830.0
2021-03-30,5403.74560546875,5454.445329679559,5382.620720380913,5382.620720380913,83115500,51065830.0
2021-03-31,5251.646484375,5403.745658500101,5192.496805548572,5399.52068144107,223390500,51065830.0
2021-04-01,5260.09619140625,5298.120983151355,5200.946515358308,5251.646237685115,112286000,90077520.0
2021-04-05,5200.94677734375,5315.021158325295,5200.94677734375,5281.22134173817,73311500,90077520.0
2021-04-06,5209.396484375,5213.621461247973,5137.571877534469,5184.046623137166,80215000,90077520.0
2021-04-07,5281.22021484375,5302.3450957031255,5184.045762890625,5200.945667578125,107908000,90077520.0
2021-04-08,5256.71533203125,5325.262557224812,5248.146928882055,5312.409952501019,123697500,90077520.0
2021-04-09,5312.4091796875,5415.230002520161,5265.2829692225305,5410.945801568801,116961000,90077520.0
2021-04-12,5196.73583984375,5393.809086861733,5192.451638821621,5393.809086861733,110411500,90077520.0
2021-04-13,5141.04150390625,5192.451918945312,5123.904698893229,5183.883516438802,119211500,90077520.0
2021-04-14,5402.3779296875,5402.3779296875,5192.452062475218,5231.009874820331,135519500,90077520.0
2021-04-15,5380.95751953125,5406.6627306118135,5295.273482596039,5402.378528765053,102686500,90077520.0
2021-04-16,5376.6728515625,5458.072679594124,5325.262433858317,5458.072679594124,79293500,90077520.0
2021-04-19,5372.388671875,5380.957074860447,5338.115059933213,5376.672873367723,47095000,90077520.0
2021-04-20,5342.3994140625,5355.252018907879,5299.557397911237,5312.410002756616,72721000,90077520.0
2021-04-21,5282.42041015625,5333.830827773342,5282.42041015625,5312.409820432887,68397000,90077520.0
2021-04-22,5325.2626953125,5376.673115540779,5295.273283512672,5312.410090255431,63758000,90077520.0
2021-04-23,5475.208984375,5479.493185458236,5333.830348628228,5380.956560543818,108498500,90077520.0
2021-04-26,5385.2412109375,5483.77784407319,5380.957009496818,5479.493642632508,108742000,90077520.0
2021-04-27,5488.06201171875,5513.767220204552,5445.219997575747,5458.072601818648,132650000,90077520.0
2021-04-28,5415.22998046875,5488.061396345308,5410.945779534835,5483.777195411392,87660000,90077520.0
2021-04-29,5492.345703125,5535.187713289782,5449.503692960218,5535.187713289782,57355000,90077520.0
2021-04-30,5488.06201171875,5526.6198244474535,5466.641004647248,5526.6198244474535,65829500,90077520.0
2021-05-03,5475.208984375,5552.32460387324,5436.65117462588,5552.32460387324,42065500,90077520.0
2021-05-04,5483.77685546875,5509.48205947876,5432.3664474487305,5440.9348487854,50123500,90077520.0
2021-05-05,5505.1982421875,5509.482443154183,5483.777237354086,5500.914041220817,51685000,90077520.0
2021-05-06,5505.1982421875,5526.619247020914,5483.777237354086,5483.777237354086,38115500,90077520.0
2021-05-07,5483.77685546875,5535.1872634887695,5470.924253463745,5535.1872634887695,48864000,90077520.0
2021-05-10,5500.9140625,5500.9140625,5479.4930575837225,5483.777258566978,68180500,90077520.0
2021-05-11,5552.32470703125,5552.32470703125,5402.377666332104,5483.777488425926,70680000,90077520.0
2021-05-17,5569.46142578125,5569.46142578125,5462.35639836238,5569.46142578125,129058500,90077520.0
2021-05-18,5475.208984375,5530.903598457062,5453.787978958822,5483.777386541471,73563000,90077520.0
2021-05-19,5436.6513671875,5483.777580772262,5428.082964717543,5466.6407758323485,64912500,90077520.0
2021-05-20,5466.64111328125,5513.767329775053,5440.93590428463,5475.209516280123,64950000,90077520.0
2021-05-21,5449.50439453125,5526.620022755749,5363.820363170696,5526.620022755749,92620000,90077520.0
2021-05-24,5419.51416015625,5466.640370244565,5389.524753736413,5445.219365658967,59210000,90077520.0
2021-05-25,5445.220703125,5518.052136605035,5398.094481461448,5398.094481461448,87470000,90077520.0
2021-05-27,5372.388671875,5552.325134569378,5372.388671875,5518.051522627591,537971500,90077520.0
2021-05-28,5432.36669921875,5458.0719044201005,5423.798297484967,5423.798297484967,102108500,90077520.0
2021-05-31,5462.35693359375,5475.209538143383,5419.514918428309,5449.504329044118,101442000,90077520.0
2021-06-02,5539.47265625,5582.314672152939,5500.914841937355,5569.462067382057,141732500,90077520.0
2021-06-03,5655.14501953125,5655.14501953125,5509.482193270596,5565.176803311435,133810500,90077520.0
2021-06-04,5638.00927734375,5672.282889971979,5569.46205208729,5672.282889971979,62108500,90077520.0
2021-06-07,5595.16748046875,5629.441094437931,5509.483445545798,5620.872690945635,62576000,90077520.0
2021-06-08,5509.48291015625,5633.724748721204,5509.48291015625,5633.724748721204,64348000,90077520.0
2021-06-09,5595.16748046875,5599.451682214897,5449.504621099732,5449.504621099732,77198000,90077520.0
2021-06-10,5672.28271484375,5672.28271484375,5560.893477241078,5616.588096042414,73262500,90077520.0
2021-06-11,5543.7568359375,5638.009270551584,5535.188432790766,5629.44086740485,72780500,90077520.0
2021-06-14,5492.345703125,5586.59812548752,5483.777301092044,5586.59812548752,61478500,90077520.0
2021-06-15,5543.7568359375,5543.7568359375,5488.062215483723,5522.335828070663,87799000,90077520.0
2021-06-16,5470.92529296875,5513.767307792311,5449.504285556969,5500.914703345243,48984000,90077520.0
2021-06-17,5423.79833984375,5475.208750647956,5376.672129939894,5475.208750647956,68448500,90077520.0
2021-06-18,5419.51416015625,5436.650963824728,5380.956351902174,5398.093155570652,118043000,90077520.0
2021-06-21,5355.25146484375,5398.0934765625,5320.97785546875,5398.0934765625,60823500,90077520.0
2021-06-22,5432.36669921875,5475.208707887668,5346.682681880915,5355.2510836146985,65824000,90077520.0
2021-06-23,5338.11474609375,5432.367173392356,5338.11474609375,5393.809362224744,52451000,90077520.0
2021-06-24,5320.978515625,5406.662549693036,5312.410112218196,5406.662549693036,56010000,90077520.0
2021-06-25,5303.8408203125,5363.819634112479,5303.8408203125,5338.114428198202,68939500,90077520.0
2021-06-28,5188.16796875,5269.567796500825,5188.16796875,5226.725781895128,84420500,90077520.0
2021-06-29,5179.59912109375,5218.156930928195,5175.314920001034,5183.883322186466,53704000,90077520.0
2021-06-30,5162.46240234375,5201.020212817686,5141.041396524896,5141.041396524896,65795000,90077520.0
2021-07-01,5162.46240234375,5205.304413981457,5141.041396524896,5192.451810490145,58153000,168987870.0
2021-07-02,5226.7255859375,5260.99919633709,5175.3151703381145,5201.020378137808,67392500,168987870.0
2021-07-05,5235.29443359375,5252.431240250357,5201.020820280533,5226.726030265446,39710500,168987870.0
2021-07-06,5188.16796875,5235.294184816267,5188.16796875,5235.294184816267,34279500,168987870.0
2021-07-07,5196.73583984375,5295.272463352741,5166.74643268884,5295.272463352741,35595000,168987870.0
2021-07-08,5153.89404296875,5175.315048966126,5123.904634572423,5141.041439370324,47297000,168987870.0
2021-07-09,5158.177734375,5158.177734375,5132.472529718646,5149.609332822882,40707500,168987870.0
2021-07-12,5286.70361328125,5295.272014599372,5158.17759350942,5201.01960010003,65981500,168987870.0
2021-07-13,5179.59912109375,5290.988349504369,5153.893914537453,5286.704148411653,65946500,168987870.0
2021-07-14,5132.47265625,5166.746263303423,5123.904254486644,5158.177861540067,59321000,168987870.0
2021-07-15,5239.578125,5239.578125,5136.757295073589,5141.041496320523,49724000,168987870.0
2021-07-16,5235.29443359375,5286.704853563574,5188.168215288078,5286.704853563574,47998500,168987870.0
2021-07-19,5145.326171875,5235.29440635408,5145.326171875,5235.29440635408,47119000,168987870.0
2021-07-21,5149.60986328125,5243.862290063436,5149.60986328125,5183.883473020227,55009500,168987870.0
2021-07-22,5273.8525390625,5273.8525390625,5183.884299159728,5239.578923861443,60792000,168987870.0
2021-07-23,5171.03076171875,5303.840996692471,5162.462359462381,5295.272594436102,79938000,168987870.0
2021-07-26,5145.326171875,5192.45238993547,5145.326171875,5175.315583368027,48171500,168987870.0
2021-07-27,5145.326171875,5192.45238993547,5141.041970233139,5145.326171875,53107500,168987870.0
2021-07-28,5123.90478515625,5149.609993108539,5115.336382505487,5145.325791783157,74133000,168987870.0
2021-07-29,5175.31494140625,5213.872751400171,5123.904528081022,5188.167544737557,84605000,168987870.0
2021-07-30,5115.33642578125,5226.725661183522,5106.768023057998,5175.315244844011,105685000,168987870.0
2021-08-02,5106.767578125,5196.735798880558,5059.641367253041,5192.451597892198,119981500,168987870.0
2021-08-03,5265.283203125,5295.272611116761,5128.188766591233,5162.4623757246745,110071500,168987870.0
2021-08-04,5243.8623046875,5269.567512063419,5192.451889935662,5265.283310834099,41112000,168987870.0
2021-08-05,5398.09375,5406.662152777778,5260.999305555556,5286.704513888889,93768000,168987870.0
2021-08-06,5278.13623046875,5449.504289899553,5256.7152230399,5449.504289899553,67285000,168987870.0
2021-08-09,5312.4091796875,5312.4091796875,5231.009361611643,5256.714567319808,52858500,168987870.0
2021-08-10,5398.09375,5398.09375,5239.578298611112,5355.251736111111,60446000,168987870.0
2021-08-12,5398.09375,5415.230555555556,5243.8625,5243.8625,118325500,168987870.0
2021-08-13,5492.345703125,5513.76670820739,5419.514285844872,5440.935290927262,86929000,168987870.0
2021-08-16,5500.9140625,5500.9140625,5402.377439885125,5500.9140625,69282000,168987870.0
2021-08-18,5655.14501953125,5792.23944424716,5535.18739790483,5586.597807173295,186354500,168987870.0
2021-08-19,5655.14501953125,5655.14501953125,5595.16620871804,5655.14501953125,100926000,168987870.0
2021-08-20,5655.14501953125,5655.14501953125,5578.029405628551,5655.14501953125,120163500,168987870.0
2021-08-23,5646.5771484375,5646.5771484375,5582.314130814919,5582.314130814919,68253000,168987870.0
2021-08-24,5655.14501953125,5655.14501953125,5569.461004083807,5629.439814897018,59561500,168987870.0
2021-08-25,5655.14501953125,5659.429220303622,5642.292417214134,5655.14501953125,80751500,168987870.0
2021-08-26,5620.87158203125,5638.008385635004,5543.755965814358,5620.87158203125,74337000,168987870.0
2021-08-27,5578.0302734375,5595.167079193068,5560.893467681932,5560.893467681932,71572500,168987870.0
2021-08-30,5625.15625,5638.008853769992,5586.598438690023,5595.166841203351,74564500,168987870.0
2021-08-31,5612.30322265625,5629.440026389551,5582.313816122973,5586.598017056298,115373500,168987870.0
2021-09-01,5625.15625,5655.145658796649,5599.451042460015,5612.303646230008,67362500,168987870.0
2021-09-02,5603.7353515625,5633.724760936306,5530.903928797544,5590.882747545155,53257000,168987870.0
2021-09-03,5655.14501953125,5655.14501953125,5582.313606400923,5620.871413352273,35764500,168987870.0
2021-09-06,5633.72412109375,5659.429326209007,5612.303116831036,5655.145125356464,36780000,168987870.0
2021-09-07,5629.44091796875,5659.430329251689,5629.44091796875,5650.861926027992,53902000,168987870.0
2021-09-08,5518.05126953125,5650.861509714067,5500.914464346371,5612.303698048087,77888000,168987870.0
2021-09-09,5629.44091796875,5629.44091796875,5492.346466389603,5492.346466389603,110074000,168987870.0
2021-09-10,5586.5986328125,5625.156445462279,5565.177625784845,5565.177625784845,41483500,168987870.0
2021-09-13,5616.58837890625,5620.872580568269,5590.88316893414,5620.872580568269,29929000,168987870.0
2021-09-14,5608.02001953125,5650.86203648718,5565.1780025753205,5646.577834791588,51990500,168987870.0
2021-09-15,5565.177734375,5612.3039507553885,5556.609331396748,5608.019749266263,44514000,168987870.0
2021-09-16,5569.46142578125,5638.008643329327,5552.324621394231,5638.008643329327,58672500,168987870.0
2021-09-17,5586.5986328125,5599.451237029093,5552.325021568252,5560.893424379314,117540000,168987870.0
2021-09-20,5642.29296875,5646.577169941154,5578.029950882688,5629.440365176538,73157500,168987870.0
2021-09-21,5560.892578125,5599.450384907069,5543.755775110748,5578.029381139253,57115500,168987870.0
2021-09-22,5616.58837890625,5638.009387216343,5569.462160624047,5569.462160624047,68722000,168987870.0
2021-09-23,5638.00927734375,5646.577680500807,5608.019866294049,5616.5882694511065,60998500,168987870.0
2021-09-24,5642.29296875,5642.29296875,5569.46154850038,5569.46154850038,60539500,168987870.0
2021-09-27,5638.00927734375,5650.861882079335,5616.5882694511065,5642.293478922278,55052500,168987870.0
2021-09-28,5586.5986328125,5620.872244056749,5569.461827190376,5603.7354384346245,80186000,168987870.0
2021-09-29,5638.00927734375,5638.00927734375,5582.314656822877,5586.598858401406,74079000,168987870.0
2021-09-30,5997.88232421875,5997.88232421875,5650.861989746094,5655.14619140625,156848000,168987870.0
2021-10-01,5792.23974609375,5912.197373971431,5749.397736137436,5912.197373971431,103954500,270870120.0
2021-10-04,5963.60791015625,5963.60791015625,5775.103062421426,5775.103062421426,74719000,270870120.0
2021-10-05,5950.75537109375,5950.75537109375,5877.923951865101,5920.765963176071,54986500,270870120.0
2021-10-06,6152.11279296875,6152.11279296875,5972.1763463777415,5980.744748596361,174312000,270870120.0
2021-10-07,6134.97705078125,6147.829656334563,6066.429821163582,6147.829656334563,107263500,270870120.0
2021-10-08,6246.36572265625,6254.934125567987,6147.829089171275,6169.250096450617,94643500,270870120.0
2021-10-11,6216.3759765625,6246.365385133098,6194.9549704406445,6203.523372889387,47201000,270870120.0
2021-10-12,6272.07080078125,6272.07080078125,6207.807780281442,6216.37618301475,91067000,270870120.0
2021-10-13,6447.72265625,7068.931815822259,6340.617628737541,6340.617628737541,210893300,270870120.0
2021-10-14,6640.51171875,6769.037752016128,6511.985685483871,6511.985685483871,138811900,270870120.0
2021-10-15,6554.828125,6747.6171875,6383.460069444445,6683.354166666667,142378200,270870120.0
2021-10-18,6447.72265625,6576.24868926495,6404.880645245016,6554.827683762458,116644300,270870120.0
2021-10-19,6426.30224609375,6447.723253580729,6297.776201171875,6404.88123860677,134601200,270870120.0
2021-10-21,6340.61767578125,6469.143709749789,6297.775664458404,6426.301698426943,106120100,270870120.0
2021-10-22,6447.72265625,6469.143661752491,6362.038634240033,6383.459639742525,96730700,270870120.0
2021-10-25,6447.72265625,6447.72265625,6340.617628737541,6340.617628737541,60329800,270870120.0
2021-10-26,6447.72265625,6511.985672757475,6426.301650747509,6511.985672757475,70103000,270870120.0
2021-10-27,6383.46044921875,6490.565490313024,6362.039440999894,6490.565490313024,57067000,270870120.0
2021-10-28,6319.197265625,6362.03928098517,6297.776257944915,6297.776257944915,75271900,270870120.0
2021-10-29,6404.88037109375,6404.88037109375,6319.196352751358,6383.459366508152,60639200,270870120.0
2021-11-01,6340.61767578125,6469.143709749789,6340.61767578125,6469.143709749789,38593400,301232410.0
2021-11-02,6254.9345703125,6362.039614324701,6212.092552707621,6319.1975967198205,90535400,301232410.0
2021-11-03,6297.77587890625,6340.617891687925,6212.091853342899,6254.933866124575,61621500,301232410.0
2021-11-04,6319.197265625,6404.881296345339,6319.197265625,6362.03928098517,61081400,301232410.0
2021-11-05,6383.46044921875,6404.881457437605,6319.197424562185,6404.881457437605,43120400,301232410.0
2021-11-08,6490.56494140625,6511.985947813531,6383.459909369843,6426.301922184406,85441700,301232410.0
2021-11-09,6576.2490234375,6576.2490234375,6490.564997073494,6511.986003664495,101785800,301232410.0
2021-11-10,6554.828125,6576.249131944445,6490.565104166667,6576.249131944445,47503900,301232410.0
2021-11-11,6576.2490234375,6640.512043210505,6511.986003664495,6597.670030028502,55790000,301232410.0
2021-11-12,6447.72265625,6640.511705772426,6447.72265625,6640.511705772426,52590100,301232410.0
2021-11-15,6426.30224609375,6533.407283528645,6426.30224609375,6533.407283528645,67344200,301232410.0
2021-11-16,6404.88037109375,6404.88037109375,6276.354343580163,6340.617357336956,98616900,301232410.0
2021-11-17,6512.3447265625,6512.3447265625,6383.387405244431,6447.866065903465,61968100,301232410.0
2021-11-18,6361.8955078125,6447.867068728885,6361.8955078125,6383.388398041597,78839600,301232410.0
2021-11-19,6383.388671875,6404.881563026094,6340.402889572812,6383.388671875,68203700,301232410.0
2021-11-22,6426.37451171875,6469.360294405832,6361.895837688127,6383.388729031668,66328300,301232410.0
2021-11-23,6426.37451171875,6447.867403062292,6361.895837688127,6361.895837688127,43477500,301232410.0
2021-11-24,6426.37451171875,6512.346077092914,6383.388729031668,6512.346077092914,35181400,301232410.0
2021-11-25,6383.388671875,6469.360236479377,6383.388671875,6404.881563026094,40216100,301232410.0
2021-11-26,6254.43115234375,6404.881386248926,6232.938261785867,6361.895605133162,113288400,301232410.0
2021-11-29,6361.8955078125,6383.388398041597,6168.459495750633,6254.431056667018,87907900,301232410.0
2021-11-30,6254.43115234375,6383.388495691043,6254.43115234375,6297.416933459514,144923700,301232410.0
2021-12-01,6275.92333984375,6404.880668744649,6254.4304516936,6254.4304516936,76538100,301232410.0
2021-12-02,6447.86669921875,6447.86669921875,6275.923587239584,6340.402254231771,66831000,301232410.0
2021-12-03,6340.40185546875,6469.359181342691,6318.908967823093,6469.359181342691,63283700,301232410.0
2021-12-06,6318.9091796875,6426.37362151892,6318.9091796875,6404.880733152636,56944100,301232410.0
2021-12-07,6318.9091796875,6426.37362151892,6318.9091796875,6404.880733152636,51258200,301232410.0
2021-12-08,6383.388671875,6426.374454177188,6361.895780723906,6404.881563026094,74775000,301232410.0
2021-12-09,6318.9091796875,6404.880733152636,6318.9091796875,6361.894956420068,54886400,301232410.0
2021-12-10,6340.40185546875,6340.40185546875,6254.430304886123,6297.416080177437,91092400,301232410.0
2021-12-13,6275.92333984375,6361.894892444349,6275.92333984375,6340.402004294199,59977100,301232410.0
2021-12-14,6275.92333984375,6340.402004294199,6254.4304516936,6275.92333984375,49763600,301232410.0
2021-12-15,6275.92333984375,6340.402004294199,6254.4304516936,6275.92333984375,52477600,301232410.0
2021-12-16,6254.43115234375,6361.895605133162,6254.43115234375,6340.402714575279,95171400,301232410.0
2021-12-17,6447.86669921875,6447.86669921875,6275.923587239584,6297.416476236979,107096800,301232410.0
2021-12-20,6340.40185546875,6361.894743114407,6297.416080177437,6318.908967823093,74753000,301232410.0
2021-12-21,6340.40185546875,6361.894743114407,6297.416080177437,6297.416080177437,52386100,301232410.0
2021-12-22,6297.4169921875,6383.388555220777,6297.4169921875,6383.388555220777,33232000,301232410.0
2021-12-23,6275.92333984375,6318.909116144049,6275.92333984375,6297.416227993899,37136400,301232410.0
2021-12-24,6275.92333984375,6318.909116144049,6275.92333984375,6275.92333984375,30802100,301232410.0
2021-12-27,6318.9091796875,6318.9091796875,6275.923402954932,6275.923402954932,20722100,301232410.0
2021-12-28,6318.9091796875,6361.894956420068,6297.416291321216,6340.402068053784,39343800,301232410.0
2021-12-29,6275.92333984375,6340.402004294199,6275.92333984375,6318.909116144049,42079500,301232410.0
2021-12-30,6275.92333984375,6318.909116144049,6275.92333984375,6318.909116144049,49954700,301232410.0
2022-01-03,6297.4169921875,6361.895664462458,6275.924101429181,6297.4169921875,54287400,301232410.0
2022-01-04,6361.8955078125,6404.8812882706925,6297.416837125212,6297.416837125212,70624000,301232410.0
2022-01-05,6404.88037109375,6469.3590325477135,6340.401709639786,6404.88037109375,76164900,301232410.0
2022-01-06,6426.37451171875,6469.360294405832,6383.388729031668,6447.867403062292,63657100,301232410.0
2022-01-07,6576.8232421875,6619.809015012255,6447.865923713235,6490.85169653799,143433300,301232410.0
2022-01-10,6533.83837890625,6576.824157714844,6490.852600097656,6512.345489501953,45351900,301232410.0
2022-01-11,6619.8095703125,6619.8095703125,6555.330905666599,6576.823793881899,110334600,301232410.0
2022-01-12,6619.8095703125,6619.8095703125,6576.823793881899,6619.8095703125,62606000,301232410.0
2022-01-13,6619.8095703125,6662.795346743101,6576.823793881899,6619.8095703125,50025200,301232410.0
2022-01-14,6748.767578125,6748.767578125,6576.824455115446,6619.810235867834,65898700,301232410.0
2022-01-17,6662.7958984375,6791.753238407258,6619.810118447581,6791.753238407258,63902600,301232410.0
2022-01-18,6598.31640625,6684.287955517101,6490.851969666124,6684.287955517101,71476300,301232410.0
2022-01-19,6598.31640625,6641.30218088355,6512.344856982899,6576.8235189332245,60389700,301232410.0
2022-01-20,6684.28857421875,6684.28857421875,6555.331238381732,6641.302795606411,59925500,301232410.0
2022-01-21,6834.73828125,6834.73828125,6619.809404481132,6684.288067511793,63370500,301232410.0
2022-01-24,6705.78173828125,6748.767518654848,6684.288848094451,6727.274628468049,40278300,301232410.0
2022-01-25,6684.28857421875,6684.28857421875,6555.331238381732,6598.317016994071,106796900,301232410.0
2022-01-26,6619.8095703125,6662.795346743101,6576.823793881899,6619.8095703125,53350200,301232410.0
2022-01-27,6705.78173828125,6705.78173828125,6555.331506973657,6555.331506973657,71945100,301232410.0
2022-01-28,6684.28857421875,6727.274352831088,6619.809906300241,6705.78146352492,70595000,301232410.0
2022-01-31,6555.3310546875,6684.288386910861,6555.3310546875,6684.288386910861,68122000,301232410.0
2022-02-02,6705.78173828125,6705.78173828125,6598.317287347255,6684.288848094451,65308100,301232410.0
2022-02-03,6641.302734375,6727.274290807039,6619.80984526699,6705.781401699029,35100600,301232410.0
2022-02-04,6641.302734375,6705.781401699029,6619.80984526699,6662.79562348301,39324700,301232410.0
2022-02-07,6705.78173828125,6705.78173828125,6619.810177534054,6684.288848094451,56813200,301232410.0
2022-02-08,6641.302734375,6748.7671799150485,6641.302734375,6662.79562348301,61883100,301232410.0
2022-02-09,6834.73828125,6834.73828125,6705.780955188679,6748.766730542453,108922200,301232410.0
2022-02-10,6662.7958984375,6834.7390183971775,6662.7958984375,6834.7390183971775,93277000,301232410.0
2022-02-11,6727.27490234375,6727.27490234375,6576.824664911142,6598.317555972943,71968800,301232410.0
2022-02-14,6619.8095703125,6684.288234958401,6619.8095703125,6662.795346743101,57710700,301232410.0
2022-02-15,6770.259765625,6770.259765625,6641.302436755953,6662.795324900794,55617000,301232410.0
2022-02-16,6856.23193359375,6856.23193359375,6727.27459314998,6748.767483223942,77055100,301232410.0
2022-02-17,6791.75341796875,6813.246308531942,6705.781855715981,6748.767636842365,48704600,301232410.0
2022-02-18,6813.24609375,6834.738983635647,6748.76742409306,6834.738983635647,56813400,301232410.0
2022-02-21,6834.73828125,6856.231168926887,6791.7525058962265,6813.245393573114,43821700,301232410.0
2022-02-22,6791.75341796875,6834.739199095135,6748.767636842365,6791.75341796875,80095500,301232410.0
2022-02-23,6920.71044921875,6963.696228406445,6770.260222061821,6791.753111655668,99240300,301232410.0
2022-02-24,6877.724609375,7006.681945800781,6813.245941162109,6985.189056396484,124947700,301232410.0
2022-02-25,6920.71044921875,7028.174897187985,6813.246001249515,6834.738890843362,135899900,301232410.0
2022-03-01,6920.71044921875,7028.174897187985,6877.724670031056,6877.724670031056,136616800,301232410.0
2022-03-02,6856.23193359375,7071.1608343333655,6856.23193359375,7071.1608343333655,100301000,301232410.0
2022-03-04,6791.75341796875,6899.217870784711,6791.75341796875,6856.232089658327,132983400,301232410.0
2022-03-07,6619.8095703125,6748.766899604301,6619.8095703125,6705.781123173701,130990900,301232410.0
2022-03-08,6576.8232421875,6748.76633348652,6576.8232421875,6619.809015012255,119256500,301232410.0
2022-03-09,6748.767578125,6834.739139629777,6576.824455115446,6619.810235867834,132814500,301232410.0
2022-03-10,6813.24609375,6856.231873521293,6705.781644321766,6813.24609375,86484000,301232410.0
2022-03-11,6834.73828125,6834.73828125,6641.30229215802,6641.30229215802,61053900,301232410.0
2022-03-14,6942.203125,6963.696013931889,6834.738680340558,6920.710236068112,78432100,301232410.0
2022-03-15,7006.68212890625,7049.66790883819,6942.203459008339,7006.68212890625,111214500,301232410.0
2022-03-16,7049.66796875,7114.146639195885,6942.20351800686,7114.146639195885,149761300,301232410.0
2022-03-17,6877.724609375,7135.6392822265625,6877.724609375,7135.6392822265625,132439400,301232410.0
2022-03-18,6791.75341796875,6963.696542474288,6791.75341796875,6877.724980221519,143981700,301232410.0
2022-03-21,6791.75341796875,6834.739199095135,6705.781855715981,6705.781855715981,85485500,301232410.0
2022-03-22,6813.24609375,6834.738983635647,6770.260313978707,6791.753203864353,60010900,301232410.0
2022-03-23,6791.75341796875,6834.739199095135,6727.274746279173,6813.246308531942,82208000,301232410.0
2022-03-24,6813.24609375,6834.738983635647,6705.781644321766,6748.76742409306,95245100,301232410.0
2022-03-25,6834.73828125,6834.73828125,6791.7525058962265,6791.7525058962265,85101200,301232410.0
2022-03-28,6895.841796875,6895.841796875,6808.552660205696,6830.374944373022,83911500,301232410.0
2022-03-29,6852.19677734375,6895.841342804538,6830.374494613356,6874.019060074143,62180600,301232410.0
2022-03-30,6874.0185546875,6895.840835813492,6830.373992435516,6895.840835813492,71430600,301232410.0
2022-03-31,6961.30810546875,6983.130387931035,6874.018975619612,6917.663540544181,112691900,301232410.0
2022-04-01,6917.66357421875,7048.59726962983,6852.19672651321,7048.59726962983,105575400,114771080.0
2022-04-04,6895.841796875,6917.664081042326,6830.374944373022,6917.664081042326,57321200,114771080.0
2022-04-05,6895.841796875,6895.841796875,6852.197228540348,6895.841796875,48528300,114771080.0
2022-04-06,6764.90771484375,6852.196846648186,6764.90771484375,6830.374563697076,119263000,114771080.0
2022-04-07,6764.90771484375,6830.374563697076,6721.263148941533,6743.085431892641,68619400,114771080.0
2022-04-08,6852.19677734375,6874.019060074143,6786.729929152568,6808.552211882961,69791600,114771080.0
2022-04-11,6743.0849609375,6874.018649499393,6743.0849609375,6830.374086645429,62776200,114771080.0
2022-04-12,6808.55224609375,6808.55224609375,6721.263114733574,6743.085397573618,73471300,114771080.0
2022-04-13,6808.55224609375,6852.196811773839,6764.907680413662,6808.55224609375,57622100,114771080.0
2022-04-14,6721.2626953125,6808.551821225649,6721.2626953125,6808.551821225649,93342900,114771080.0
2022-04-18,6721.2626953125,6743.084976790787,6655.795850877637,6721.2626953125,68464700,114771080.0
2022-04-19,6655.7958984375,6721.262743340164,6655.7958984375,6721.262743340164,98632000,114771080.0
2022-04-20,6677.61767578125,6743.08451573989,6655.795395795037,6743.08451573989,124388800,114771080.0
2022-04-21,6917.66357421875,6917.66357421875,6764.907596239156,6808.552161376183,129323400,114771080.0
2022-04-22,6874.0185546875,6917.663116939484,6808.551711309524,6852.196273561508,85956100,114771080.0
2022-04-25,6983.13037109375,6983.13037109375,6830.3743942260735,6874.01895904541,91279600,114771080.0
2022-04-26,7092.2421875,7092.2421875,6917.663918269231,6917.663918269231,128360900,114771080.0
2022-04-27,7157.708984375,7157.708984375,7048.59756693026,7048.59756693026,89463100,114771080.0
2022-04-28,7092.2421875,7201.353605769231,7048.597620192308,7201.353605769231,133730600,114771080.0
2022-05-09,6633.9736328125,6895.841013055099,6633.9736328125,6874.018731368215,456796600,114771080.0
2022-05-10,6568.5068359375,6633.9736814784055,6328.461735620847,6328.461735620847,268445700,114771080.0
2022-05-11,6677.61767578125,6721.262235753677,6503.039435891545,6568.5062758501845,156535200,114771080.0
2022-05-12,6350.28466796875,6590.329792874785,6350.28466796875,6568.507508792419,240529600,114771080.0
2022-05-13,6393.92919921875,6524.8629029570175,6328.462347349616,6328.462347349616,212968600,114771080.0
2022-05-17,6459.39599609375,6524.86284740551,6350.284577240815,6350.284577240815,159657600,114771080.0
2022-05-18,6612.15087890625,6612.15087890625,6437.572637879022,6546.68403852104,153514300,114771080.0
2022-05-19,6503.03955078125,6524.861831152999,6437.572709666003,6459.394990037752,140908900,114771080.0
2022-05-20,6459.39599609375,6524.86284740551,6459.39599609375,6481.218279864337,86520200,114771080.0
2022-05-23,6437.57275390625,6524.861875993114,6415.7504733845335,6503.039595471398,71603500,114771080.0
2022-05-24,6415.75048828125,6524.861891143177,6393.928207708866,6393.928207708866,108710800,114771080.0
2022-05-25,6437.57275390625,6503.039595471398,6415.7504733845335,6459.395034427966,76747400,114771080.0
2022-05-27,6612.15087890625,6612.15087890625,6524.861758392636,6568.506318649443,84336900,114771080.0
2022-05-30,6612.15087890625,6633.973159034654,6524.861758392636,6612.15087890625,105411400,114771080.0
2022-05-31,6764.90771484375,6764.90771484375,6568.50716828377,6633.974017137097,286292700,114771080.0
2022-06-02,6612.15087890625,6699.439999419864,6568.506318649443,6655.7954391630565,149226300,114771080.0
2022-06-03,6633.9736328125,6699.44047787315,6612.151351125617,6633.9736328125,80563100,114771080.0
2022-06-06,6503.03955078125,6612.150952639996,6481.217270409501,6590.328672268247,81140300,114771080.0
2022-06-07,6437.57275390625,6524.861875993114,6372.105912341101,6372.105912341101,129242500,114771080.0
2022-06-08,6633.9736328125,6633.9736328125,6481.217661004318,6546.684506064968,108910500,114771080.0
2022-06-09,6546.6845703125,6612.151416015626,6546.6845703125,6546.6845703125,107828300,114771080.0
2022-06-10,6415.75048828125,6503.039610570791,6415.75048828125,6459.395049426021,111768600,114771080.0
2022-06-13,6415.75048828125,6459.395049426021,6350.283646564095,6372.10592713648,85539500,114771080.0
2022-06-14,6459.39599609375,6459.39599609375,6328.462293470227,6372.106861011402,80865100,114771080.0
2022-06-15,6393.92919921875,6437.5737671315055,6372.106915262372,6372.106915262372,130367100,114771080.0
2022-06-16,6612.15087890625,6633.973159034654,6437.572637879022,6459.394918007426,132666300,114771080.0
2022-06-17,6546.6845703125,6590.329134114584,6481.217724609375,6481.217724609375,117839400,114771080.0
2022-06-20,6655.7958984375,6677.618180071721,6546.684490266393,6633.973616803279,88138700,114771080.0
2022-06-21,6677.61767578125,6677.61767578125,6590.328555836397,6633.973115808823,44295700,114771080.0
2022-06-22,6546.6845703125,6677.618261718751,6546.6845703125,6655.795979817709,53041800,114771080.0
2022-06-23,6568.5068359375,6612.151399631437,6503.0399903965945,6503.0399903965945,60443000,114771080.0
2022-06-24,6524.86279296875,6633.974210911371,6524.86279296875,6633.974210911371,57956600,114771080.0
2022-06-27,6415.75048828125,6546.684171715561,6415.75048828125,6524.861891143177,76354100,114771080.0
2022-06-28,6372.10595703125,6459.395079730308,6372.10595703125,6372.10595703125,146078100,114771080.0
2022-06-29,6350.28466796875,6459.396088380584,6350.28466796875,6393.929236133484,98517800,114771080.0
2022-06-30,6328.4619140625,6459.395608836207,6328.4619140625,6372.10647898707,101343900,114771080.0
2022-07-01,6328.4619140625,6393.928761449354,6328.4619140625,6372.10647898707,68738800,212848760.0
2022-07-04,6153.8837890625,6350.284335521941,6110.239223182624,6328.462052582004,102238600,212848760.0
2022-07-05,6328.4619140625,6393.928761449354,6197.5282192887935,6197.5282192887935,69172900,212848760.0
2022-07-06,6372.10595703125,6393.928237706014,6262.994553657427,6372.10595703125,66801100,212848760.0
2022-07-07,6197.5283203125,6328.462017220511,6197.5283203125,6306.639734402509,86126800,212848760.0
2022-07-08,6241.17236328125,6262.994644271744,6175.705520309768,6219.350082290756,64312400,212848760.0
2022-07-11,6219.35107421875,6284.817927631579,6219.35107421875,6284.817927631579,36830800,212848760.0
2022-07-12,6262.9951171875,6328.461965102351,6241.172834549216,6262.9951171875,34269000,212848760.0
2022-07-13,6110.23876953125,6219.350176130022,6110.23876953125,6197.527894810268,71988200,212848760.0
2022-07-14,6132.0615234375,6197.528372442171,6110.239240435943,6132.0615234375,83316300,212848760.0
2022-07-15,6110.23876953125,6197.527894810268,6110.23876953125,6197.527894810268,57419900,212848760.0
2022-07-18,6241.17236328125,6241.17236328125,6132.0609583287805,6132.0609583287805,60077700,212848760.0
2022-07-19,6262.9951171875,6262.9951171875,6197.528269272648,6197.528269272648,59641000,212848760.0
2022-07-20,6459.39599609375,6459.39599609375,6262.995442158467,6284.817725929053,105792900,212848760.0
2022-07-21,6459.39599609375,6459.39599609375,6328.462293470227,6459.39599609375,64337100,212848760.0
2022-07-22,6393.92919921875,6459.396051087884,6372.106915262372,6459.396051087884,38956500,212848760.0
2022-07-25,6372.10595703125,6437.572799055543,6372.10595703125,6415.750518380779,31247600,212848760.0
2022-07-26,6372.10595703125,6437.572799055543,6328.461395681721,6328.461395681721,44379900,212848760.0
2022-07-27,6393.92919921875,6415.751483175128,6350.284631305994,6393.92919921875,58465500,212848760.0
2022-07-28,6415.75048828125,6503.039610570791,6393.928207708866,6437.572768853635,86909700,212848760.0
2022-07-29,6415.75048828125,6524.861891143177,6415.75048828125,6459.395049426021,131553000,212848760.0
2022-08-01,6546.6845703125,6546.6845703125,6415.75087890625,6415.75087890625,104841600,245474330.0
2022-08-02,6633.9736328125,6655.795914499384,6546.684506064968,6633.9736328125,106466900,245474330.0
2022-08-03,6655.7958984375,6655.7958984375,6612.151335169057,6655.7958984375,60170600,245474330.0
2022-08-04,6808.55224609375,6808.55224609375,6677.618549053486,6699.44083189353,164221000,245474330.0
2022-08-05,6874.0185546875,6874.0185546875,6743.084867931548,6830.373992435516,118734200,245474330.0
2022-08-08,6874.0185546875,6917.663116939484,6764.90714905754,6874.0185546875,84328900,245474330.0
2022-08-09,6895.841796875,6961.308649376978,6874.019512707674,6874.019512707674,92875800,245474330.0
2022-08-10,6895.841796875,6895.841796875,6743.085807703718,6808.552660205696,104376300,245474330.0
2022-08-11,6939.4853515625,6939.4853515625,6830.373946663719,6852.196227643475,73204700,245474330.0
2022-08-12,6917.66357421875,6961.308139355777,6852.19672651321,6917.66357421875,59381200,245474330.0
2022-08-15,6939.4853515625,6961.307632542256,6895.840789602988,6939.4853515625,81411000,245474330.0
2022-08-16,6961.30810546875,6961.30810546875,6852.196693157328,6939.485823006466,83556700,245474330.0
2022-08-18,6983.13037109375,7004.952653503417,6874.01895904541,6895.841241455078,86136900,245474330.0
2022-08-19,6895.841796875,7026.775501878956,6895.841796875,7026.775501878956,58194900,245474330.0
2022-08-22,6983.13037109375,6983.13037109375,6830.3743942260735,6852.196676635742,97293300,245474330.0
2022-08-23,6895.841796875,6983.130933544304,6895.841796875,6983.130933544304,71671800,245474330.0
2022-08-24,6939.4853515625,7004.952194501769,6895.840789602988,6939.4853515625,108892400,245474330.0
2022-08-25,7048.59716796875,7070.419450222524,6895.841192192338,6983.130321207431,99503500,245474330.0
2022-08-26,6983.13037109375,7092.24178314209,6983.13037109375,7004.952653503417,80472400,245474330.0
2022-08-29,7114.064453125,7114.064453125,6939.486184336656,6983.130751533742,57762100,245474330.0
2022-08-30,7135.8857421875,7223.174864416093,7048.596619958907,7070.418900516055,124467000,245474330.0
2022-08-31,7157.708984375,7179.531267863948,7026.775283441311,7048.59756693026,137659900,245474330.0
2022-09-01,7114.064453125,7201.353587519171,7092.242169526457,7114.064453125,74960800,245474330.0
2022-09-02,7179.53173828125,7179.53173828125,7114.064883524886,7114.064883524886,71430600,245474330.0
2022-09-05,7223.17578125,7244.998064577039,7157.708931268882,7179.5312145959215,62906000,245474330.0
2022-09-06,7223.17578125,7288.642631231118,7201.353497922961,7244.998064577039,67079900,245474330.0
2022-09-07,7310.4638671875,7310.4638671875,7201.352466184701,7201.352466184701,117931700,245474330.0
2022-09-08,7288.6416015625,7419.575283027695,7288.6416015625,7332.286162050898,132777400,245474330.0
2022-09-09,7310.4638671875,7419.575268190299,7223.174746385262,7419.575268190299,91234600,245474330.0
2022-09-12,7310.4638671875,7354.10842758862,7266.81930678638,7266.81930678638,52395300,245474330.0
2022-09-13,7441.3984375,7485.043003115836,7310.464740652493,7310.464740652493,124485200,245474330.0
2022-09-14,7419.57568359375,7550.509372127757,7310.4642764820765,7310.4642764820765,116642400,245474330.0
2022-09-15,7637.798828125,7746.910239955358,7419.576004464287,7419.576004464287,190404800,245474330.0
2022-09-16,7375.9306640625,7615.9757448455985,7375.9306640625,7594.153464774408,363127600,245474330.0
2022-09-19,7550.509765625,7637.79889586344,7375.931505148122,7397.753787707731,102530600,245474330.0
2022-09-20,7463.22119140625,7550.510328147843,7463.22119140625,7463.22119140625,89238400,245474330.0
2022-09-21,7397.75390625,7506.86532079646,7354.109340431416,7441.398472068584,90933700,245474330.0
2022-09-22,7397.75390625,7441.398472068584,7310.464774612831,7310.464774612831,61908500,245474330.0
2022-09-23,7310.4638671875,7397.752987989739,7310.4638671875,7310.4638671875,60567600,245474330.0
2022-09-26,7354.10888671875,7419.575731407641,7157.708352652077,7157.708352652077,106228200,245474330.0
2022-09-27,7244.99755859375,7375.931249411709,7244.99755859375,7310.46440400273,89567100,245474330.0
2022-09-28,7266.81982421875,7354.108951236392,7201.352978955518,7201.352978955518,89153400,245474330.0
2022-09-29,7310.4638671875,7375.930707789179,7266.81930678638,7266.81930678638,62643700,245474330.0
2022-09-30,7463.22119140625,7485.043475591648,7223.176065366867,7310.465202108461,176524800,245474330.0
2022-10-03,7419.57568359375,7441.397965016084,7375.931120749081,7375.931120749081,115079600,245474330.0
2022-10-04,7463.22119140625,7528.688043962445,7441.3989072208515,7441.3989072208515,80524500,245474330.0
2022-10-05,7375.9306640625,7463.219784347263,7354.108383991309,7441.397504276072,63788000,245474330.0
2022-10-06,7354.10888671875,7419.575731407641,7354.10888671875,7397.753449844678,43967400,245474330.0
2022-10-07,7157.708984375,7310.464968797637,7157.708984375,7266.820401819741,112043400,245474330.0
2022-10-10,7244.99755859375,7310.46440400273,7092.241585972798,7114.063867775791,80238200,245474330.0
2022-10-11,7201.3525390625,7244.997099905303,7114.063417376894,7157.707978219697,64060000,245474330.0
2022-10-12,7266.81982421875,7266.81982421875,7135.886133692286,7157.708415446697,47569700,245474330.0
2022-10-13,7223.17578125,7310.464914558157,7223.17578125,7223.17578125,62282800,245474330.0
2022-10-14,7201.3525390625,7288.641660748106,7201.3525390625,7244.997099905303,70642900,245474330.0
2022-10-17,7201.3525390625,7244.997099905303,7135.885697798296,7201.3525390625,56387500,245474330.0
2022-10-18,7244.99755859375,7397.753531214703,7201.352994987764,7223.175276790757,85665300,245474330.0
2022-10-19,7223.17578125,7288.642631231118,7179.5312145959215,7201.353497922961,66753500,245474330.0
2022-10-20,7419.57568359375,7419.57568359375,7201.352869370404,7201.352869370404,91812300,245474330.0
2022-10-21,7550.509765625,7615.976613303829,7375.931505148122,7375.931505148122,122777800,245474330.0
2022-10-24,7768.732421875,7768.732421875,7615.97644728757,7637.798729371489,89416500,245474330.0
2022-10-25,7594.15478515625,7746.910772213991,7594.15478515625,7703.266204483208,84696300,245474330.0
2022-10-26,7463.22119140625,7550.510328147843,7463.22119140625,7528.688043962445,98962100,245474330.0
2022-10-27,7594.15478515625,7594.15478515625,7463.221081963901,7463.221081963901,77003400,245474330.0
2022-10-28,7637.798828125,7637.798828125001,7550.509698660715,7550.509698660715,84980600,245474330.0
2022-10-31,7681.443359375,7725.087923916903,7659.621077104048,7725.087923916903,138922800,245474330.0
2022-11-01,7681.443359375,7856.021617542613,7615.976512562144,7856.021617542613,118118400,364529680.0
2022-11-02,7637.798828125,7703.265675223215,7615.976545758929,7681.443392857143,68323600,364529680.0
2022-11-03,7681.443359375,7703.265641645951,7594.154230291193,7594.154230291193,81856300,364529680.0
2022-11-04,7659.62109375,7681.443376068376,7572.331964476496,7659.62109375,84458300,364529680.0
2022-11-07,7725.08740234375,7725.08740234375,7572.331436760682,7615.975998355844,94794000,364529680.0
2022-11-08,7637.798828125,7746.910239955358,7615.976545758929,7725.087957589286,42525500,364529680.0
2022-11-09,7746.91064453125,7746.91064453125,7572.332376485476,7572.332376485476,96599500,364529680.0
2022-11-10,7681.443359375,7681.443359375,7615.976512562144,7615.976512562144,89463000,364529680.0
2022-11-11,7725.08740234375,7790.554244736493,7703.265121546168,7768.731963938912,59597900,364529680.0
2022-11-14,7637.798828125,7768.732522321429,7637.798828125001,7746.910239955358,49208200,364529680.0
2022-11-15,7681.443359375,7725.087923916903,7637.798794833096,7659.621077104048,59092900,364529680.0
2022-11-16,7506.86474609375,7572.331589809684,7463.220183616461,7528.687027332395,143424800,364529680.0
2022-11-17,7615.97705078125,7703.266186033758,7506.865631715616,7528.687915528743,72679800,364529680.0
2022-11-18,7703.265625,7768.732471671387,7615.976496104816,7615.976496104816,83556900,364529680.0
2022-11-21,7615.97705078125,7768.733037473138,7615.97705078125,7746.910753660011,35901000,364529680.0
2022-11-22,7768.732421875,7812.376986042837,7725.0878577071635,7768.732421875,84684200,364529680.0
2022-11-23,7746.91064453125,7834.199778554138,7746.91064453125,7768.732928036972,84642100,364529680.0
2022-11-24,7856.0205078125,7856.0205078125,7812.375949435764,7834.198228624132,53520800,364529680.0
2022-11-25,7834.19873046875,7856.021011055014,7768.731888709958,7856.021011055014,75048300,364529680.0
2022-11-28,7877.8447265625,7943.311580245844,7834.200157440269,7899.667011123614,96209700,364529680.0
2022-11-29,7834.19873046875,7921.487852813806,7790.554169296222,7834.19873046875,91562100,364529680.0
2022-11-30,8117.88818359375,8205.177303847446,7725.087142452117,7746.909422515541,644359600,364529680.0
2022-12-01,7856.0205078125,8161.532416449652,7856.0205078125,8096.065578884548,155775400,364529680.0
2022-12-02,7799.0625,7864.784936797753,7799.0625,7799.0625,130982100,364529680.0
2022-12-05,7689.52490234375,7799.062294115028,7689.524902343749,7711.432380698005,114656300,364529680.0
2022-12-06,7601.89501953125,7667.61745485861,7514.265105761438,7645.709976416157,180553800,364529680.0
2022-12-07,7404.72705078125,7514.264433189257,7404.72705078125,7448.542003744453,229308700,364529680.0
2022-12-08,7448.54248046875,7514.264914119945,7317.097613166361,7339.005091050092,172590100,364529680.0
2022-12-09,7514.26513671875,7536.1726152514575,7404.727744055211,7448.542701120627,90851300,364529680.0
2022-12-12,7623.802734375,7623.802734375,7426.635422279095,7470.450380522629,102851800,364529680.0
2022-12-13,7623.802734375,7623.802734375,7492.357859644397,7558.080297009698,104580200,364529680.0
2022-12-14,7558.080078125,7623.802513586957,7470.450164175724,7536.172599637681,118164300,364529680.0
2022-12-15,7448.54248046875,7536.172392003677,7448.54248046875,7514.264914119945,113255700,364529680.0
2022-12-16,7536.171875,7579.986827761628,7360.912063953488,7382.8195403343025,181516700,364529680.0
2022-12-19,7579.98779296875,7623.80275130961,7536.172834627891,7579.98779296875,67482900,364529680.0
2022-12-20,7514.26513671875,7579.987572316872,7492.357658186042,7492.357658186042,41243700,364529680.0
2022-12-21,7601.89501953125,7623.802497973704,7514.265105761438,7536.17258420389,33617700,364529680.0
2022-12-22,7514.26513671875,7601.895050849581,7514.26513671875,7579.987572316872,59591500,364529680.0
2022-12-23,7448.54248046875,7514.264914119945,7448.54248046875,7470.449958352482,47393000,364529680.0
2022-12-26,7514.26513671875,7558.080093784165,7448.542701120627,7448.542701120627,20495900,364529680.0
2022-12-27,7536.171875,7579.986827761628,7514.264398619186,7536.171875,27193800,364529680.0
2022-12-28,7579.98779296875,7579.98779296875,7492.35787628703,7579.98779296875,40420200,364529680.0
2022-12-29,7514.26513671875,7536.1726152514575,7448.542701120627,7470.450179653334,47020900,364529680.0
2022-12-30,7492.35791015625,7579.9878272341,7492.357910156249,7514.265389425712,44681400,364529680.0
2023-01-02,7492.35791015625,7536.172868695175,7448.542951617324,7514.265389425712,10653900,364529680.0
2023-01-03,7492.35791015625,7536.172868695175,7470.450430886787,7492.357910156249,27399100,364529680.0
2023-01-04,7317.09716796875,7514.264456925992,7317.09716796875,7470.449503824383,90918800,364529680.0
2023-01-05,7229.46728515625,7339.004668264678,7141.837378669507,7317.097191642993,128838500,364529680.0
2023-01-06,7273.28271484375,7295.190192900509,7098.022890389684,7098.022890389684,69286600,364529680.0
2023-01-09,7404.72705078125,7404.72705078125,7295.189668373244,7295.189668373244,86916900,364529680.0
2023-01-10,7163.7451171875,7382.819891413417,7141.837639764908,7360.912413990825,101759100,364529680.0
2023-01-11,7119.9306640625,7141.8381430288455,7010.393269230769,7054.208227163461,96069100,364529680.0
2023-01-12,7163.7451171875,7251.375026877867,7119.930162342316,7141.837639764908,103804600,364529680.0
2023-01-13,7054.2080078125,7163.74539923816,7032.300529527368,7141.837920953028,119748200,364529680.0
2023-01-16,7141.83837890625,7185.6533382860425,7054.208460146664,7054.208460146664,105710700,364529680.0
2023-01-17,7295.1904296875,7339.00538722316,7141.838078312688,7163.745557080518,88695900,364529680.0
2023-01-18,7273.28271484375,7295.190192900509,7163.745324559959,7185.652802616717,96814600,364529680.0
2023-01-19,7295.1904296875,7317.09790845533,7229.467993384009,7317.09790845533,66391800,364529680.0
2023-01-20,7273.28271484375,7295.190192900509,7229.467758730234,7251.375236786992,96859500,364529680.0
2023-01-24,7207.56103515625,7317.098436906344,7207.56103515625,7273.283476206307,42474500,364529680.0
2023-01-25,7185.6533203125,7273.283238852897,7185.6533203125,7273.283238852897,66124500,364529680.0
2023-01-26,7426.63525390625,7426.63525390625,7207.560467655328,7207.560467655328,77582300,364529680.0
2023-01-27,7623.802734375,7755.247609105604,7492.357859644397,7623.802734375,196804700,364529680.0
2023-01-30,7623.802734375,7689.5251717403025,7514.265338766164,7645.710213496768,68544300,364529680.0
2023-01-31,7426.63525390625,7601.895082906987,7426.63525390625,7558.080125656803,200589000,364529680.0
2023-02-01,7448.54248046875,7514.264914119945,7404.727524701287,7514.264914119945,77396200,81148390.0
2023-02-02,7404.72705078125,7470.449480226054,7360.912097818047,7382.819574299649,99109500,81148390.0
2023-02-03,7623.802734375,7623.802734375,7448.542901400862,7492.357859644397,71716700,81148390.0
2023-02-06,7645.71044921875,7667.617929015938,7579.988009827185,7667.617929015938,117757700,81148390.0
2023-02-07,7755.24658203125,7755.24658203125,7667.616677149541,7689.524153369968,116014700,81148390.0
2023-02-08,7733.33984375,7755.247322060907,7711.432365439094,7733.339843750001,54495500,81148390.0
2023-02-09,7799.0625,7799.0625,7711.432584269663,7733.340063202248,72381700,81148390.0
2023-02-10,7733.33984375,7799.06227868272,7623.802452195468,7777.154800371813,62060900,81148390.0
2023-02-13,7777.1552734375,7799.062753080986,7689.525354863556,7777.1552734375,63775000,81148390.0
2023-02-14,7842.87744140625,7842.877441406251,7733.340046973202,7755.2475258598115,81678200,81148390.0
2023-02-15,7777.1552734375,7799.062753080986,7667.61787522007,7777.1552734375,38037000,81148390.0
2023-02-16,7623.802734375,7755.247609105604,7623.802734375,7733.340129983837,66040400,81148390.0
2023-02-17,7645.71044921875,7755.247848204692,7645.71044921875,7689.525408813127,43588900,81148390.0
2023-02-20,7667.6171875,7733.339620535715,7623.802232142858,7645.709709821429,40077000,81148390.0
2023-02-21,7623.802734375,7711.43265086207,7623.802734375,7689.5251717403025,25390500,81148390.0
2023-02-22,7601.89501953125,7667.61745485861,7558.080062646344,7623.802497973704,38671900,81148390.0
2023-02-23,7645.71044921875,7667.617929015938,7558.080530029996,7558.080530029996,53412300,81148390.0
2023-02-24,7601.89501953125,7755.247368628423,7601.89501953125,7689.524933301063,44123400,81148390.0
2023-02-27,7689.52490234375,7689.524902343749,7579.987510572471,7601.894988926727,59983900,81148390.0
2023-02-28,7667.6171875,7689.524665178572,7601.894754464286,7689.524665178572,106349400,81148390.0
2023-03-01,7536.171875,7667.616733284884,7536.171875,7645.70925690407,67034700,81148390.0
2023-03-02,7558.080078125,7623.802513586957,7536.172599637681,7536.172599637681,56672000,81148390.0
2023-03-03,7426.63525390625,7601.895082906987,7426.63525390625,7579.987604281895,95376900,81148390.0
2023-03-06,7360.912109375,7492.356968470982,7360.912109375,7492.356968470982,92652000,81148390.0
2023-03-07,7382.8203125,7426.635269844214,7317.09787648368,7317.09787648368,106115600,81148390.0
2023-03-08,7514.26513671875,7514.26513671875,7360.912786989796,7360.912786989796,79350900,81148390.0
2023-03-09,7514.26513671875,7579.987572316872,7492.357658186042,7579.987572316872,54201400,81148390.0
2023-03-10,7404.72705078125,7492.356956707656,7404.72705078125,7448.542003744453,59580100,81148390.0
2023-03-13,7492.35791015625,7558.080347964637,7404.727993078399,7404.727993078399,82077700,81148390.0
2023-03-14,7295.1904296875,7426.635302294481,7295.1904296875,7382.820344758821,90495300,81148390.0
2023-03-15,7295.1904296875,7426.635302294481,7295.1904296875,7404.727823526651,86747400,81148390.0
2023-03-16,7273.28271484375,7317.097670957267,7229.467758730234,7273.28271484375,105894000,81148390.0
2023-03-17,7339.00439453125,7404.726821944962,7295.189442922107,7339.00439453125,198558600,81148390.0
2023-03-20,7360.912109375,7426.634538922991,7339.004632859003,7360.912109375,37277900,81148390.0
2023-03-21,7448.54248046875,7448.54248046875,7339.005091050092,7360.912568933823,91617400,81148390.0
2023-03-24,7733.33984375,7733.339843750001,7558.080017262749,7623.802452195468,145603600,81148390.0
2023-03-27,7623.802734375,7733.340129983837,7623.802734375,7733.340129983837,110692800,81148390.0
2023-03-28,7601.89501953125,7711.432411743516,7601.89501953125,7711.432411743516,98296600,81148390.0
2023-03-29,7865.5703125,7865.5703125,7709.152721058238,7753.84346147017,101068200,81148390.0
2023-03-30,7887.91552734375,7954.951636641289,7865.570157577904,7954.951636641289,118912100,81148390.0
2023-03-31,7820.87939453125,7910.260873325893,7798.534024832589,7887.915503627232,97146900,81148390.0
2023-04-03,7865.5703125,7887.915682705966,7820.879572088068,7887.915682705966,60288900,81148390.0
2023-04-04,7843.224609375,7887.915347889957,7731.4977630876065,7887.915347889957,60975800,81148390.0
2023-04-05,7798.53466796875,7865.570782593123,7798.53466796875,7843.225411051666,36922100,81148390.0
2023-04-06,7820.87939453125,7843.224764229911,7776.188655133928,7776.188655133928,45489400,81148390.0
2023-04-10,7865.5703125,7865.5703125,7776.188831676136,7798.534201882102,32996000,81148390.0
2023-04-11,7887.91552734375,7887.91552734375,7820.879418046211,7887.91552734375,44554300,81148390.0
2023-04-12,7954.95166015625,7954.95166015625,7887.915550660551,7954.95166015625,91903600,81148390.0
2023-04-13,7977.296875,7999.642244397759,7932.606136204482,7999.642244397759,51726500,81148390.0
2023-04-14,8044.33203125,8044.33203125,7999.641297743056,8044.33203125,110354200,81148390.0
2023-04-17,8066.67919921875,8089.024570961738,7954.952340503809,8066.67919921875,83946900,81148390.0
2023-04-18,8156.0595703125,8200.750307684075,8066.678095569348,8089.023464255137,91178700,81148390.0
2023-04-26,8223.0966796875,8223.0966796875,8044.333708389945,8156.060565450917,186928200,81148390.0
2023-04-27,8178.404296875,8200.749663806353,8111.368196080943,8133.713563012295,54842400,81148390.0
2023-04-28,8089.02490234375,8156.061020318974,8089.02490234375,8133.715647660567,145775300,81148390.0
2023-05-02,8089.02490234375,8133.715647660567,7954.952666393301,8133.715647660567,83645900,81148390.0
2023-05-03,7977.296875,8089.023721988796,7932.606136204482,8089.023721988796,83728800,81148390.0
2023-05-04,8044.33203125,8066.677398003472,7932.60519748264,7977.295930989584,67565000,81148390.0
2023-05-05,8044.33203125,8089.022764756944,7999.641297743056,8044.33203125,64815100,81148390.0
2023-05-08,8044.33203125,8111.368131510417,7999.641297743056,8044.33203125,84754500,81148390.0
2023-05-09,7977.296875,8021.987613795519,7954.951505602241,7999.642244397759,40929600,81148390.0
2023-05-10,7977.296875,7999.642244397759,7954.951505602241,7977.296875,45322600,81148390.0
2023-05-11,7887.91552734375,7954.951636641289,7865.570157577904,7954.951636641289,81993900,81148390.0
2023-05-12,7865.5703125,7932.606423117898,7798.534201882102,7820.879572088068,96525600,81148390.0
2023-05-15,7843.224609375,7932.606086404914,7798.533870860042,7932.606086404914,64830300,81148390.0
2023-05-16,7776.18896484375,7887.915817786908,7776.18896484375,7865.570447198276,49497000,81148390.0
2023-05-17,7843.224609375,7910.260717147436,7820.879240117521,7843.224609374999,69996100,81148390.0
2023-05-19,8044.33203125,8044.33203125,7887.914463975695,7954.950564236112,123592500,81148390.0
2023-05-22,8044.33203125,8111.368131510417,7977.295930989584,8044.33203125,91000000,81148390.0
2023-05-23,8156.0595703125,8178.404938998287,8066.678095569348,8089.023464255137,102980500,81148390.0
2023-05-24,8066.67919921875,8223.096801419668,8066.67919921875,8223.096801419668,77392900,81148390.0
2023-05-25,8089.02490234375,8178.406392977383,8089.02490234375,8133.715647660567,76325700,81148390.0
2023-05-26,8178.404296875,8223.095030737704,8133.713563012295,8200.749663806353,55675900,81148390.0
2023-05-29,8178.404296875,8267.78576460041,8111.368196080943,8267.78576460041,79148200,81148390.0
2023-05-30,8267.7861328125,8334.822236592061,8178.40466110642,8223.09539695946,97189500,81148390.0
2023-05-31,8089.02490234375,8334.82400158624,8089.02490234375,8312.47862892783,722827900,81148390.0
2023-06-05,8223.0966796875,8334.82353674847,8133.715194038722,8178.405936863111,163535600,81148390.0
2023-06-06,8178.404296875,8223.095030737704,8089.0228291495905,8089.0228291495905,74872200,81148390.0
2023-06-07,8133.71533203125,8200.751447405135,8111.369960239956,8156.060703822545,87492200,81148390.0
2023-06-08,8156.0595703125,8156.059570312499,8111.368832940924,8111.368832940924,53188400,81148390.0
2023-06-09,8133.71533203125,8200.751447405135,8133.71533203125,8200.751447405135,44632400,81148390.0
2023-06-12,8178.404296875,8178.404296875,8133.713563012295,8178.404296875,38082300,81148390.0
2023-06-13,8178.404296875,8200.749663806353,8133.713563012295,8200.749663806353,45552600,81148390.0
2023-06-14,8111.36865234375,8156.0593887203,8089.023284155475,8133.714020532026,72223700,81148390.0
2023-06-15,8089.02490234375,8133.715647660567,8089.02490234375,8133.715647660567,59073000,81148390.0
2023-06-16,8089.02490234375,8133.715647660567,8021.988784368526,8133.715647660567,112769400,81148390.0
2023-06-19,8044.33203125,8089.022764756944,8044.33203125,8044.33203125,32330600,81148390.0
2023-06-20,8089.02490234375,8089.02490234375,7999.643411710118,8066.6795296853425,54990100,81148390.0
2023-06-21,8156.0595703125,8156.059570312499,8044.332726883561,8089.023464255137,42676300,81148390.0
2023-06-22,8089.02490234375,8178.406392977383,8089.02490234375,8156.061020318974,48291100,81148390.0
2023-06-23,8089.02490234375,8178.406392977383,8066.6795296853425,8066.6795296853425,47813500,81148390.0
2023-06-26,8111.36865234375,8156.0593887203,8066.6779159672,8066.6779159672,36389900,81148390.0
2023-06-27,8178.404296875,8178.404296875,8089.0228291495905,8089.0228291495905,36225100,81148390.0
2023-07-03,8111.36865234375,8111.36865234375,8066.6779159672,8066.6779159672,108855900,81148390.0
2023-07-04,8089.02490234375,8178.406392977383,8089.02490234375,8178.406392977383,35049300,81148390.0
2023-07-05,8089.02490234375,8111.370275002158,8066.6795296853425,8089.02490234375,44609200,81148390.0
2023-07-06,8111.36865234375,8133.714020532026,8066.6779159672,8089.023284155475,52532400,81148390.0
2023-07-07,8066.67919921875,8133.715314447714,8066.67919921875,8066.67919921875,37641300,81148390.0
2023-07-10,8089.02490234375,8133.715647660567,8089.02490234375,8133.715647660567,28981500,81148390.0
2023-07-11,8066.67919921875,8133.715314447714,8066.67919921875,8133.715314447714,43703500,81148390.0
2023-07-12,8200.7509765625,8200.7509765625,8089.024124020776,8111.369494529121,61566500,81148390.0
2023-07-13,8156.0595703125,8245.44104505565,8156.059570312499,8223.095676369863,65230900,81148390.0
2023-07-14,8223.0966796875,8223.0966796875,8156.060565450917,8200.751308275305,55554500,81148390.0
2023-07-17,8200.7509765625,8267.787088087534,8200.7509765625,8223.096347070845,62550100,81148390.0
2023-07-18,8178.404296875,8267.78576460041,8133.713563012295,8223.095030737704,52924600,81148390.0
2023-07-20,8178.404296875,8245.440397669057,8156.058929943648,8223.095030737704,83476600,81148390.0
2023-07-21,8178.404296875,8200.749663806353,8156.058929943648,8178.404296875,42667800,81148390.0
2023-07-24,8133.71533203125,8223.09681919643,8133.71533203125,8223.09681919643,62061200,81148390.0
2023-07-25,8178.404296875,8312.476498463115,8178.404296875,8200.749663806353,122802700,81148390.0
2023-07-26,8357.16796875,8357.16796875,8156.05964864639,8200.750386447193,113868700,81148390.0
2023-07-27,8245.4404296875,8401.857998814363,8245.4404296875,8401.857998814363,77848400,81148390.0
2023-07-28,8156.0595703125,8245.44104505565,8156.059570312499,8223.095676369863,74510200,81148390.0
2023-07-31,8156.0595703125,8223.095676369863,8133.714201626712,8200.750307684075,80868000,81148390.0
2023-08-01,8156.0595703125,8200.750307684075,8133.714201626712,8200.750307684075,49756400,317089560.0
2023-08-02,8223.0966796875,8223.0966796875,8156.060565450917,8156.060565450917,60629900,317089560.0
2023-08-03,8267.7861328125,8312.47686866554,8178.40466110642,8178.40466110642,64596100,317089560.0
2023-08-04,8178.404296875,8290.131131531762,8156.058929943648,8267.78576460041,52675900,317089560.0
2023-08-07,8290.130859375,8290.130859375,8178.404028386119,8178.404028386119,55589300,317089560.0
2023-08-08,8223.0966796875,8312.478165336277,8223.0966796875,8290.132793924082,43373400,317089560.0
2023-08-09,8401.859375,8401.859375,8267.787150930852,8290.132521609043,77056800,317089560.0
2023-08-10,8401.859375,8424.204745678191,8357.168633643618,8401.859375,76738100,317089560.0
2023-08-11,8401.859375,8446.550116356382,8379.514004321809,8424.204745678191,68898600,317089560.0
2023-08-14,8357.16796875,8357.16796875,8245.441124247995,8334.822599849598,75495400,317089560.0
2023-08-15,8312.4765625,8379.512663810483,8312.4765625,8334.821929603495,59303700,317089560.0
2023-08-16,8312.4765625,8334.821929603495,8267.78582829301,8290.131195396505,53440000,317089560.0
2023-08-18,8267.7861328125,8357.167604518581,8267.7861328125,8267.7861328125,79328900,317089560.0
2023-08-21,8200.7509765625,8267.787088087534,8200.7509765625,8245.44171757919,73573000,317089560.0
2023-08-22,8312.4765625,8334.821929603495,8178.404359879032,8178.404359879032,65664600,317089560.0
2023-08-23,8312.4765625,8334.821929603495,8290.131195396505,8312.4765625,63749800,317089560.0
2023-08-24,8223.0966796875,8334.82353674847,8223.0966796875,8267.787422511889,53725900,317089560.0
2023-08-25,8290.130859375,8290.130859375,8200.749394583896,8223.09476078167,50379000,317089560.0
2023-08-28,8223.0966796875,8267.787422511889,8223.0966796875,8267.787422511889,44423100,317089560.0
2023-08-29,8267.7861328125,8312.47686866554,8223.09539695946,8290.13150073902,45428500,317089560.0
2023-08-30,8223.0966796875,8312.478165336277,8223.0966796875,8312.478165336277,56227000,317089560.0
2023-08-31,8200.7509765625,8245.44171757919,8133.714865037466,8223.096347070845,136107200,317089560.0
2023-09-01,8245.4404296875,8290.131163723747,8200.749695651253,8223.095062669376,42152700,317089560.0
2023-09-04,8245.4404296875,8290.131163723747,8200.749695651253,8245.4404296875,40610600,317089560.0
2023-09-05,8245.4404296875,8267.785796705622,8223.095062669376,8267.785796705622,42007200,317089560.0
2023-09-06,8178.404296875,8267.78576460041,8178.404296875,8223.095030737704,49318400,317089560.0
2023-09-07,8200.7509765625,8200.7509765625,8133.714865037466,8156.06023554581,61405200,317089560.0
2023-09-08,8156.0595703125,8178.404938998287,8089.023464255137,8133.714201626712,80732300,317089560.0
2023-09-11,8156.0595703125,8156.059570312499,8111.368832940924,8111.368832940924,53155900,317089560.0
2023-09-12,8133.71533203125,8156.060703822545,8111.369960239956,8133.71533203125,66479000,317089560.0
2023-09-13,8111.36865234375,8111.36865234375,8044.332547778926,8089.023284155475,69490200,317089560.0
2023-09-14,8133.71533203125,8156.060703822545,8044.333844866072,8044.333844866072,112757900,317089560.0
2023-09-15,8044.33203125,8133.713498263889,8044.33203125,8089.022764756944,121005300,317089560.0
2023-09-18,8044.33203125,8111.368131510417,8044.33203125,8089.022764756944,34272200,317089560.0
2023-09-19,8111.36865234375,8111.36865234375,8021.987179590651,8044.332547778926,33325800,317089560.0
2023-09-20,8178.404296875,8200.749663806353,8111.368196080943,8156.058929943648,54305500,317089560.0
2023-09-21,8156.0595703125,8178.404938998287,8111.368832940924,8156.059570312499,40607000,317089560.0
2023-09-22,8111.36865234375,8178.404756908575,8111.36865234375,8156.0593887203,42445300,317089560.0
2023-09-25,8044.33203125,8111.368131510417,8044.33203125,8111.368131510417,56132200,317089560.0
2023-09-26,7999.642578125,8066.678689114874,7999.642578125,8044.333318784916,73544700,317089560.0
2023-09-27,7932.60693359375,8044.33379181338,7932.60693359375,7954.952305237676,84345000,317089560.0
2023-09-29,7887.91552734375,7954.951636641289,7887.91552734375,7887.91552734375,118960000,317089560.0
2023-10-02,8111.36865234375,8133.714020532026,7932.605706837552,7954.951075025827,93663000,317089560.0
2023-10-03,8223.0966796875,8223.0966796875,8066.679079802139,8111.369822626528,98380200,317089560.0
2023-10-04,8223.0966796875,8267.787422511889,8156.060565450917,8223.0966796875,112582800,317089560.0
2023-10-05,8111.36865234375,8223.095493285124,8111.36865234375,8223.095493285124,72855700,317089560.0
2023-10-06,8066.67919921875,8133.715314447714,8066.67919921875,8133.715314447714,53344400,317089560.0
2023-10-09,8089.02490234375,8156.061020318974,8066.6795296853425,8066.6795296853425,43774500,317089560.0
2023-10-10,7977.296875,8044.332983193278,7977.296875,8044.332983193278,71966100,317089560.0
2023-10-11,7977.296875,8066.678352591037,7977.296875,7977.296875,84305800,317089560.0
2023-10-12,8089.02490234375,8133.715647660567,8044.334157026934,8044.334157026934,71064500,317089560.0
2023-10-13,8111.36865234375,8156.0593887203,8066.6779159672,8133.714020532026,62941800,317089560.0
2023-10-16,8133.71533203125,8156.060703822545,8089.024588448661,8156.060703822545,29429200,317089560.0
2023-10-17,7999.642578125,8111.369429774791,7999.642578125,8089.024059444832,59606000,317089560.0
2023-10-18,7910.26025390625,7999.641725701801,7910.26025390625,7977.2963577529135,50919200,317089560.0
2023-10-19,7820.87939453125,7910.260873325893,7820.87939453125,7887.915503627232,89509700,317089560.0
2023-10-20,8021.9873046875,8066.678041760968,7798.53361932016,7798.53361932016,64554500,317089560.0
2023-10-23,7910.26025390625,7977.2963577529135,7910.26025390625,7932.6056218551375,50633500,317089560.0
2023-10-24,7843.224609375,7932.606086404914,7843.224609374999,7843.224609374999,76963200,317089560.0
2023-10-25,7932.60693359375,7977.297676881602,7887.916190305898,7887.916190305898,54748400,317089560.0
2023-10-26,7798.53466796875,7999.64301184187,7798.53466796875,7977.297640300412,63199400,317089560.0
2023-10-27,7776.18896484375,7865.570447198276,7776.18896484375,7798.534335432381,52450700,317089560.0
2023-10-30,7910.26025390625,7910.26025390625,7776.188046212924,7776.188046212924,51958200,317089560.0
2023-10-31,7820.87939453125,7887.915503627232,7798.534024832589,7865.5701339285715,64907600,317089560.0
2023-11-01,7686.806640625,7843.224217614462,7686.806640625,7820.87884947311,67027600,441527230.0
2023-11-02,7910.26025390625,7954.950989804025,7798.533414161811,7798.533414161811,56050900,441527230.0
2023-11-03,7954.95166015625,7999.642399820049,7910.260920492451,7977.297029988149,60414100,441527230.0
2023-11-06,8089.02490234375,8089.02490234375,7999.643411710118,8021.988784368526,84994200,441527230.0
2023-11-07,8021.9873046875,8066.678041760968,7954.951199077298,8044.332673224234,60648200,441527230.0
2023-11-08,8044.33203125,8044.33203125,7954.950564236112,7999.641297743056,31829300,441527230.0
2023-11-09,8044.33203125,8089.022764756944,7954.950564236112,7954.950564236112,46076800,441527230.0
2023-11-10,7887.91552734375,8044.333115704674,7887.91552734375,7999.642376172982,50754600,441527230.0
2023-11-13,7932.60693359375,7977.297676881602,7910.261561949824,7932.60693359375,20827700,441527230.0
2023-11-14,7977.296875,7999.642244397759,7932.606136204482,7954.951505602241,37195700,441527230.0
2023-11-15,8089.02490234375,8089.02490234375,7999.643411710118,8021.988784368526,84977900,441527230.0
2023-11-16,8111.36865234375,8111.36865234375,7999.641811402376,8089.023284155475,48714300,441527230.0
2023-11-17,8111.36865234375,8111.36865234375,8021.987179590651,8066.6779159672,57050500,441527230.0
2023-11-20,7932.60693359375,8066.679163457306,7932.60693359375,8021.988420169454,49216000,441527230.0
2023-11-21,7843.224609375,7954.951455662393,7843.224609374999,7887.915347889957,107614800,441527230.0
2023-11-22,7932.60693359375,7932.60693359375,7843.225447018046,7843.225447018046,40364800,441527230.0
2023-11-23,7977.296875,8021.987613795519,7910.260766806723,7910.260766806723,55542100,441527230.0
2023-11-24,7977.296875,8021.987613795519,7954.951505602241,7977.296875,43631900,441527230.0
2023-11-27,7932.60693359375,7999.643048525529,7932.60693359375,7954.952305237676,35679000,441527230.0
2023-11-28,7932.60693359375,7999.643048525529,7910.261561949824,7932.60693359375,69070600,441527230.0
2023-11-29,7954.95166015625,7999.642399820049,7954.95166015625,7954.95166015625,54715600,441527230.0
2023-11-30,8021.9873046875,8021.9873046875,7954.951199077298,7977.296567614032,205312100,441527230.0
2023-12-01,7999.642578125,8021.987948454958,7954.951837465083,7977.297207795042,80566400,441527230.0
2023-12-04,8015.35791015625,8105.165841922707,8015.35791015625,8037.809893097864,54747400,441527230.0
2023-12-05,7992.90625,8037.810217696629,7925.550298455057,8037.810217696629,94363900,441527230.0
2023-12-06,7903.09912109375,8037.811037930575,7903.09912109375,7948.003093372692,81852800,441527230.0
2023-12-07,7925.55029296875,7925.55029296875,7835.74235763766,7858.194341470432,91322500,441527230.0
2023-12-08,7858.19384765625,7948.00177734375,7858.19384765625,7903.0978125,43891600,441527230.0
2023-12-11,7858.19384765625,7880.645830078125,7790.837900390625,7790.837900390625,78642800,441527230.0
2023-12-12,7813.291015625,7858.194986979167,7813.291015625,7813.291015625,87589300,441527230.0
2023-12-13,7790.8388671875,7858.194822811599,7790.8388671875,7813.290852395533,51560500,441527230.0
2023-12-14,8127.61767578125,8127.61767578125,7858.193885423861,7880.645867953643,115332800,441527230.0
2023-12-15,8284.7822265625,8284.7822265625,8150.070320439533,8194.974289147189,275013500,441527230.0
2023-12-18,8262.3291015625,8284.781082816746,8217.425139054008,8262.3291015625,111712200,441527230.0
2023-12-19,8307.234375,8307.234375,8194.974451013513,8194.974451013513,65174500,441527230.0
2023-12-20,8352.1376953125,8352.1376953125,8284.781746156754,8307.233729208669,72938100,441527230.0
2023-12-21,8374.5908203125,8374.5908203125,8307.234861972185,8352.138834199062,88116700,441527230.0
2023-12-22,8374.5908203125,8397.042806425938,8329.686848085623,8329.686848085623,64449600,441527230.0
2023-12-27,8419.4931640625,8441.945145833333,8374.589200520833,8419.4931640625,64464700,441527230.0
2023-12-28,8441.9462890625,8464.398273873836,8374.59033462849,8374.59033462849,70184600,441527230.0
2023-12-29,8441.9462890625,8486.850258685174,8397.042319439828,8464.398273873836,79903400,441527230.0
2024-01-02,8464.3984375,8464.3984375,8397.042481763927,8441.946452254642,30545200,441527230.0
2024-01-03,8397.04296875,8464.39892839238,8374.59098220254,8464.39892839238,34603300,441527230.0
2024-01-04,8509.3017578125,8509.3017578125,8419.493823693107,8441.945807222955,56501800,441527230.0
2024-01-05,8599.1103515625,8621.56233681462,8509.302410554013,8531.754395806136,85290100,441527230.0
2024-01-08,8599.1103515625,8644.014322066743,8509.302410554013,8621.56233681462,50896000,441527230.0
2024-01-09,8644.015625,8644.015625,8599.111647727274,8621.563636363637,59848600,441527230.0
2024-01-10,8576.658203125,8666.466142424737,8576.658203125,8666.466142424737,52774900,441527230.0
2024-01-11,8599.1103515625,8666.466307318864,8599.1103515625,8644.014322066743,39381500,441527230.0
2024-01-12,8711.3701171875,8711.3701171875,8621.56217783505,8666.466147511275,68253400,441527230.0
2024-01-15,8733.822265625,8756.274250883676,8666.466309848973,8756.274250883676,88399500,441527230.0
2024-01-16,8711.3701171875,8756.274086863725,8688.918132349389,8711.3701171875,44869200,441527230.0
2024-01-17,8756.2724609375,8756.2724609375,8666.464538261218,8756.2724609375,107706100,441527230.0
2024-01-18,8688.9169921875,8756.272937863372,8644.013028403586,8688.9169921875,71048900,441527230.0
2024-01-19,8644.015625,8778.727556818183,8621.563636363637,8778.727556818183,63176500,441527230.0
2024-01-22,8644.015625,8666.467613636363,8554.207670454545,8621.563636363637,52868300,441527230.0
2024-01-23,8621.560546875,8621.560546875,8486.848663330078,8486.848663330078,92348600,441527230.0
2024-01-24,8554.2060546875,8621.562007874016,8509.30208589649,8621.562007874016,84906000,441527230.0
2024-01-25,8531.75390625,8599.109858141446,8486.849938322368,8486.849938322368,63212700,441527230.0
2024-01-26,8397.04296875,8486.85091493984,8352.13899565508,8441.946941844919,78977300,441527230.0
2024-01-29,8576.658203125,8576.658203125,8419.494309350457,8441.946294175392,73452800,441527230.0
2024-01-30,8666.4658203125,8666.4658203125,8509.301932379372,8531.753916369818,73136400,441527230.0
2024-01-31,8576.658203125,8711.370112074606,8576.658203125,8711.370112074606,102581200,441527230.0
2024-02-01,8711.3701171875,8733.822102025611,8599.110192996939,8666.466147511275,104208700,441527230.0
2024-02-02,8711.3701171875,8801.178056539948,8644.014162673164,8778.726071701836,99324000,441527230.0
2024-02-05,8599.1103515625,8688.918292570985,8554.206381058257,8688.918292570985,57983300,441527230.0
2024-02-06,8644.015625,8756.275568181818,8644.015625,8756.275568181818,87651000,441527230.0
2024-02-07,8711.3701171875,8733.822102025611,8666.466147511275,8711.3701171875,92953500,441527230.0
2024-02-12,8801.1787109375,8801.1787109375,8711.370764907526,8756.274737922513,87949400,441527230.0
2024-02-13,8733.822265625,8801.178221401029,8711.370280366324,8756.274250883676,66072400,441527230.0
2024-02-15,8846.0830078125,8958.342944459866,8846.0830078125,8935.890957130394,164748900,441527230.0
2024-02-16,8935.8896484375,8980.7936165201,8868.5336963136,8958.341632478801,142277200,441527230.0
2024-02-19,8868.533203125,8958.341134295886,8823.629237539557,8890.985185917722,53341300,441527230.0
2024-02-20,9003.24609375,9003.24609375,8846.082196851621,8846.082196851621,63997700,441527230.0
2024-02-21,8958.3408203125,8980.792802318296,8846.080910283521,8935.888838306704,75371600,441527230.0
2024-02-22,8868.533203125,8958.341134295886,8868.533203125,8958.341134295886,66913000,441527230.0
2024-02-23,8823.62890625,8913.436834048982,8801.176924300255,8890.984852099236,55192300,441527230.0
2024-02-26,8801.1787109375,8868.534670459981,8733.82275141502,8756.274737922513,41356000,441527230.0
2024-02-27,8868.533203125,8890.985185917722,8756.273289161392,8756.273289161392,43735800,441527230.0
2024-02-28,8980.794921875,8980.794921875,8890.98697265625,8958.342934570313,54043100,441527230.0
2024-02-29,8868.533203125,8980.793117088608,8846.081220332278,8980.793117088608,126671200,441527230.0
2024-03-01,8823.62890625,8913.436834048982,8801.176924300255,8890.984852099236,51520600,441527230.0
2024-03-04,8756.2724609375,8823.62840294471,8756.2724609375,8801.176422275641,43822900,441527230.0
2024-03-05,8801.1787109375,8890.986656967474,8778.726724430007,8890.986656967474,61952900,441527230.0
2024-03-06,8935.8896484375,8980.7936165201,8778.725760148398,8890.9856803549,70242200,441527230.0
2024-03-07,9093.0537109375,9137.9576798804,8980.793788580248,9025.697757523149,118369300,441527230.0
2024-03-08,9115.505859375,9250.217768626848,9093.053874499692,9205.313798876232,100947200,441527230.0
2024-03-13,8980.794921875,9340.02671875,8980.794921875,9340.02671875,141622600,441527230.0
2024-03-14,9272.669921875,9272.669921875,9003.246098479116,9025.698083762109,110681100,441527230.0
2024-03-15,9115.505859375,9250.217768626848,9025.697919873768,9160.409829125616,154176800,441527230.0
2024-03-18,9115.505859375,9227.76578375154,9115.505859375,9137.957844250308,62444100,441527230.0
2024-03-19,9137.95703125,9205.312979883292,9115.505048372235,9115.505048372235,55004800,441527230.0
2024-03-20,9093.0537109375,9115.50569540895,9048.1497419946,9070.60172646605,66269700,441527230.0
2024-03-21,9093.0537109375,9182.861648823302,9025.697757523149,9137.9576798804,90279400,441527230.0
2024-03-22,9070.6015625,9093.053546565594,8935.889658106436,8980.793626237624,91968200,441527230.0
2024-03-25,9256.654296875,9256.654296875,9118.838103869415,9256.654296875,66971000,441527230.0
2024-03-26,9233.68359375,9233.68359375,9141.80614505597,9233.68359375,65742700,441527230.0
2024-03-27,9256.654296875,9256.654296875,9187.746200372208,9210.71556587314,39514100,441527230.0
2024-03-28,9256.654296875,9279.62366237593,9164.776834871278,9210.71556587314,79229700,441527230.0
2024-04-01,9049.9296875,9279.623334390864,9026.960322810914,9256.653969701776,79248700,172148680.0
2024-04-02,9095.8681640625,9141.806892163826,9003.990707859848,9118.837528113165,76763100,172148680.0
2024-04-03,8751.328125,9003.991141732284,8751.328125,8958.052411417322,177418400,172148680.0
2024-04-04,9049.9296875,9049.9296875,8797.266675920051,8797.266675920051,75993500,172148680.0
2024-04-05,9026.9599609375,9141.806779778944,9026.9599609375,9141.806779778944,70428600,172148680.0
2024-04-16,8705.388671875,8797.26612487632,8498.664402622033,8590.54185562335,283265900,172148680.0
2024-04-17,8751.328125,8889.144315944883,8751.328125,8774.29749015748,95620700,172148680.0
2024-04-18,8705.388671875,8797.26612487632,8682.41930862467,8751.32739837566,127134000,172148680.0
2024-04-19,8705.388671875,8728.35803512533,8544.603129122692,8590.54185562335,147784300,172148680.0
2024-04-22,8590.5419921875,8659.450083033924,8590.5419921875,8636.48071941845,128908000,172148680.0
2024-04-23,8935.0830078125,8981.021737929788,8636.481262050129,8636.481262050129,178833000,172148680.0
2024-04-24,9141.806640625,9141.806640625,8958.051733275754,9026.95982353172,132832700,172148680.0
2024-04-25,8981.0224609375,9187.746763107418,8912.114360214195,9187.746763107418,104874100,172148680.0
2024-04-26,8843.205078125,9026.959988839286,8843.205078125,8912.113169642857,100932900,172148680.0
2024-04-29,9003.9912109375,9049.92994160555,8751.328192263234,8751.328192263234,90063500,172148680.0
2024-04-30,9003.9912109375,9233.684864277742,9003.9912109375,9233.684864277742,109623000,172148680.0
2024-05-02,8774.296875,9095.867964659688,8728.35814790576,9095.867964659688,97079400,172148680.0
2024-05-03,9049.9296875,9049.9296875,8889.144134676395,8958.052228743654,81200400,172148680.0
2024-05-06,9003.9912109375,9072.899306939573,8981.021845603476,9049.92994160555,53076200,172148680.0
2024-05-07,8912.1142578125,8958.052991100194,8843.20615788096,8912.1142578125,66746800,172148680.0
2024-05-08,8613.51171875,8912.113458333333,8613.51171875,8820.235999999999,112808900,172148680.0
2024-05-13,8751.328125,8751.328125,8452.726377952757,8452.726377952757,145469900,172148680.0
2024-05-14,8774.296875,8889.143692735603,8751.32751145288,8843.204965641362,95363500,172148680.0
2024-05-15,8728.3583984375,8820.235855263158,8659.450305818256,8728.3583984375,54741900,172148680.0
2024-05-16,8820.236328125,8889.144424438477,8751.328231811523,8797.266962687174,61126000,172148680.0
2024-05-17,8958.0517578125,9049.92921173878,8797.266213441506,8820.235576923076,99848500,172148680.0
2024-05-20,8705.388671875,9003.990394129289,8705.388671875,8912.112941127969,87890100,172148680.0
2024-05-21,8613.51171875,8797.266635416667,8613.51171875,8682.4198125,75311400,172148680.0
2024-05-22,8659.451171875,8797.267370896883,8567.573705860412,8705.389904882295,121712700,172148680.0
2024-05-27,8544.603515625,8613.511608492943,8521.634151335686,8544.603515625,128578500,172148680.0
2024-05-28,8544.603515625,8636.480972782258,8544.603515625,8544.603515625,73945700,172148680.0
2024-05-29,8406.787109375,8567.57265518272,8406.787109375,8521.633927809085,117351600,172148680.0
2024-05-30,8268.970703125,8498.664333767361,8062.246435546876,8268.970703125,207115100,172148680.0
2024-05-31,8498.6650390625,8498.6650390625,8291.940754328547,8360.848849239865,756431600,172148680.0
2024-06-03,8521.6337890625,8590.54187900101,8475.695062436826,8590.54187900101,72197700,172148680.0
2024-06-04,8590.5419921875,8751.327537495823,8590.5419921875,8751.327537495823,75353100,172148680.0
2024-06-05,8682.4189453125,8728.357669890873,8544.60277157738,8728.357669890873,82087300,172148680.0
2024-06-06,8705.388671875,8751.32739837566,8682.41930862467,8751.32739837566,44991300,172148680.0
2024-06-07,8567.5732421875,8728.358799011394,8567.5732421875,8728.358799011394,51599800,172148680.0
2024-06-10,8751.328125,8751.328125,8682.420029527559,8728.35875984252,45584700,172148680.0
2024-06-11,8544.603515625,8774.297158518146,8544.603515625,8774.297158518146,68690900,172148680.0
2024-06-12,8498.6650390625,8567.573133973818,8498.6650390625,8544.603769003379,49785700,172148680.0
2024-06-13,8452.7265625,8705.389584748642,8452.7265625,8705.389584748642,84652200,172148680.0
2024-06-14,8452.7265625,8498.665293817934,8360.84909986413,8452.7265625,52986300,172148680.0
2024-06-19,8314.91015625,8498.66507683011,8314.91015625,8498.66507683011,100051000,172148680.0
2024-06-20,8659.451171875,8659.451171875,8360.849407327587,8406.78814033488,81474800,172148680.0
2024-06-21,8820.236328125,8889.144424438477,8636.481404622396,8705.389500935873,166841200,172148680.0
2024-06-24,8820.236328125,8958.052520751953,8797.266962687174,8820.236328125,79592300,172148680.0
2024-06-25,8820.236328125,8820.236328125,8682.420135498047,8820.236328125,80029000,172148680.0
2024-06-26,8728.3583984375,8866.174583675987,8682.419670024672,8751.327762643916,77913200,172148680.0
2024-06-27,8958.0517578125,8958.0517578125,8774.296849959936,8797.266213441506,89150700,172148680.0
2024-06-28,9118.837890625,9164.776620552582,8981.021700842253,9003.991065806045,166172300,172148680.0
2024-07-01,9072.8984375,9095.86780063291,9026.959711234176,9049.929074367088,68634600,313960330.0
2024-07-02,9095.8681640625,9187.745620265152,9049.929435961174,9187.745620265152,78848500,313960330.0
2024-07-03,9187.7470703125,9187.7470703125,9118.838967285155,9164.777702636718,55860200,313960330.0
2024-07-04,9026.9599609375,9187.745507315522,9026.9599609375,9164.776143547231,67054000,313960330.0
2024-07-05,9141.806640625,9164.776004043655,9072.898550369033,9118.837277206345,36946900,313960330.0
2024-07-08,9233.68359375,9233.68359375,9141.80614505597,9187.744869402984,72903600,313960330.0
2024-07-09,9256.654296875,9325.562393377792,9256.654296875,9279.62366237593,61853200,313960330.0
2024-07-10,9279.6240234375,9394.470855410736,9233.685290648204,9348.532122621442,62325900,313960330.0
2024-07-11,9256.654296875,9302.59302787686,9187.746200372208,9187.746200372208,55908400,313960330.0
2024-07-12,9256.654296875,9279.62366237593,9210.71556587314,9233.68493137407,62646500,313960330.0
2024-07-15,9233.68359375,9256.652955923508,9141.80614505597,9233.68359375,36682600,313960330.0
2024-07-16,9141.806640625,9210.714730880967,9141.806640625,9164.776004043655,37192700,313960330.0
2024-07-17,9003.9912109375,9141.807402941646,9003.9912109375,9095.868672273598,90666000,313960330.0
2024-07-18,9279.6240234375,9279.6240234375,9003.991626701732,9003.991626701732,65383200,313960330.0
2024-07-19,9302.591796875,9302.591796875,9164.77562210648,9233.68370949074,53880300,313960330.0
2024-07-22,9279.6240234375,9325.562756226796,9279.6240234375,9302.593389832147,31285300,313960330.0
2024-07-23,9348.5322265625,9371.50159321253,9302.59349326244,9371.50159321253,39321100,313960330.0
2024-07-24,9256.654296875,9348.531758878722,9256.654296875,9302.59302787686,24658000,313960330.0
2024-07-25,9463.37890625,9463.37890625,9371.501441140776,9394.470807418082,98088100,313960330.0
2024-07-26,9486.34765625,9555.255750605327,9463.378291464893,9532.286385820218,75565800,313960330.0
2024-07-29,9417.439453125,9578.22500476372,9348.531359565548,9555.255640243902,69092500,313960330.0
2024-07-30,9348.5322265625,9463.379059812652,9348.5322265625,9463.379059812652,32122900,313960330.0
2024-07-31,9440.408203125,9509.316292198906,9394.46947707573,9509.316292198906,82519900,313960330.0
2024-08-01,9532.287109375,9532.287109375,9371.501543674698,9371.501543674698,61176200,359906850.0
2024-08-02,9371.5009765625,9509.317167394302,9371.5009765625,9440.409071978402,55699900,359906850.0
2024-08-05,9072.8984375,9325.561431962024,9072.8984375,9187.745253164556,126328300,359906850.0
2024-08-06,9187.7470703125,9256.655173339845,9141.808334960935,9256.655173339845,78473900,359906850.0
2024-08-07,9279.6240234375,9279.6240234375,9187.74655785891,9187.74655785891,52327400,359906850.0
2024-08-08,9394.4697265625,9394.4697265625,9256.653544754738,9325.56163565862,54162100,359906850.0
2024-08-09,9325.5625,9417.439963054188,9279.623768472906,9394.47059729064,47062400,359906850.0
2024-08-12,9371.5009765625,9371.5009765625,9256.654150869332,9279.623516007969,40364100,359906850.0
2024-08-13,9463.37890625,9463.37890625,9348.532074863471,9417.440173695388,55207100,359906850.0
2024-08-14,9371.5009765625,9463.378437117037,9371.5009765625,9463.378437117037,47999100,359906850.0
2024-08-15,9394.4697265625,9463.377817466382,9348.530999293249,9371.500362927873,33396600,359906850.0
2024-08-16,9486.34765625,9486.34765625,9417.439561894673,9463.378291464893,40731400,359906850.0
2024-08-19,9532.287109375,9578.225842432228,9440.409643260542,9486.34837631777,51054400,359906850.0
2024-08-20,9578.224609375,9601.193972946645,9463.377791516788,9486.34715508843,60304400,359906850.0
2024-08-21,9578.224609375,9647.13270008993,9578.224609375,9647.13270008993,84848800,359906850.0
2024-08-22,9486.34765625,9555.255750605327,9394.470197109564,9509.317021035107,56611600,359906850.0
2024-08-23,9486.34765625,9532.286385820218,9463.378291464893,9486.34765625,46651600,359906850.0
2024-08-26,9486.34765625,9532.286385820218,9417.439561894673,9440.408926679782,35145600,359906850.0
2024-08-27,9371.5009765625,9463.378437117037,9348.531611423869,9440.409071978402,60448400,359906850.0
2024-08-28,9509.31640625,9509.31640625,9417.438953049515,9463.37767964976,38489900,359906850.0
2024-08-29,9394.4697265625,9647.1327265434,9394.4697265625,9647.1327265434,53004700,359906850.0
2024-08-30,9486.34765625,9486.34765625,9371.500832324456,9486.34765625,158403700,359906850.0
2024-09-02,9440.408203125,9532.28565522354,9371.500114051096,9532.28565522354,72008600,359906850.0
2024-09-03,9348.5322265625,9486.348426462684,9325.562859912468,9486.348426462684,50950200,359906850.0
2024-09-04,9463.37890625,9463.37890625,9302.59334230886,9325.562708586163,44817000,359906850.0
2024-09-05,9417.439453125,9509.316911204269,9417.439453125,9509.316911204269,39332900,359906850.0
2024-09-06,9463.37890625,9463.37890625,9394.470807418082,9394.470807418082,31541800,359906850.0
2024-09-09,9440.408203125,9509.316292198906,9371.500114051096,9463.377566149637,36185100,359906850.0
2024-09-10,9509.31640625,9509.31640625,9440.408316349638,9509.31640625,55093100,359906850.0
2024-09-11,9578.224609375,9578.224609375,9509.316518660073,9578.224609375,64621300,359906850.0
2024-09-12,9624.1640625,9647.133427804296,9532.286601282816,9601.194697195704,70759100,359906850.0
2024-09-13,9578.224609375,9578.224609375,9486.34715508843,9555.255245803355,70057100,359906850.0
2024-09-17,9647.1328125,9647.1328125,9509.316629464283,9601.194084821427,89745000,359906850.0
2024-09-18,9761.9794921875,9761.9794921875,9601.193947610294,9647.132674632352,65420200,359906850.0
2024-09-19,10014.642578125,10014.642578125,9784.94894101204,9830.887668434632,140886600,359906850.0
2024-09-20,9899.796875,10014.64370649652,9899.796875,10014.64370649652,142194600,359906850.0
2024-09-23,10060.58203125,10060.58203125,9853.857742936643,9853.857742936643,72553800,359906850.0
2024-09-24,9922.7646484375,10060.580824110242,9899.795285825376,9899.795285825376,105191100,359906850.0
2024-09-25,9968.7041015625,9968.7041015625,9670.102365801413,9807.9185515373,158369100,359906850.0
2024-09-26,9830.8876953125,9991.67324173116,9807.918331538403,9991.67324173116,84960100,359906850.0
2024-09-27,9784.94921875,9876.826676203053,9555.255575117371,9647.133032570422,93027400,359906850.0
2024-09-30,9486.34765625,9693.07193931598,9486.34765625,9624.163844960654,144692100,359906850.0
2024-10-01,9693.072265625,9693.072265625,9532.286706716528,9555.256072274882,59797700,462260270.0
2024-10-02,9647.1328125,9693.071540178573,9486.347265625,9486.347265625,86746200,462260270.0
2024-10-03,9601.1943359375,9670.102429257626,9555.255607057416,9601.1943359375,60887000,462260270.0
2024-10-04,9624.1640625,9624.1640625,9509.31723597852,9555.255966587112,58500400,462260270.0
2024-10-07,9463.37890625,9532.287005081917,9417.440173695388,9509.317638804612,91867900,462260270.0
2024-10-08,9555.255859375,9647.1333195613,9325.562208909254,9371.500939002404,99622900,462260270.0
2024-10-09,9578.224609375,9670.10206366157,9555.255245803355,9555.255245803355,56835200,462260270.0
2024-10-10,9647.1328125,9647.1328125,9555.255357142858,9578.224720982143,51080000,462260270.0
2024-10-11,9532.287109375,9716.042041603916,9532.287109375,9716.042041603916,44632100,462260270.0
2024-10-14,9647.1328125,9647.1328125,9532.28599330357,9532.28599330357,31738600,462260270.0
2024-10-15,9761.9794921875,9761.9794921875,9601.193947610294,9693.071401654412,66635200,462260270.0
2024-10-16,9624.1640625,9853.85771554296,9624.1640625,9830.888350238663,63255900,462260270.0
2024-10-17,9853.857421875,9922.765515734263,9647.133140297205,9693.071869536714,66993300,462260270.0
2024-10-18,9876.8271484375,9991.673975744912,9853.857782976018,9991.673975744912,56299600,462260270.0
2024-10-21,9807.9189453125,9968.704501793032,9807.9189453125,9968.704501793032,36472500,462260270.0
2024-10-22,9647.1328125,9739.010267857142,9624.163448660714,9624.163448660714,94799500,462260270.0
2024-10-23,9784.94921875,9784.94921875,9624.16366820716,9624.16366820716,48903000,462260270.0
2024-10-24,9830.8876953125,9968.703877957068,9830.8876953125,9853.857059086597,85341200,462260270.0
2024-10-25,9876.8271484375,9876.8271484375,9761.980321130088,9784.94968659157,34847500,462260270.0
2024-10-28,9739.009765625,9945.734029517984,9739.009765625,9945.734029517984,39061500,462260270.0
2024-10-29,9647.1328125,9716.040904017857,9647.1328125,9670.102176339286,49680100,462260270.0
2024-10-30,9509.31640625,9555.25513285024,9440.408316349638,9440.408316349638,114484100,462260270.0
2024-10-31,9417.439453125,9624.163733803354,9417.439453125,9486.347546684452,97553400,462260270.0
2024-11-01,9578.224609375,9578.224609375,9440.408427945144,9440.408427945144,47710000,504728520.0
2024-11-04,9532.287109375,9647.133942018072,9463.379009789156,9578.225842432228,49275700,504728520.0
2024-11-05,9647.1328125,9716.040904017857,9463.377901785714,9463.377901785714,50296500,504728520.0
2024-11-06,9601.1943359375,9647.133064817584,9532.286242617374,9624.163700377543,50324900,504728520.0
2024-11-07,9348.5322265625,9601.195259712838,9348.5322265625,9486.348426462684,131579100,504728520.0
2024-11-08,9256.654296875,9394.470489880585,9233.68493137407,9371.501124379653,92166100,504728520.0
2024-11-11,9233.68359375,9233.68359375,9003.989972014926,9003.989972014926,128707600,504728520.0
2024-11-12,9325.5625,9394.47059729064,9187.74630541872,9279.623768472906,80378500,504728520.0
2024-11-13,9325.5625,9417.439963054188,9325.5625,9394.47059729064,62933100,504728520.0
2024-11-14,9279.6240234375,9348.532122621442,9233.685290648204,9302.593389832147,56381400,504728520.0
2024-11-15,9348.5322265625,9440.409693162625,9233.685393312346,9233.685393312346,63598200,504728520.0
2024-11-18,9187.7470703125,9302.593908691406,9187.7470703125,9256.655173339845,65716200,504728520.0
2024-11-19,9118.837890625,9210.715350480164,9095.868525661208,9095.868525661208,85295300,504728520.0
2024-11-20,9256.654296875,9325.562393377792,9187.746200372208,9210.71556587314,58584400,504728520.0
2024-11-21,9095.06640625,9233.569955583756,9095.06640625,9233.569955583756,93181200,504728520.0
2024-11-22,9095.06640625,9187.402105805835,9095.06640625,9164.318180916878,58396100,504728520.0
2024-11-25,9395.158203125,9418.242129914004,9141.235008445943,9187.402862023955,165369400,504728520.0
2024-11-26,9233.5712890625,9464.410571289063,9233.5712890625,9464.410571289063,62310100,504728520.0
2024-11-28,9233.5712890625,9302.82307373047,9164.31950439453,9210.487360839845,57443500,504728520.0
2024-11-29,9233.5712890625,9325.907001953125,9187.403432617188,9233.5712890625,76886000,504728520.0
2024-12-02,9002.73046875,9279.737560096157,9002.73046875,9233.56971153846,87879600,504728520.0
2024-12-03,9418.2421875,9441.326114430149,9141.235064338236,9256.65469898897,126087100,504728520.0
2024-12-04,9418.2421875,9464.410041360294,9279.738625919115,9395.158260569851,97876300,504728520.0
2024-12-05,9464.4091796875,9556.744879001524,9441.325254858994,9464.4091796875,96904400,504728520.0
2024-12-06,9302.822265625,9395.157970494727,9279.738339407568,9325.90619184243,68247200,504728520.0
2024-12-09,9556.7451171875,9556.7451171875,9233.570161533817,9256.654086937651,64458400,504728520.0
2024-12-10,9556.7451171875,9556.7451171875,9487.493340975996,9533.661191783664,61230400,504728520.0
2024-12-11,9625.99609375,9625.99609375,9441.324705860312,9441.324705860312,37934300,504728520.0
2024-12-12,9395.158203125,9579.82961743704,9395.158203125,9510.577837070025,44780100,504728520.0
2024-12-13,9279.7373046875,9441.324770192008,9256.653381044,9348.989075618005,75126400,504728520.0
2024-12-16,9325.90625,9348.990176361389,9233.570544554455,9233.570544554455,57746100,504728520.0
2024-12-17,9141.234375,9279.737926136364,9141.234375,9187.402225378788,99845900,504728520.0
2024-12-18,9048.8994140625,9256.65475775271,9048.8994140625,9141.23512236926,84868500,504728520.0
2024-12-19,8933.478515625,9025.81421087694,8818.058896560078,8956.562439437985,104254100,504728520.0
2024-12-20,8910.39453125,9002.730225874351,8887.310607593912,8910.39453125,91576900,504728520.0
2024-12-23,9025.8154296875,9095.06721047794,8956.56364889706,8956.56364889706,43292100,504728520.0
2024-12-24,9002.73046875,9141.234014423077,9002.73046875,9095.066165865384,32415700,504728520.0
2024-12-27,9048.8994140625,9071.98334113919,8979.64763283243,9048.8994140625,24016700,504728520.0
2024-12-30,8933.478515625,9071.982058502908,8933.478515625,9048.898134689924,56350100,504728520.0
2025-01-02,9141.234375,9141.234375,8910.39512310606,8910.39512310606,38124800,504728520.0
2025-01-03,9095.06640625,9164.318180916878,9071.98248136104,9095.06640625,41916000,504728520.0
2025-01-06,8933.478515625,9118.149906128876,8910.394591812015,9095.065982315891,41593900,504728520.0
2025-01-07,8794.9755859375,8979.646989316765,8794.9755859375,8933.479138471948,71318600,504728520.0
2025-01-08,8933.478515625,9025.81421087694,8841.142820373063,8933.478515625,55943100,504728520.0
2025-01-09,9095.06640625,9118.15033113896,8979.646781805202,9002.730706694161,42733800,504728520.0
2025-01-10,8979.6474609375,9164.318874015906,8979.6474609375,9048.899240841904,72531300,504728520.0
2025-01-13,8933.478515625,8979.64636325097,8887.31066799903,8887.31066799903,88270100,504728520.0
2025-01-14,8794.9755859375,8979.646989316765,8794.9755859375,8864.227362204725,70942600,504728520.0
2025-01-15,9048.8994140625,9048.8994140625,8818.0601432956,8841.14407037229,77098000,504728520.0
2025-01-16,9002.73046875,9164.317938701925,9002.73046875,9095.066165865384,76979000,504728520.0
2025-01-17,9141.234375,9141.234375,8910.39512310606,9002.730823863636,71033100,504728520.0
2025-01-20,8887.3115234375,9118.150783786528,8887.3115234375,9095.066857751624,112111200,504728520.0
2025-01-21,8841.1435546875,8933.479257608518,8818.059628957246,8864.227480417754,124547900,504728520.0
2025-01-22,8864.2275390625,8933.479316711426,8841.143613179524,8910.39539082845,90154800,504728520.0
2025-01-23,8864.2275390625,9002.731094360352,8864.2275390625,8864.2275390625,120515400,504728520.0
2025-01-24,8633.3876953125,8910.394787140709,8633.3876953125,8887.31086282169,152057000,504728520.0
2025-01-30,8448.716796875,8564.136425247609,8448.716796875,8448.716796875,154645800,504728520.0
2025-01-31,8725.72265625,8771.890500992064,8517.967354910714,8541.051277281746,112982800,504728520.0
2025-02-03,8633.3876953125,8679.555543950535,8517.968073717413,8679.555543950535,90439900,504728520.0
2025-02-04,8471.80078125,8679.556113760218,8471.80078125,8633.388262091281,94607700,504728520.0
2025-02-05,8425.6328125,8471.800663527398,8402.548886986302,8402.548886986302,98229900,504728520.0
2025-02-06,8264.0458984375,8402.549460981145,8171.71019007507,8379.465533890538,171477800,504728520.0
2025-02-07,8633.3876953125,8633.3876953125,8148.625284613135,8264.044906208223,131162200,504728520.0
2025-02-10,8448.716796875,8541.052499573087,8333.297168502391,8333.297168502391,76209100,504728520.0
2025-02-11,8379.4638671875,8402.54778968664,8310.212099690083,8333.29602218922,71188300,504728520.0
2025-02-12,8448.716796875,8448.716796875,8264.045391478825,8264.045391478825,121172600,504728520.0
2025-02-13,8310.212890625,8448.716438802083,8310.212890625,8402.548589409722,90439700,504728520.0
2025-02-14,8287.12890625,8379.464604369778,8264.044981720055,8310.212830779943,116274500,504728520.0
2025-02-17,8610.3046875,8610.3046875,8287.129712634049,8287.129712634049,89096400,504728520.0
2025-02-18,8587.2197265625,8841.142890519994,8541.051878570228,8610.303650558635,107318300,504728520.0
2025-02-19,8264.0458984375,8541.05302352479,8264.0458984375,8517.969096434183,154438200,504728520.0
2025-02-20,8310.212890625,8333.29681532118,8264.045041232639,8287.12896592882,119260800,504728520.0
2025-02-21,8310.212890625,8310.212890625,8240.961116536459,8264.045041232639,106054700,504728520.0
2025-02-24,8240.9609375,8287.128785889356,8194.793089110644,8240.9609375,108530300,504728520.0
2025-02-25,8148.6259765625,8310.213460516998,8148.6259765625,8217.877755400143,101592700,504728520.0
2025-02-26,8102.45751953125,8217.877142316596,8056.289670417112,8125.541444088319,117843500,504728520.0
2025-02-27,7871.6181640625,8125.541330645161,7848.534239827713,8125.541330645161,199991600,504728520.0
2025-02-28,7779.28271484375,8010.121964542378,7779.28271484375,7871.618414723201,293095000,504728520.0
2025-03-03,8125.54150390625,8217.877202814276,7894.702256636186,7940.8701060901985,192944300,504728520.0
2025-03-04,8171.70849609375,8240.9602630098,8010.121039956303,8217.87634070445,125418500,504728520.0
2025-03-05,8310.212890625,8471.800363498263,8148.625417751736,8148.625417751736,155207900,504728520.0
2025-03-06,8287.12890625,8494.884227019498,8287.12890625,8494.884227019498,96270100,504728520.0
2025-03-07,8240.9609375,8310.212710084033,8240.9609375,8310.212710084033,82295300,504728520.0
2025-03-10,8240.9609375,8287.128785889356,8056.289543942577,8079.373468137255,97652100,504728520.0
2025-03-11,8240.9609375,8356.38055847339,8194.793089110644,8264.044861694678,109295600,504728520.0
2025-03-12,8425.6328125,8425.6328125,8287.129259417808,8333.297110445206,87968900,504728520.0
2025-03-13,8287.12890625,8471.800302489553,8287.12890625,8448.71637795961,83030700,504728520.0
2025-03-14,8079.37353515625,8240.961005859375,8079.37353515625,8125.541383928571,111397800,504728520.0
2025-03-17,7940.87060546875,8102.458088719568,7894.702753111374,8079.374162540879,151365700,504728520.0
2025-03-18,7663.86328125,7894.702536709337,7456.107951336596,7848.534685617469,417305700,504728520.0
2025-03-19,7686.94677734375,7756.198550112613,7594.6110803186,7663.862853087463,214108200,504728520.0
2025-03-20,7733.11474609375,7825.450444554571,7710.030821478545,7802.366519939365,152917300,504728520.0
2025-03-21,7518.96728515625,7875.880289198478,7518.96728515625,7875.880289198478,377916400,504728520.0
2025-03-24,7566.55517578125,7709.320367777123,7257.230593123526,7447.584182451356,331836800,504728520.0
2025-03-25,7661.732421875,7756.909222146739,7614.14402173913,7685.526621942934,136341700,504728520.0
2025-03-26,8113.82177734375,8232.792771146444,7875.879789738362,7899.6739884989,283104600,504728520.0
2025-03-27,8090.02783203125,8161.410430549173,7971.056834501379,8018.645233513327,122943900,504728520.0
2025-04-08,7399.99609375,7614.143890675242,6924.112100582798,7043.083098874598,533073600,504728520.0
2025-04-09,7542.76123046875,7566.555429933951,7304.819235816739,7328.61343528194,136753900,504728520.0
2025-04-10,7828.2919921875,8232.79340211816,7780.703591019187,8090.028198613222,144148600,504728520.0
2025-04-11,7875.8798828125,7923.46828089596,7661.732091436934,7804.497285687311,82603000,504728520.0
2025-04-14,7994.85107421875,7994.85107421875,7852.085876464844,7852.085876464844,83319300,504728520.0
2025-04-15,8161.41064453125,8185.204844661078,8042.439643882106,8161.41064453125,83431800,504728520.0
2025-04-16,8066.2333984375,8137.615994883849,8018.6450008066,8090.02759725295,76874900,504728520.0
2025-04-17,8090.02783203125,8090.02783203125,7947.262634995404,8042.439433019302,83540600,504728520.0
2025-04-21,7899.673828125,8090.02741434488,7899.673828125,8090.02741434488,40683800,504728520.0
2025-04-22,8090.02783203125,8090.02783203125,7923.46843548943,7923.46843548943,56537100,504728520.0
2025-04-23,8304.17578125,8304.17578125,8137.616381626074,8137.616381626074,92329600,504728520.0
2025-04-24,8066.2333984375,8423.146380669248,8066.2333984375,8423.146380669248,143675300,504728520.0
2025-04-25,8185.20458984375,8232.792988621912,8161.41039045467,8232.792988621912,58297000,504728520.0
2025-04-28,8351.763671875,8351.763671875,8232.792679398148,8327.96947337963,73235400,504728520.0
2025-04-29,8304.17578125,8399.3525810351,8280.381581303725,8375.558381088826,60315700,504728520.0
2025-04-30,8399.3525390625,8494.52933837199,8256.587340098265,8375.558339235127,164597500,504728520.0
2025-05-02,8542.1171875,8565.911385793872,8423.14619603064,8565.911385793872,92219000,504728520.0
2025-05-05,8542.1171875,8613.499782381616,8542.1171875,8565.911385793872,86385600,504728520.0
2025-05-06,8589.7060546875,8613.500254284972,8542.117655492555,8613.500254284972,48860500,504728520.0
2025-05-07,8637.2939453125,8661.088143508952,8565.91135072314,8637.2939453125,77382000,504728520.0
2025-05-08,8542.1171875,8756.264972144847,8494.528790912256,8637.293980675488,99614500,504728520.0
2025-05-09,8565.9111328125,8613.49952799479,8542.116935221355,8613.49952799479,47167500,504728520.0
2025-05-14,8827.6474609375,8851.441658945418,8708.67647089791,8803.853262929582,149002900,504728520.0
2025-05-15,8827.6474609375,8946.618450977088,8803.853262929582,8827.6474609375,101401300,504728520.0
2025-05-16,8851.44140625,8875.235603578629,8780.058814264114,8851.44140625,63007500,504728520.0
2025-05-19,9041.7958984375,9041.7958984375,8803.853901110197,8827.648100842927,111597200,504728520.0
2025-05-20,9018.001953125,9208.35555635719,9018.001953125,9041.796153529023,160614800,504728520.0
2025-05-21,9232.1494140625,9255.943613583278,9089.384216937822,9232.1494140625,169739200,504728520.0
2025-05-22,9184.560546875,9327.325736722798,9184.560546875,9327.325736722798,103113000,504728520.0
2025-05-23,9208.3544921875,9232.148689841732,9160.766096879035,9208.3544921875,48521800,504728520.0
2025-05-26,9160.767578125,9184.561779626623,9041.796570616883,9136.973376623377,56625300,504728520.0
2025-05-27,8994.20703125,9136.972222222224,8994.20703125,9089.383825231482,93212000,504728520.0
2025-05-28,8946.619140625,9089.384339677526,8946.619140625,8994.207540309175,236950800,504728520.0
2025-06-02,8661.0888671875,8732.471467741243,8589.706266633757,8589.706266633757,264428700,504728520.0
2025-06-03,8613.5,8684.882596685084,8518.323204419888,8613.5,128318100,504728520.0
2025-06-04,8542.1171875,8684.882377263231,8518.322989206128,8661.08817896936,93357200,504728520.0
2025-06-05,8494.5283203125,8613.499305190826,8470.734123336835,8565.910911239496,95529000,504728520.0
2025-06-10,8661.0888671875,8661.0888671875,8518.323666080014,8542.117866264594,80406400,504728520.0
2025-06-11,8613.5,8684.882596685084,8613.5,8661.088397790056,56632600,504728520.0
2025-06-12,8684.8828125,8684.8828125,8565.911815068494,8565.911815068494,41337300,504728520.0
2025-06-13,8589.7060546875,8684.88285307739,8542.117655492555,8661.088653479917,83318000,504728520.0
2025-06-16,8494.5283203125,8565.910911239496,8470.734123336835,8494.5283203125,57825000,504728520.0
2025-06-17,8637.2939453125,8661.088143508952,8542.117152526687,8542.117152526687,54927900,504728520.0
2025-06-18,8470.7353515625,8589.706353691186,8470.7353515625,8518.323752413975,86270200,504728520.0
2025-06-19,8351.763671875,8494.528862847223,8327.96947337963,8470.734664351852,78879500,504728520.0
2025-06-20,8280.3818359375,8446.941240683369,8208.999233903556,8280.3818359375,445915100,504728520.0
2025-06-23,8208.9990234375,8280.381623641304,8090.028023097826,8161.41062330163,87324500,504728520.0
2025-06-24,8351.763671875,8423.146267361111,8280.381076388889,8304.17527488426,110158900,504728520.0
2025-06-25,8185.20458984375,8351.763985567315,8066.233592898347,8304.175586789153,117561000,504728520.0
2025-06-26,8232.79296875,8232.79296875,8113.821972091762,8113.821972091762,117281700,504728520.0
2025-06-30,8256.5869140625,8399.352105660122,8137.615921064482,8161.410119664085,185441800,504728520.0
2025-07-01,8280.3818359375,8351.764437971444,8185.205033225575,8327.970237293463,82364500,347075910.0
2025-07-02,8256.5869140625,8256.5869140625,8161.410119664085,8161.410119664085,68545100,347075910.0
2025-07-03,8185.20458984375,8327.969786178235,8185.20458984375,8280.381387400073,50370800,347075910.0
2025-07-04,8232.79296875,8280.381367413294,8137.61617142341,8232.79296875,43593300,347075910.0
2025-07-07,8208.9990234375,8232.793223505434,8137.616423233695,8208.9990234375,49936900,347075910.0
2025-07-08,8090.02783203125,8185.204630055147,8018.645233513327,8137.616231043198,215611000,347075910.0
2025-07-09,8090.02783203125,8137.616231043198,8042.439433019302,8090.02783203125,94459300,347075910.0
2025-07-10,8185.20458984375,8232.792988621912,8090.0277922874275,8113.821991676508,111769400,347075910.0
2025-07-11,8208.9990234375,8256.58742357337,8161.41062330163,8161.41062330163,135986500,347075910.0
2025-07-14,8113.82177734375,8256.586969906983,8042.439181062134,8232.792771146444,125196000,347075910.0
2025-07-15,8137.6162109375,8185.204609831871,8066.233612595944,8185.204609831871,77219300,347075910.0
2025-07-16,8113.82177734375,8185.204373625366,8090.027578583211,8137.615976104289,97475300,347075910.0
2025-07-17,8113.82177734375,8137.615976104289,8090.027578583211,8090.027578583211,86016400,347075910.0
2025-07-18,8018.6455078125,8161.410709732011,8018.6455078125,8137.6165094120925,80432200,347075910.0
2025-07-21,8042.43896484375,8090.027361085429,7971.056370481231,8042.43896484375,95383500,347075910.0
2025-07-22,7994.85107421875,8066.233673095703,7994.85107421875,8042.439473470052,77981700,347075910.0
2025-07-23,8018.6455078125,8090.028108772256,7994.851307492582,8042.439708132419,70969500,347075910.0
2025-07-24,8090.02783203125,8137.616231043198,8042.439433019302,8066.233632525275,138256800,347075910.0
2025-07-25,8042.43896484375,8113.821559206268,8042.43896484375,8090.027361085429,58682800,347075910.0
2025-07-28,8090.02783203125,8208.998829561122,8066.233632525275,8208.998829561122,99484300,347075910.0
2025-07-29,7994.85107421875,8090.027872721354,7971.056874593099,8090.027872721354,104240300,347075910.0
2025-07-30,7971.056640625,8066.233436333955,7923.468242770522,8066.233436333955,98098100,347075910.0
2025-07-31,7875.8798828125,7971.056678979418,7852.085683770771,7947.262479937689,206006300,347075910.0
2025-08-01,7899.673828125,8018.644819512425,7899.673828125,7994.85062123494,86196100,390586140.0
2025-08-04,7875.8798828125,7947.262479937689,7875.8798828125,7923.46828089596,49054500,390586140.0
2025-08-05,8018.6455078125,8042.439708132419,7923.468706532827,7947.262906852745,69475900,390586140.0
2025-08-06,7899.673828125,8018.644819512425,7899.673828125,8018.644819512425,56325400,390586140.0
2025-08-07,7899.673828125,7947.26222467997,7899.673828125,7923.468026402485,43621300,390586140.0
2025-08-08,7899.673828125,7994.85062123494,7899.673828125,7923.468026402485,68378700,390586140.0
2025-08-11,8137.6162109375,8137.6162109375,8018.645213701572,8090.027812043129,128561300,390586140.0
2025-08-12,8423.146484375,8446.940683483404,8161.410294182557,8208.998692399364,171015700,390586140.0
2025-08-13,8494.5283203125,8542.11671426383,8304.174744507178,8542.11671426383,129083900,390586140.0
2025-08-14,8351.763671875,8518.323061342593,8327.96947337963,8494.528862847223,122930900,390586140.0
2025-08-15,8280.3818359375,8423.147040005388,8280.3818359375,8399.352839327406,68754200,390586140.0
2025-08-19,8090.02783203125,8185.204630055147,8042.439433019302,8185.204630055147,128591700,390586140.0
2025-08-20,8113.82177734375,8185.204373625366,7947.262386019978,7971.056584780517,202260200,390586140.0
2025-08-21,8137.6162109375,8161.410410384686,8090.027812043129,8137.6162109375,69470200,390586140.0
2025-08-22,8042.43896484375,8161.409955447947,8042.43896484375,8161.409955447947,66394100,390586140.0
2025-08-25,8066.2333984375,8137.615994883849,8066.2333984375,8113.8217960684,64052700,390586140.0
2025-08-26,7852.0859375,8066.233735795454,7852.0859375,8042.439535984848,326794200,390586140.0
2025-08-27,7899.673828125,7947.26222467997,7804.497035015061,7852.08543157003,111915700,390586140.0
2025-08-28,7923.46826171875,7971.056659687031,7875.87986375047,7947.262460702891,81281400,390586140.0
2025-08-29,7685.52685546875,7875.880461796149,7685.52685546875,7852.086261005224,236499300,390586140.0
2025-09-01,7614.14404296875,7661.732443237304,7233.436840820313,7281.025241088867,421127500,390586140.0
2025-09-02,7614.14404296875,7780.703443908691,7614.14404296875,7614.14404296875,155531500,390586140.0
2025-09-03,7590.349609375,7614.143808777429,7518.967011167711,7518.967011167711,212372700,390586140.0
2025-09-04,7614.14404296875,7614.14404296875,7542.761442565918,7590.349842834473,103534800,390586140.0
2025-09-08,7328.61376953125,7637.938376686789,7328.61376953125,7637.938376686789,321191900,390586140.0
2025-09-09,7162.05419921875,7352.407799197987,7114.465799223942,7257.230999208368,595368700,390586140.0
2025-09-10,7423.7900390625,7423.7900390625,7185.84805063101,7185.84805063101,246849600,390586140.0
2025-09-11,7471.37890625,7590.349907941879,7471.37890625,7518.967306926751,235173400,390586140.0
2025-09-12,7542.76123046875,7590.349629399152,7471.378632073147,7590.349629399152,156084700,390586140.0
2025-09-15,7637.93798828125,7709.32058630257,7590.34958960037,7614.14378894081,142567700,390586140.0
2025-09-16,7542.76123046875,7685.526427259957,7518.967031003549,7661.732227794756,129312900,390586140.0
2025-09-17,7471.37890625,7518.967306926751,7423.790505573248,7471.37890625,183725900,390586140.0
2025-09-18,7328.61376953125,7518.967373934659,7281.025368430398,7471.378972833807,275378700,390586140.0
2025-09-19,7423.7900390625,7447.584237905649,7281.024846003606,7281.024846003606,149025300,390586140.0
2025-09-22,7352.4072265625,7447.584019139361,7352.4072265625,7423.789820995146,92588800,390586140.0
2025-09-23,7495.1728515625,7518.96705109127,7376.201853918651,7376.201853918651,102606200,390586140.0
2025-09-24,7399.99609375,7566.555491358521,7352.40769443328,7566.555491358521,150428400,390586140.0
2025-09-25,7328.61376953125,7399.996371182528,7328.61376953125,7352.4079700816765,147986600,390586140.0
2025-09-26,7257.23095703125,7328.613556608607,7209.642557313013,7209.642557313013,121657700,390586140.0
2025-09-29,7399.99609375,7423.79029340836,7328.61349477492,7376.20189409164,116454700,390586140.0
2025-09-30,7257.23095703125,7399.996156185964,7257.23095703125,7328.613556608607,170666700,390586140.0
2025-10-01,7138.259765625,7304.81916015625,7138.259765625,7233.4365625,202433400,482567930.0
2025-10-02,7138.259765625,7233.4365625,7138.259765625,7138.259765625,126952400,482567930.0
2025-10-03,7162.05419921875,7185.848399216155,7138.259999221345,7162.05419921875,76787500,482567930.0
2025-10-06,7138.259765625,7185.8481640625005,7090.6713671875,7138.259765625,104032400,482567930.0
2025-10-07,7209.64208984375,7233.436288160066,7138.259494894802,7185.847891527434,74282600,482567930.0
2025-10-08,7019.28857421875,7162.053765558792,7019.28857421875,7138.259567002118,168080800,482567930.0
2025-10-09,7185.84814453125,7328.613339455712,6947.90615299048,7019.288750452711,293567400,482567930.0
2025-10-10,7043.0830078125,7090.671406513936,6995.494609111064,7090.671406513936,107426000,482567930.0
2025-10-13,6971.70068359375,7019.289084164356,6947.906483308448,6947.906483308448,101847900,482567930.0
2025-10-14,6900.31787109375,6995.494669315733,6900.31787109375,6924.112070649246,151862300,482567930.0
2025-10-15,6900.31787109375,6995.494669315733,6876.523671538254,6900.31787109375,133206400,482567930.0
2025-10-16,6947.90625,6971.700449486301,6876.523651541096,6900.317851027397,120611200,482567930.0
2025-10-17,7138.259765625,7162.05396484375,6924.11197265625,6947.906171875,157334400,482567930.0
2025-10-20,7495.1728515625,7614.143849206349,7257.230856274801,7328.613454861111,393421800,482567930.0
2025-10-21,8066.2333984375,8066.2333984375,7709.320416205752,7709.320416205752,529802600,482567930.0
2025-10-22,7804.49755859375,8280.381556068978,7804.49755859375,8280.381556068978,392957200,482567930.0
2025-10-23,7923.46826171875,7947.262460702891,7756.908868829768,7804.497266798048,187003900,482567930.0
2025-10-24,7875.8798828125,7971.056678979418,7875.8798828125,7899.674081854229,133355100,482567930.0
2025-10-27,7947.2626953125,8018.645294372193,7804.497497193114,7923.468495625935,182275600,482567930.0
2025-10-28,7875.8798828125,7994.850878021149,7852.085683770771,7947.262479937689,180270000,482567930.0
2025-10-29,8185.20458984375,8185.20458984375,7875.879997785702,7899.674197174782,239156800,482567930.0
2025-10-30,8113.82177734375,8327.9695661886,8066.233379822673,8161.410174864828,259009800,482567930.0
2025-10-31,8113.82177734375,8232.792771146444,8113.82177734375,8137.615976104289,177088000,482567930.0
2025-11-03,8232.79296875,8232.79296875,8113.821972091762,8232.79296875,115007100,482567930.0
2025-11-04,8232.79296875,8280.381367413294,8208.998769418353,8232.79296875,155231500,482567930.0
2025-11-05,8280.3818359375,8280.3818359375,8185.205033225575,8208.999233903556,125731500,482567930.0
2025-11-06,8137.6162109375,8256.587208173429,8137.6162109375,8208.998809279057,89756900,482567930.0
2025-11-07,8256.5869140625,8256.5869140625,8137.615921064482,8137.615921064482,75241900,482567930.0
2025-11-10,8161.41064453125,8256.587445050565,8161.41064453125,8256.587445050565,79897700,482567930.0
2025-11-11,7994.85107421875,8185.204671223958,7994.85107421875,8161.410471598308,130897600,482567930.0
2025-11-12,8090.02783203125,8137.616231043198,7994.851034007353,8018.645233513327,85415600,482567930.0
2025-11-13,7971.056640625,8066.233436333955,7971.056640625,7994.8508395522385,104113800,482567930.0
2025-11-14,8018.6455078125,8090.028108772256,7971.057107172664,7971.057107172664,89815300,482567930.0
2025-11-17,8161.41064453125,8161.41064453125,8066.233844011935,8090.0280441417635,129411100,482567930.0
2025-11-18,7994.85107421875,8161.410471598308,7994.85107421875,8137.616271972656,119377900,482567930.0
2025-11-19,8066.2333984375,8090.02759725295,7923.468205544801,7947.262404360251,114209700,482567930.0
2025-11-20,8018.6455078125,8185.204910051929,7994.851307492582,8066.233908452337,124087400,482567930.0
2025-11-21,7994.85107421875,8018.645273844401,7947.262674967448,7971.056874593099,103917100,482567930.0
2025-11-24,8066.2333984375,8066.2333984375,7947.262404360251,7994.850801991151,279590600,482567930.0
2025-11-25,8090.02783203125,8090.02783203125,7971.056834501379,8066.233632525275,98807700,482567930.0
2025-11-26,8018.6455078125,8042.439708132419,7971.057107172664,7994.851307492582,77094400,482567930.0
2025-11-27,7923.46826171875,8042.439256639453,7923.46826171875,8018.645057655312,71051300,482567930.0
2025-11-28,7875.8798828125,7947.262479937689,7875.8798828125,7923.46828089596,67559300,482567930.0
2025-12-01,7994.85107421875,8042.439473470052,7947.262674967448,8042.439473470052,76359200,482567930.0
2025-12-02,7971.056640625,8018.645038479477,7947.262441697761,7947.262441697761,97044000,482567930.0
2025-12-03,7951.8955078125,8047.701477786145,7951.8955078125,7999.798492799322,103550900,482567930.0
2025-12-04,7880.04150390625,7999.798973570479,7880.04150390625,7975.847479637633,71410400,482567930.0
2025-12-05,7951.8955078125,7951.8955078125,7856.089537838855,7856.089537838855,71162300,482567930.0
2025-12-08,7951.8955078125,7999.798492799322,7903.992522825678,7999.798492799322,61745200,482567930.0
2025-12-09,7760.28369140625,7951.895634403935,7760.28369140625,7951.895634403935,113057200,482567930.0
2025-12-10,7736.33251953125,7832.138495005321,7688.429531794214,7760.284013399768,143418300,482567930.0
2025-12-11,7664.47802734375,7856.089978027344,7568.6720520019535,7832.138484191895,140766000,482567930.0
2025-12-12,7664.47802734375,7664.47802734375,7520.769064331055,7568.6720520019535,100006800,482567930.0
2025-12-15,7951.8955078125,7951.8955078125,7592.623120411333,7592.623120411333,143105700,482567930.0
2025-12-16,7736.33251953125,8023.750445953463,7688.429531794214,8023.750445953463,122332000,482567930.0
2025-12-17,7688.42919921875,7784.235170548579,7640.526213553836,7664.477706386293,89802700,482567930.0
2025-12-18,7832.13818359375,7903.992662342316,7688.429226096617,7688.429226096617,88497200,482567930.0
2025-12-19,7712.380859375,7880.041312839674,7712.380859375,7856.089819487577,131069800,482567930.0
2025-12-22,7832.13818359375,7832.13818359375,7688.429226096617,7712.380719012805,72424200,482567930.0
2025-12-23,7688.42919921875,7784.235170548579,7640.526213553836,7760.283677716122,85044100,482567930.0
2025-12-24,7688.42919921875,7736.332184883665,7664.477706386293,7688.42919921875,71260500,482567930.0
2025-12-29,7688.42919921875,7688.42919921875,7616.574720721379,7688.42919921875,78399400,482567930.0
2025-12-30,7736.33251953125,7832.138495005321,7616.57505018866,7616.57505018866,101995600,482567930.0
2026-01-02,7688.42919921875,7736.332184883665,7664.477706386293,7736.332184883665,68612400,482567930.0
2026-01-05,7736.33251953125,7760.284013399768,7664.478037925696,7664.478037925696,73408800,482567930.0
2026-01-06,7832.13818359375,7832.13818359375,7736.332211928995,7832.13818359375,97624300,482567930.0
2026-01-07,7808.18701171875,7832.138505619728,7688.429542213861,7784.235517817772,93152500,482567930.0
2026-01-08,7712.380859375,7808.186832783385,7712.380859375,7760.283846079193,79823700,482567930.0
2026-01-09,7784.2353515625,7832.138338341346,7712.380871394231,7784.2353515625,79484700,482567930.0
2026-01-12,7688.42919921875,7760.283677716122,7664.477706386293,7736.332184883665,82935700,482567930.0
2026-01-13,7736.33251953125,7736.33251953125,7664.478037925696,7688.429531794214,80536300,482567930.0
2026-01-14,7664.47802734375,7712.381015014649,7616.575039672852,7688.4295211792,105724300,482567930.0
2026-01-15,7736.33251953125,7832.138495005321,7640.526544057178,7664.478037925696,151753100,482567930.0
2026-01-19,7784.2353515625,7784.2353515625,7640.526391225962,7736.332364783653,172100000,482567930.0
2026-01-20,7664.47802734375,7784.235496520996,7664.47802734375,7712.381015014649,82672500,482567930.0
2026-01-21,7377.06005859375,7616.574995561079,7377.06005859375,7592.623501864346,301825600,482567930.0
2026-01-22,7329.15673828125,7448.914201325061,7281.253753063725,7377.0597234987745,268025900,482567930.0
2026-01-23,7329.15673828125,7353.108230890012,7233.350767846201,7281.253753063725,202878600,482567930.0
2026-01-26,7329.15673828125,7353.108230890012,7209.399275237439,7233.350767846201,213044100,482567930.0
2026-01-27,7185.44775390625,7305.205216471354,7185.44775390625,7257.302231445313,259830900,482567930.0
2026-01-28,6730.36962890625,7089.642029025801,6634.5636555410365,6754.321122247554,1027287500,482567930.0
2026-01-29,6898.0302734375,6969.884755452474,6107.630971272786,6395.048899332683,1432993400,482567930.0
2026-01-30,7089.64208984375,7281.254038217905,6898.030141469595,6898.030141469595,528434900,482567930.0
2026-02-02,7281.25390625,7281.25390625,7017.787482010691,7281.25390625,326948700,482567930.0
2026-02-03,7329.15673828125,7329.15673828125,7065.6903195848645,7281.253753063725,206015400,482567930.0
2026-02-04,7472.86572265625,7496.817215357071,7281.25378104968,7329.156766451322,193370800,482567930.0
2026-02-05,7472.86572265625,7592.623186160356,7472.86572265625,7472.86572265625,142332400,482567930.0
2026-02-06,7353.1083984375,7448.914371055578,7281.253918973941,7377.059891592019,176352600,482567930.0
2026-02-09,7185.44775390625,7401.011186523438,7137.544768880209,7353.108201497396,174758300,482567930.0
2026-02-10,7161.49658203125,7233.351062787417,7137.545088445861,7185.44807561664,127704200,482567930.0
2026-02-11,7137.544921875,7209.3994009542785,7089.641935822147,7161.496414901426,213505000,482567930.0
2026-02-12,7017.78759765625,7161.496558700405,6993.836104148891,7137.545065193046,237465300,482567930.0
2026-02-13,6898.0302734375,7017.787743462457,6898.0302734375,7017.787743462457,356015300,482567930.0
2026-02-18,6969.884765625,7065.690741784794,6921.981777545103,6921.981777545103,125301200,482567930.0
2026-02-19,6874.07861328125,7017.787573837652,6874.07861328125,7017.787573837652,133463400,482567930.0
2026-02-20,6921.9814453125,6945.932938202855,6850.126966641436,6874.078459531791,122959500,482567930.0
2026-02-23,6993.8359375,7041.738923373288,6969.884444563357,6993.8359375,100443800,482567930.0
2026-02-24,6921.9814453125,7017.787416873919,6921.9814453125,6969.88443109321,159225400,482567930.0
2026-02-25,7017.78759765625,7065.690584670968,6945.933117134172,6969.884610641531,133278000,482567930.0
2026-02-26,6993.8359375,7065.690416309932,6898.029965753425,7041.738923373288,127811900,482567930.0
2026-02-27,6874.07861328125,6969.884586985518,6874.07861328125,6898.030106707317,193104700,482567930.0
2026-03-02,6730.36962890625,6850.127095612767,6682.466642223643,6778.272615588857,156182700,482567930.0
2026-03-03,6778.2724609375,6826.175446527164,6730.369475347836,6778.2724609375,103031100,482567930.0
2026-03-04,6586.66064453125,6778.272590553977,6538.757658025568,6778.272590553977,216518700,482567930.0
2026-03-05,6802.22412109375,6826.175614477883,6658.515160788952,6682.466654173085,110256300,482567930.0
2026-03-06,6706.41796875,6802.223939732143,6706.41796875,6778.272446986607,102725700,482567930.0
2026-03-09,6586.66064453125,6658.515124289773,6538.757658025568,6610.612137784091,150426400,482567930.0
2026-03-10,6682.466796875,6754.321278561828,6634.563809083781,6658.515302979391,129977900,482567930.0
2026-03-11,6538.7578125,6706.4182692307695,6538.7578125,6682.466775412088,91723400,482567930.0
2026-03-12,6610.6123046875,6730.369773975317,6538.75782311481,6538.75782311481,98787400,482567930.0
2026-03-13,6586.66064453125,6730.369604048296,6562.709151278409,6562.709151278409,107940600,482567930.0
2026-03-16,6466.9033203125,6586.660789207176,6419.000332754629,6562.709295428241,127757500,482567930.0
2026-03-17,6490.8544921875,6538.757477369696,6466.902999596402,6466.902999596402,160903900,482567930.0
2026-03-25,6610.6123046875,6634.563798545063,6395.048859969429,6395.048859969429,314281100,482567930.0
2026-03-26,6586.66064453125,6682.466617542614,6562.709151278409,6610.612137784091,145934900,482567930.0
2026-03-27,6419.0,6562.70895522388,6419.0,6490.85447761194,283556500,482567930.0
2026-03-30,6450.0,6500.0,6350.0,6400.0,242278100,482567930.0
2026-03-31,6450.0,6550.0,6450.0,6450.0,150657800,482567930.0
2026-04-01,6500.0,6650.0,6500.0,6550.0,132798100,482567930.0
2026-04-02,6575.0,6600.0,6500.0,6550.0,72725400,482567930.0
2026-04-06,6500.0,6625.0,6450.0,6600.0,57914600,482567930.0
2026-04-07,6500.0,6525.0,6450.0,6500.0,65168700,482567930.0
2026-04-08,6750.0,6850.0,6625.0,6650.0,163594000,482567930.0
2026-04-09,6475.0,6800.0,6450.0,6775.0,182409800,482567930.0
2026-04-10,6700.0,6700.0,6475.0,6525.0,167336100,482567930.0
2026-04-13,6575.0,6700.0,6575.0,6650.0,81955300,482567930.0
2026-04-14,6750.0,6800.0,6675.0,6675.0,105010900,482567930.0
2026-04-15,6550.0,6800.0,6550.0,6775.0,104880600,482567930.0
2026-04-16,6525.0,6650.0,6500.0,6575.0,122416100,482567930.0
2026-04-17,6425.0,6550.0,6425.0,6500.0,156827000,482567930.0
2026-04-20,6475.0,6575.0,6425.0,6450.0,137435700,482567930.0
2026-04-21,6500.0,6525.0,6425.0,6475.0,112151900,482567930.0
2026-04-22,6450.0,6525.0,6450.0,6475.0,95673700,482567930.0
2026-04-23,6425.0,6550.0,6425.0,6450.0,95913400,482567930.0
2026-04-24,6075.0,6425.0,6050.0,6400.0,251605500,482567930.0
